Piau&iacute; | Todos os Munic&iacute;pios
Munic&iacute;pio [-],C&oacute;digo [-],Gent&iacute;lico [-],Prefeito [2025],&Aacute;rea Territorial - km&sup2; [2023],Popula&ccedil;&atilde;o residente - pessoas [2022],Densidade demogr&aacute;fica - hab/km&sup2; [2022],Escolariza&ccedil;&atilde;o &lt;span&gt;6 a 14 anos&lt;/span&gt; - % [2010],IDHM &lt;span&gt;&Iacute;ndice de desenvolvimento humano municipal&lt;/span&gt; [2010],Mortalidade infantil - &oacute;bitos por mil nascidos vivos [2022],Total de receitas brutas realizadas - R$ [2023],Total de despesas brutas empenhadas - R$ [2023],PIB per capita - R$ [2021],
Acau&atilde;,2200053,acau&atilde;nense,REGINALDO RAIMUNDO RODRIGUES,1280.838,6420,5.01,97.5,0.528,10.64,33330246.57,31401257.65,10332.99,
Agricol&acirc;ndia,2200103,agricolandiense,MARCOS ANTONIO CARVALHO DE SOUSA,112.392,4940,43.95,97.5,0.599,33.33,30357957.49,28523949.21,9229.59,
&Aacute;gua Branca,2200202,&aacute;gua-branquense,JOSE RIBEIRO DA CRUZ JUNIOR,96.842,17573,181.46,98.6,0.639,15.21,90822942.89,87153209.11,13921.29,
Alagoinha do Piau&iacute;,2200251,alagoinhense,PEDRO OTACILIO DE SOUSA MOURA,535.890,6819,12.72,93.6,0.531,12.05,28547125.90,28219015.51,8523.28,
Alegrete do Piau&iacute;,2200277,alegretense,MARCIO WILLIAN MAIA ALENCAR,243.732,4634,19.01,96.7,0.585,-,27751140.33,27083456.25,9791.41,
Alto Long&aacute;,2200301,longaense,BELAUTO MOREIRA TORRES,1743.331,13479,7.73,97.9,0.585,8.77,57275729.79,52669237.72,9112.43,
Altos,2200400,altoense,MAXWELL PIRES FERREIRA,957.232,47453,49.57,97.6,0.614,12.54,198875498.83,199365076.70,13219.3,
Alvorada do Gurgu&eacute;ia,2200459,alvoradense,LECIO GUSTAVO SOUSA BEZERRA,2131.506,5322,2.50,97.4,0.578,22.99,33952702.53,31259478.06,15016.43,
Amarante,2200509,amarantino,ADRIANO DA GUIA DA SILVA,1152.127,17234,14.96,97.2,0.598,31.11,89347165.76,81287405.64,10937.14,
Angical do Piau&iacute;,2200608,angicalense,BRUNO FERREIRA SOBRINHO NETO,222.008,6827,30.75,96.9,0.630,11.9,37491158.40,35191521.87,9846.26,
An&iacute;sio de Abreu,2200707,anisiense,RAMON RUBEN DE MAC&Ecirc;DO,337.877,9407,27.84,98.3,0.594,18.18,39003979.99,37037157.01,9900.44,
Ant&ocirc;nio Almeida,2200806,ant&ocirc;nio-almeidense,MARCELO TOLEDO LAURINI,644.800,3152,4.89,99.6,0.620,-,36082634.25,34112686.29,45295.91,
Aroazes,2200905,aroazense,MANOEL PORTELA DE CARVALHO NETO,821.212,5369,6.54,98.9,0.583,18.18,38930299.03,37477947.02,9847.89,
Aroeiras do Itaim,2200954,aroeirense,FRANCISCO MARCIANO MACEDO,316.235,2690,8.51,94.2,0.519,-,21395105.57,19247974.93,9652.94,
Arraial,2201002,arraialense,ALDEMES BARROSO DA SILVA,682.727,4520,6.62,97.7,0.560,21.74,36865124.46,31510481.38,10380.26,
Assun&ccedil;&atilde;o do Piau&iacute;,2201051,assun&ccedil;&atilde;oense,JOVELINO SOARES DA SILVA,1690.703,7452,4.41,97.9,0.499,38.46,44574781.75,42568865.81,8156.68,
Avelino Lopes,2201101,avelino-lopense,FL&Aacute;VIO JOS&Eacute; ALVES,1220.371,10866,8.90,97.2,0.554,6.8,57831866.88,56291295.97,8590.91,
Baixa Grande do Ribeiro,2201150,baixagrandense do ribeiro,JOS&Eacute; LUIS SOUSA,7808.915,13272,1.70,96.4,0.564,11.54,148712832.20,132371359.80,150504.56,
Barra D'Alc&acirc;ntara,2201176,barra d&rsquo;alcantarense,MARDONIO SOARES LOPES,263.943,3995,15.14,96,0.577,95.24,35981020.45,31901210.73,9856.65,
Barras,2201200,barrense,EDILSON S&Eacute;RVULO DE SOUSA,1722.507,47938,27.83,97.5,0.595,11.29,214662144.45,209929909.80,10520.51,
Barreiras do Piau&iacute;,2201309,barreirense,MANOEL AROLDO BARREIRA FILHO,2168.713,3264,1.51,98.5,0.557,-,29613000.61,25510163.49,48620.97,
Barro Duro,2201408,barro-durense,ELOI PEREIRA DE SOUSA,159.436,6640,41.65,96.9,0.612,-,41668869.44,38082461.01,12792.63,
Batalha,2201507,batalhense,JOS&Eacute; LUIZ ALVES MACHADO,1589.011,26300,16.55,99.2,0.545,32.97,105928097.17,103037970.80,9305.89,
Bela Vista do Piau&iacute;,2201556,bela  vistense,FRANCISCO DE SOUSA NETO,499.092,4091,8.20,97.6,0.576,18.52,25756960.42,22844335.75,11591.5,
Bel&eacute;m do Piau&iacute;,2201572,belenense,J&Ocirc;NATHAS DE CARVALHO NORONHA,243.234,3423,14.07,97,0.551,28.57,35658014.96,29860532.88,11440.06,
Beneditinos,2201606,beneditinense,TALLES GUSTAVO MARQUES RODRIGUES,937.098,9929,10.60,97.2,0.557,9.35,53256736.68,51244129.77,8769.43,
Bertol&iacute;nia,2201705,bertolinense,RODRIGO DA ROCHA MARTINS,1216.116,5562,4.57,97.6,0.612,-,33250204.60,30618237.71,13091.16,
Bet&acirc;nia do Piau&iacute;,2201739,betanhense,IJOSEVAN COELHO DAMASCENO,579.576,6220,10.73,97,0.489,35.4,40808032.08,37864544.52,10067.79,
Boa Hora,2201770,boa horense,DOMINGOS COELHO DE RESENDE,336.954,6902,20.48,99,0.575,44.78,34313591.58,32770416.08,9127.74,
Bocaina,2201804,bocainense,GUILHERME PORTELA DE DEUS MAC&Ecirc;DO,261.651,4078,15.59,97.4,0.632,-,28811053.99,26138149.59,10594.7,
Bom Jesus,2201903,bom-jesuense,NESTOR RENATO PINHEIRO ELVAS,5471.023,28796,5.26,97.9,0.668,18.15,205235556.39,176664032.70,55119.81,
Bom Princ&iacute;pio do Piau&iacute;,2201919,bomprincipiense,FRANCISCO APOLINARIO COSTA MORAES,523.142,5636,10.77,97.7,0.532,11.36,35732436.58,34387669.23,12374.89,
Bonfim do Piau&iacute;,2201929,bonfinense,PAULO HENRIQUE RIBEIRO,289.149,5913,20.45,97.6,0.542,-,31487800.74,28286063.75,9288.55,
Boqueir&atilde;o do Piau&iacute;,2201945,boqueir&atilde;oense,GENIR FERREIRA DA SILVA,269.786,6545,24.26,98.8,0.560,-,31235374.35,29728968.55,8028.09,
Brasileira,2201960,brasileirense,RANIERI MAZZILLE RAMOS DE MENESES,880.836,8436,9.58,96.7,0.577,-,53061364.47,44812504.55,8288.44,
Brejo do Piau&iacute;,2201988,brejense,FABIANO FEITOSA LIRA,2267.326,3904,1.72,98,0.515,-,37148164.33,31792229.38,11500.45,
Buriti dos Lopes,2202000,buritiense,LAURA ROSA COLLINS DE OLIVEIRA PORTELA,690.540,19654,28.46,97.5,0.565,6.83,113117459.08,100445121.10,10828.33,
Buriti dos Montes,2202026,buritiense,JOS&Eacute; OLAVO MARINHO DE LOIOLA J&Uacute;NIOR,2437.326,7434,3.05,98.3,0.574,16.39,51527796.33,49720110.57,8414.58,
Cabeceiras do Piau&iacute;,2202059,cabeceirense,JOSE DA SILVA FILHO,608.747,10212,16.78,98.3,0.583,36.36,47187714.30,41316649.77,8071.8,
Cajazeiras do Piau&iacute;,2202075,cajazerense,CARLOS ALBERTO SILVESTRE DE SOUSA,514.106,3108,6.05,99.2,0.562,-,34010725.46,29623414.57,9532.17,
Cajueiro da Praia,2202083,pratense,FELIPE DE CARVALHO RIBEIRO,271.165,7957,29.34,95,0.546,9.43,52895475.75,48491003.55,14976.18,
Caldeir&atilde;o Grande do Piau&iacute;,2202091,caldeir&atilde;o grandense,DOUGLAS FILIPE SOUSA GON&Ccedil;ALVES,467.082,5503,11.78,98.1,0.588,14.49,48696624.51,43032630.03,33715.63,
Campinas do Piau&iacute;,2202109,campinense,JOM&Aacute;RIO FERREIRA DOS SANTOS,783.843,4938,6.30,97.8,0.544,-,38456966.93,37685603.45,10216.08,
Campo Alegre do Fidalgo,2202117,campo alegrense,JEAN CARLOS BRAGA RIBEIRO,657.796,4616,7.02,97.5,0.537,48.39,28047792.58,25807291.89,10086.52,
Campo Grande do Piau&iacute;,2202133,campo grandense,FRANCISCO JOSE BEZERRA,311.682,6020,19.31,98.5,0.560,12.99,29160858.89,27292910.83,10378.37,
Campo Largo do Piau&iacute;,2202174,campolargoense,JAIRO SOARES LEITAO,478.078,7419,15.52,97.2,0.528,19.05,45380000.58,43309010.26,7702.79,
Campo Maior,2202208,campo-maiorense,JO&Atilde;O F&Eacute;LIX DE ANDRADE FILHO,1680.861,45793,27.24,98.3,0.656,7.83,236300756.66,237701675.20,15034.35,
Canavieira,2202251,canavieirense,ERIKA DE ALBUQUERQUE FONSECA,2165.277,3414,1.58,99.6,0.583,27.03,26858727.17,23572875.48,10652.17,
Canto do Buriti,2202307,canto-buritiense,MARCUS FELLIPE NUNES ALVES,4325.643,19365,4.48,96.6,0.576,13.75,92783668.89,87749989.65,12725.69,
Capit&atilde;o de Campos,2202406,capit&atilde;o-de-campense,MARIA ERONEIDE DOS SANTOS GOMES,571.658,11100,19.42,98.6,0.583,8.13,68305904.80,63939011.61,9276.42,
Capit&atilde;o Gerv&aacute;sio Oliveira,2202455,gervasense,RAIMUNDO COELHO,1132.995,3974,3.51,98.7,0.553,-,2457383.94,5901386.70,10582.72,
Caracol,2202505,caracolense,RANILETTI CARVALHO DE MAC&Ecirc;DO,1610.959,10318,6.40,96.6,0.552,6.94,49378099.91,45241335.92,8855.03,
Cara&uacute;bas do Piau&iacute;,2202539,caraubense,ANDRESSA MARIA LEAL DE SOUSA,471.216,5630,11.95,93.9,0.505,-,34483901.17,34566985.90,9718.63,
Caridade do Piau&iacute;,2202554,caridadense,CLEIVANILSON JOS&Eacute; DE CARVALHO,498.793,5033,10.09,99.4,0.541,25.32,49676552.29,41276555.89,9806.1,
Castelo do Piau&iacute;,2202604,castelense,JOSE SOARES DE ABREU J&Uacute;NIOR,2378.847,19288,8.11,98,0.587,23.7,104151618.59,97363542.59,10267.96,
Caxing&oacute;,2202653,caxingoense,MAGNUM FERNANDO CARDOSO DOS SANTOS,491.093,5496,11.19,96.8,0.488,21.51,34695114.94,30344223.45,9702.47,
Cocal,2202703,cocalense,CRISTIANO FELIPPE DE MELO BRITTO,1294.132,28212,21.80,96.2,0.497,15.27,109838778.24,104773127.70,9776.23,
Cocal de Telha,2202711,cocatelhense,KARYNE ARAG&Atilde;O CANSAN&Ccedil;&Atilde;O,310.291,4911,15.83,98.8,0.555,16.13,32329998.49,31865645.56,9568.33,
Cocal dos Alves,2202729,cocalalvense,WODSON GIAN SILVA VIEIRA,324.856,6386,19.66,96.3,0.498,-,30722108.05,28312229.45,9216.79,
Coivaras,2202737,coivarense,JO&Atilde;O DA CRUZ MOUR&Atilde;O,484.460,4117,8.50,98.1,0.565,22.22,28130953.69,25599668.93,9324.45,
Col&ocirc;nia do Gurgu&eacute;ia,2202752,coloniense,LISIANE FRANCO ROCHA ARA&Uacute;JO,429.591,6150,14.32,98.8,0.628,15.15,35387189.40,32733998.46,10780.57,
Col&ocirc;nia do Piau&iacute;,2202778,coloniense,SELINDO MAURO CARNEIRO TAPETI SEGUNDO,950.193,6994,7.36,98.6,0.588,-,31563126.69,28780304.23,8886.02,
Concei&ccedil;&atilde;o do Canind&eacute;,2202802,concei&ccedil;&atilde;onense,DIOGO JANES DE OLIVEIRA,824.729,4932,5.98,96.8,0.589,-,25556708.10,23711921.25,12564.06,
Coronel Jos&eacute; Dias,2202851,coronelino,VICTOR CESAR DE CARVALHO,1926.103,4250,2.21,96.9,0.546,20.41,26205829.77,24792329.74,8694.47,
Corrente,2202901,correntino,FILEMON JOS&Eacute; FRANCISCO DE SOUZA NOGUEIRA PARANAGU&Aacute;,3048.747,27278,8.95,97.3,0.642,16.06,127938303.94,151422501.60,25426.51,
Cristal&acirc;ndia do Piau&iacute;,2203008,cristalandense,MOIS&Eacute;S DA CUNHA LEMOS FILHO,1202.896,7356,6.12,96.9,0.573,31.25,45609479.91,41023906.42,8990.27,
Cristino Castro,2203107,cristino-castrense,FELIPE FERREIRA DIAS,1845.697,10503,5.69,97.9,0.566,7.63,66366922.83,57382100.66,11616.02,
Curimat&aacute;,2203206,curimataense,JOSE ADELMO DA SILVA,2344.949,11270,4.81,97.6,0.607,27.93,53672756.54,48259170.32,12336.59,
Currais,2203230,curralense,RAIMUNDO MARTINS DE SOUSA SANTOS SOBRINHO,3156.657,4854,1.54,98.6,0.542,-,36543541.69,33647611.83,82098.16,
Curralinhos,2203255,curralinhense,EVERARDO LIMA ARAUJO,345.811,4413,12.76,84.7,0.555,15.38,35525110.90,32926845.14,8862.51,
Curral Novo do Piau&iacute;,2203271,curral novense,EDGAR FRANCISCO DO NASCIMENTO JUNIOR,755.251,5073,6.72,95.6,0.527,10.53,44550052.62,41418145.71,14544.26,
Demerval Lob&atilde;o,2203305,morrinhense,LUIS GONZAGA DE CARVALHO JUNIOR,216.807,16352,75.42,97.9,0.618,3.98,94056218.14,89773496.88,15267.54,
Dirceu Arcoverde,2203354,arcoverdense,WALLACE RAMON CAF&Eacute; E SILVA,1005.571,7054,7.01,97.5,0.561,11.76,40673054.88,39768804.45,9578.83,
Dom Expedito Lopes,2203404,dom-expedito-lopense,ABIMAEL JOS&Eacute; DO NASCIMENTO LIMA,218.808,6320,28.88,98.5,0.601,12.05,32123283.56,28419844.96,11245.65,
Domingos Mour&atilde;o,2203420,domingos-mouronense,MARIA IRINELDA GOMES DE OLIVEIRA SILVA,848.705,4075,4.80,95.8,0.550,19.23,33074336.90,30026556.77,10692.03,
Dom Inoc&ecirc;ncio,2203453,inocentino,FERNANDE RIBEIRO DE CASTRO FILHO,3871.824,9159,2.37,98.4,0.549,-,57267404.30,54885794.63,17165.89,
Elesb&atilde;o Veloso,2203503,elesbonense,JOS&Eacute; RONALDO GOMES BARBOSA,1383.976,13607,9.83,98.9,0.580,41.1,53169575.25,49393711.82,11321.73,
Eliseu Martins,2203602,eliseu-martinino,MARCOS AUR&Eacute;LIO GUIMAR&Atilde;ES DE ARAUJO,1097.790,4377,3.99,98.4,0.595,-,29247957.75,26010160.94,11246.54,
Esperantina,2203701,esperantinense,IVANARIA DO NASCIMENTO ALVES SAMPAIO,908.748,40970,45.08,97.5,0.605,9.88,184449131.06,168774216.40,11427.08,
Fartura do Piau&iacute;,2203750,farturense,ORLANDO COSTA CAMPINHO BRAGA,713.046,5284,7.41,96.3,0.548,-,39479153.56,37285464.43,8775.69,
Flores do Piau&iacute;,2203800,florentino-do-piau&iacute;,EVANDRO FERREIRA DA COSTA,946.719,4414,4.66,99,0.547,-,28662473.52,28352137.07,10786.85,
Floresta do Piau&iacute;,2203859,florestense,CLAUDIONOR URBANO DE OLIVEIRA,223.199,2333,10.45,99.3,0.538,47.62,35070017.31,28329911.14,9862.71,
Floriano,2203909,florianense,ANT&Ocirc;NIO REIS NETO,3407.979,62036,18.20,98.1,0.700,13.87,310557287.13,286701778.60,24441.02,
Francin&oacute;polis,2204006,francinopolitano,ANT&Ocirc;NIO LUIZ DANTAS DA FONSECA,268.704,4505,16.77,97.5,0.564,-,33442505.03,29215570.88,8381.02,
Francisco Ayres,2204105,airense,EUG&Ecirc;NIA DE SOUSA NUNES,656.475,4412,6.72,98.1,0.577,-,31955708.30,27613061.77,10875.11,
Francisco Macedo,2204154,francisco macedense,ADEILSON ANT&Atilde;O DE CARVALHO,179.245,2929,16.34,97.8,0.553,-,27956597.30,24401957.25,10211.77,
Francisco Santos,2204204,francisco-santense,JOS&Eacute; EDSON DE CARVALHO,492.191,8237,16.74,97.4,0.608,19.8,35827511.06,36477419.11,8811.07,
Fronteiras,2204303,fronteirense,EUDES AGRIPINO RIBEIRO,777.179,10259,13.20,97.5,0.619,9.43,57162555.65,50002103.42,9619.68,
Geminiano,2204352,geminianense,FRANCISCO JAILLSON DA SILVA CAMPOS,440.606,5445,12.36,97,0.561,27.4,29087362.14,25660961.88,10818.51,
Gilbu&eacute;s,2204402,gilbuense,AMILTON LUSTOSA FIGUEREDO FILHO,3495.692,10892,3.12,93.7,0.548,11.98,73100179.93,65356494.18,38969.38,
Guadalupe,2204501,guadalupense,JESSE JAMES LIMA MIRANDA,1026.539,10270,10.00,98.8,0.650,21.74,69853438.74,68185504.01,60708.08,
Guaribas,2204550,guaribano,JO&Eacute;RCIO MATIAS DE ANDRADE,3118.231,4276,1.37,98.2,0.508,14.08,33090574.90,30968798.14,9861.95,
Hugo Napole&atilde;o,2204600,hugo-napoleonense,LUCIANO BARRETO DE CARVALHO FILHO,224.573,3518,15.67,96.8,0.599,25,27336702.89,25155513.38,8779.97,
Ilha Grande,2204659,ilhagrandense,MARINA DE OLIVEIRA BRITO,129.696,9274,71.51,98.1,0.563,22.56,44084398.53,40729136.47,12619.94,
Inhuma,2204709,inhumense,ELBERT HOLANDA MOURA,978.222,14958,15.29,98.8,0.624,36.76,59123091.73,53842638.73,10673.42,
Ipiranga do Piau&iacute;,2204808,ipiranguense,FRANCISCO ELVIS RAMOS VIEIRA,529.417,9420,17.79,94.9,0.630,19.61,38466424.81,35352480.19,8356.14,
Isa&iacute;as Coelho,2204907,isaiense,WALDEMAR MAURIZ FILHO,800.688,7774,9.71,95,0.582,18.35,34007103.16,32871797.75,9414.86,
Itain&oacute;polis,2205003,itainopolense,MIGUEL RODRIGUES DE MOURA,827.620,10790,13.04,97.1,0.541,-,53997215.96,48835710.84,9350.28,
Itaueira,2205102,itaueirense,OSMUNDO DE MORAES ANDRADE,2554.179,10323,4.04,98.7,0.583,36.7,49043707.69,47052461.29,11946.42,
Jacobina do Piau&iacute;,2205151,jacobinense,VANDERLEI RAIMUNDO DE CARVALHO,1333.796,5613,4.21,97.7,0.535,-,52984954.46,44035718.97,12078.34,
Jaic&oacute;s,2205201,jaicoense,JOSE WESLLY DE OLIVEIRA BISPO,866.788,17527,20.22,95.1,0.524,25.21,79671503.43,73767535.86,9970.93,
Jardim do Mulato,2205250,jardimulatense,DEJAIR LIMA DE SOUSA,510.226,4180,8.19,98.9,0.593,-,29743343.68,26876199.65,8764.19,
Jatob&aacute; do Piau&iacute;,2205276,jatobaense,RAIMUNDO NONATO GOMES DE OLIVEIRA,650.393,4494,6.91,98.9,0.566,22.73,29818121.88,27820750.01,12026.02,
Jerumenha,2205300,jerumenhense,JOS&Eacute; IN&Aacute;CIO PEREIRA DA SILVA J&Uacute;NIOR,1865.940,4497,2.41,97.4,0.591,16.95,24637005.30,22038324.28,14298.42,
Jo&atilde;o Costa,2205359,jo&atilde;o costense,GILSON CASTRO DE ASSIS,1800.230,2970,1.65,96.9,0.561,-,29490286.23,29085335.63,23073.1,
Joaquim Pires,2205409,joaquim-pirense,DEYVISON GON&Ccedil;ALVES CRUZ,740.561,13886,18.75,96.2,0.522,9.57,70285959.62,61761393.22,8258.82,
Joca Marques,2205458,jocamarquense,FABIANNA SPINDOLA MARQUES,169.005,5394,31.92,97.2,0.504,12.99,30809377.02,28264938.35,8423.08,
Jos&eacute; de Freitas,2205508,freitense,PEDRO GOMES DOS SANTOS FILHO,1538.172,42559,27.67,98.7,0.618,28.88,164488734.50,158490356.60,9902.38,
Juazeiro do Piau&iacute;,2205516,juazeirense,JOSE WILSON PEREIRA GOMES,935.404,5214,5.57,99.1,0.570,21.28,36190946.90,31996461.94,10209.14,
J&uacute;lio Borges,2205524,julio borgense,JO&Atilde;O PAULO PEREIRA E SILVA,1283.916,5388,4.20,98.6,0.582,34.48,44426519.82,39640337.66,14292.17,
Jurema,2205532,juremense,KAYLANNE DA SILVA OLIVEIRA,1271.881,4425,3.48,99.2,0.555,35.09,35786398.54,35335501.87,9095.2,
Lagoinha do Piau&iacute;,2205540,lagoinense,KELLY ALVES ALENCAR,67.649,2939,43.44,96.9,0.597,-,20311885.01,19488413.90,14117.98,
Lagoa Alegre,2205557,lagoalegrense,OSAEL MOITA LEAL,394.205,8256,20.94,97.8,0.550,9.71,51193920.62,48676609.08,8979.51,
Lagoa do Barro do Piau&iacute;,2205565,lagoa do barrense,REGINALDO APARECIDO COSTA COELHO,1331.025,4995,3.75,94.7,0.502,-,71915173.67,58108254.49,114788.12,
Lagoa de S&atilde;o Francisco,2205573,lagoense,JO&Atilde;O ARILSON DE MESQUITA BEZERRA,155.860,6331,40.62,98.3,0.529,-,51471443.50,35954185.09,8091.31,
Lagoa do Piau&iacute;,2205581,lagoense,CAMILA BARBOSA SOUSA OLIVEIRA,427.841,4810,11.24,98.9,0.583,-,30190187.26,26271721.45,18505.9,
Lagoa do S&iacute;tio,2205599,sitiolagoense,JOSE SAVIO DE MOURA E SILVA,805.018,4520,5.61,96.6,0.541,42.55,33035801.72,29629875.98,9311.16,
Landri Sales,2205607,landri-salesiano,DELISMON SOARES PEREIRA,1088.583,5213,4.79,98.7,0.584,15.38,44448044.76,39509171.43,20826.76,
Lu&iacute;s Correia,2205706,lu&iacute;s-correiense,MARIA DAS DORES FONTENELE BRITO,1074.132,30641,28.53,95.4,0.541,14.35,126716755.86,133474298.50,12392.72,
Luzil&acirc;ndia,2205805,luzilandense,FERNANDA PINTO MARQUES,705.599,25375,35.96,96.1,0.545,9.09,118759882.38,114743840.30,9451.85,
Madeiro,2205854,madeirense,ALANDELON ARAUJO DOS SANTOS,178.842,8032,44.91,97.8,0.563,-,43968196.79,43986546.86,8975.26,
Manoel Em&iacute;dio,2205904,manoel-emidense,ORLANDO ALMEIDA DE ARAUJO,1620.413,5209,3.21,99,0.573,-,28836905.44,28612599.13,10240.38,
Marcol&acirc;ndia,2205953,marcolandense,CORINTO MACHADO DE MATOS NETO,136.786,8533,62.38,94.5,0.562,35.09,58448477.42,50462491.14,23091.01,
Marcos Parente,2206001,marcoense,GEDISON ALVES RODRIGUES,677.416,4724,6.97,97.3,0.590,-,28272481.67,25033104.81,12072.99,
Massap&ecirc; do Piau&iacute;,2206050,massap&ecirc;ense,WILTON COUTINHO SILVA,530.169,5218,9.84,98.6,0.525,-,34328776.04,31419732.36,8074.67,
Matias Ol&iacute;mpio,2206100,matiense,GENIVALDO NASCIMENTO ALMEIDA,226.785,10641,46.92,98.5,0.562,21.58,52709392.61,49802857.45,8703.44,
Miguel Alves,2206209,miguel-alvense,FRANCISCO ANTONIO REBELO DE PAIVA,1392.123,32150,23.09,96.6,0.539,17.17,156477214.74,149599592.00,9227.43,
Miguel Le&atilde;o,2206308,leonino,NEUZA CUNHA DE ARA&Uacute;JO,93.412,1318,14.11,99.6,0.623,-,21047808.10,18147588.03,19050.85,
Milton Brand&atilde;o,2206357,milton brand&atilde;oense,FRANCISCO EVANGELISTA RESENDE,1309.128,6542,5.00,98.9,0.508,30.77,31902827.10,27827962.87,8111.92,
Monsenhor Gil,2206407,monsenhorgilense,EVANDRO LEAL DE ABREU,567.859,10255,18.06,98.8,0.615,9.09,48135612.71,43343146.96,12067.47,
Monsenhor Hip&oacute;lito,2206506,hipolitano,ANTONIO DJALMA BEZERRA POLICARPO,401.568,7577,18.87,96.7,0.561,12.2,41048584.24,36339336.63,9361.82,
Monte Alegre do Piau&iacute;,2206605,montealegrense,DIJALMA GOMES MASCARENHAS,2417.382,10660,4.41,98.3,0.578,5.75,68064723.22,61100096.53,28073.98,
Morro Cabe&ccedil;a no Tempo,2206654,morrense,JOSU&Eacute; ALVES DA SILVA,2207.658,4377,1.98,97.7,0.542,15.15,42484826.75,35415876.44,8648.56,
Morro do Chap&eacute;u do Piau&iacute;,2206670,morrochapeuense,ERIKSON FENELON AGUIAR,328.408,6425,19.56,98.8,0.550,-,34108918.98,32542109.68,9150.19,
Murici dos Portelas,2206696,muriciense,ANA LINA DE CARVALHO CUNHA SALES,475.720,9797,20.59,96.1,0.530,-,44947622.01,40166041.17,8091.22,
Nazar&eacute; do Piau&iacute;,2206704,nazareno-do-piau&iacute;,RONIELTON COSTA DE OLIVEIRA,1315.841,6665,5.07,99.3,0.576,-,31829760.18,30618883.21,9175.58,
Naz&aacute;ria,2206720,nazariense,JOAQUIM NONATO DA SILVA FILHO,362.376,10262,28.32,97.1,0.602,-,46111315.90,40866184.79,10984.42,
Nossa Senhora de Nazar&eacute;,2206753,nazareno,JOS&Eacute; HENRIQUE DE OLIVEIRA ALVES,356.872,5228,14.65,95.5,0.586,-,43216775.56,41774634.80,9750.53,
Nossa Senhora dos Rem&eacute;dios,2206803,remediense,JOS&Eacute; FERNANDO OLIVEIRA DE BRITO,357.896,8525,23.82,96.6,0.533,14.49,67678999.18,63217595.98,8975.73,
Novo Oriente do Piau&iacute;,2206902,novo-orientino,FRANCISCO AFONSO RIBEIRO SOBREIRA,525.906,6097,11.59,97.7,0.562,18.52,30699362.36,26695069.87,8884,
Novo Santo Ant&ocirc;nio,2206951,santantoniense,ELISA MARIA DA SILVA PAZ,443.872,2827,6.37,96.5,0.528,74.07,28086134.47,25128688.94,10364.07,
Oeiras,2207009,oeirense,HAILTON ALVES FILHO,2703.138,38161,14.12,97.9,0.634,17.58,164283499.11,157688256.90,15735.17,
Olho D'&Aacute;gua do Piau&iacute;,2207108,olho d&rsquo;aguense,ANTONIO LEAL DA SILVA,183.603,2637,14.36,96.7,0.576,-,16549309.45,15078724.78,11599.13,
Padre Marcos,2207207,padremarcoense,WILIANE KELLY DA SILVA,278.696,6382,22.90,99.5,0.541,25.64,40577373.77,37446341.29,10744.13,
Paes Landim,2207306,paes-landinense,FRANCINALDO MORAES BEZERRA,401.378,4088,10.18,98.5,0.575,20.41,30668647.02,27332238.93,10729.66,
Paje&uacute; do Piau&iacute;,2207355,pajeuense,DALVAN GON&Ccedil;ALVES DE MOURA CARVALHO,986.961,3000,3.04,98,0.559,-,29534799.90,24789438.35,15392.7,
Palmeira do Piau&iacute;,2207405,palmeirino,HUGUEMAR ROSAL LUSTOSA FILHO,2024.021,4952,2.45,97.4,0.557,39.47,31953898.70,28362722.54,28128.29,
Palmeirais,2207504,palmeirense,JOS&Eacute; BALTAZAR DE OLIVEIRA,1493.764,13264,8.88,98.3,0.562,20,74577328.32,70081613.03,9478.06,
Paquet&aacute;,2207553,paquetaense,ANDERSON CLAYTON DA SILVA BARROS,432.572,3813,8.81,96.9,0.509,-,36419122.96,30919250.99,11253.3,
Parnagu&aacute;,2207603,parnaguaense,MIGUEL OMAR BARRETO RISSI,3428.811,10103,2.95,96.4,0.575,-,46427069.46,44305612.30,10991.62,
Parna&iacute;ba,2207702,parnaibano,FRANCISCO EMANUEL CUNHA DE BRITO,436.907,162159,371.15,97.5,0.687,17.8,652196819.03,645562649.50,19296.04,
Passagem Franca do Piau&iacute;,2207751,passagemfranquense,SAULO VINICIUS RODRIGUES SATURNINO,643.226,4135,6.43,98.9,0.561,25,35479070.94,35350863.74,11257.84,
Patos do Piau&iacute;,2207777,patoense,JOAQUIM LOPES DOS REIS NETO,801.403,5425,6.77,98.4,0.563,20,29642314.02,28092719.01,10066.77,
Pau D'Arco do Piau&iacute;,2207793,paudarcopiense,ANTONIO MILTON DE ABREU PASSOS,430.023,3880,9.02,98.1,0.514,-,27378622.74,24489620.75,8230.14,
Paulistana,2207801,paulistanense,OSVALDO MAMEDIO DA COSTA,1941.111,21055,10.85,97.9,0.600,27.44,103121772.14,103882768.20,13006.31,
Pavussu,2207850,pavussuense,WININCIUS VILANOVA DE MIRANDA,1090.697,3628,3.33,97.8,0.526,-,24996431.76,23250353.99,10293.08,
Pedro II,2207900,pedro-segundense,ELISABETE RODRIGUES DE OLIVEIRA NUNES BRAND&Atilde;O,1544.413,37894,24.54,97.3,0.571,25.52,152227004.61,150840026.30,9952.46,
Pedro Laurentino,2207934,pedro laurentinense,CARLOS HENRIQUE COELHO REIS,870.613,2458,2.82,97.2,0.562,40,24097431.11,21338958.69,12278.29,
Nova Santa Rita,2207959,Santaritense,HELI MARQUES DE CARVALHO,909.734,4076,4.48,97.1,0.554,17.86,25803602.21,24789484.62,10002.45,
Picos,2208007,picoense,PABLO DANTAS DE MOURA SANTOS,577.284,83090,143.93,98.3,0.698,9.91,331577383.93,318246184.60,24676.75,
Pimenteiras,2208106,pimenteirense,MARIA LUCIA DE LACERDA,4562.580,11341,2.49,98.9,0.566,31.25,57586618.87,50597241.27,8804.35,
Pio IX,2208205,pio-nonense,SILAS NORONHA MOTA,1948.142,17613,9.04,98.8,0.564,23.04,74130688.24,72211116.28,10957.54,
Piracuruca,2208304,piracuruquense,FRANCISCO MARCELO CARVALHO MENDES,2368.936,28846,12.18,94.8,0.596,15.75,108152368.33,99830093.34,12556.04,
Piripiri,2208403,piripiriense,JOVENILIA ALVES DE OLIVEIRA MONTEIRO,1407.192,65538,46.57,97.3,0.635,14.32,269406875.01,257270876.80,14362.92,
Porto,2208502,portuense,ALUIZIO MOREIRA VAZ,253.113,12052,47.62,98,0.549,11.83,65613948.73,63021841.12,9374.27,
Porto Alegre do Piau&iacute;,2208551,porto  alegrense,ANT&Ocirc;NIO AVELINO ROCHA DE NEIVA,1168.043,2364,2.02,98.9,0.563,83.33,28899507.73,26331397.94,14373.9,
Prata do Piau&iacute;,2208601,pratense,ACELINO MENDES DE MOURA,196.787,3042,15.46,98.5,0.565,-,24807496.75,22154406.60,8759.54,
Queimada Nova,2208650,queimadanovense,GILMAR MACEDO DE ANDRADE,1283.369,8738,6.81,99.3,0.515,10.1,47265539.36,38403496.13,28037.27,
Reden&ccedil;&atilde;o do Gurgu&eacute;ia,2208700,gurgue&iacute;no,ARLEI FIGUEIREDO BORGES,2470.531,8394,3.40,97.9,0.589,15.27,52809362.21,46880151.32,11110.79,
Regenera&ccedil;&atilde;o,2208809,regenerense,EDUARDO ALVES CARVALHO,1251.321,17133,13.69,97.4,0.591,-,86569629.06,82554801.14,14712.38,
Riacho Frio,2208858,riacho friense,JABES LUSTOSA NOGUEIRA JUNIOR,2220.598,4165,1.88,98.9,0.541,-,40252431.95,36440396.82,10747.61,
Ribeira do Piau&iacute;,2208874,ribeirense,ANT&Ocirc;NIO LUIZ DE ARA&Uacute;JO COSTA NETO,1012.479,4055,4.01,98.4,0.520,-,39206637.70,33382872.13,48319.61,
Ribeiro Gon&ccedil;alves,2208908,ribeiro-gon&ccedil;alvino,AGAMENON PINHEIRO FRANCO,3987.147,6164,1.55,96.8,0.601,21.51,74851881.86,61021471.01,93932.89,
Rio Grande do Piau&iacute;,2209005,rio-grandense-do-piau&iacute;,ANTONIO LUIS DA COSTA FEITOSA,635.953,5801,9.12,96.5,0.572,60.61,33911667.61,32531359.66,9557.12,
Santa Cruz do Piau&iacute;,2209104,santa-cruzense,LA&Iacute;S BARROSO MARTINS DOS SANTOS NUNES,582.658,5831,10.01,96.8,0.601,35.09,35086727.20,32961585.15,9755.44,
Santa Cruz dos Milagres,2209153,santacruzense,EDILBERTO MENDES GUIMARAES,978.546,3435,3.51,98.6,0.577,-,23622598.31,21682091.88,11238.76,
Santa Filomena,2209203,filomense,FERNANDO ANDRADE COELHO,5293.693,6087,1.15,97.6,0.544,-,54160962.58,50564309.73,98463.36,
Santa Luz,2209302,santa-luzense,ARQUEL ALVES PEREIRA,1185.398,5336,4.50,99.5,0.588,29.85,31011532.25,30578823.91,10584.41,
Santana do Piau&iacute;,2209351,santanense,ADONALDO GON&Ccedil;ALVES DE SOUSA,112.189,4125,36.77,96.1,0.574,31.25,29409190.00,26263653.36,8775.63,
Santa Rosa do Piau&iacute;,2209377,santarosense,MARLON RODRIGUES DE SOUSA,338.336,4650,13.74,99,0.567,18.18,31656344.42,28313488.42,9559.86,
Santo Ant&ocirc;nio de Lisboa,2209401,santo-antoense,FRANCISCO ERIVALDO DA SILVA,385.286,5839,15.15,93.5,0.584,14.93,34313624.06,27539967.44,11111.78,
Santo Ant&ocirc;nio dos Milagres,2209450,santoantonhense,PAULO CAZIMIRO DE SOUSA NETO E SILVA,33.640,2138,63.56,97.5,0.619,45.45,24277591.39,21696331.69,8310.8,
Santo In&aacute;cio do Piau&iacute;,2209500,santinacense,AURO APARECIDO DE CARVALHO,852.106,3646,4.28,99.3,0.613,23.26,27723192.09,24569808.48,10600.47,
S&atilde;o Braz do Piau&iacute;,2209559,san-brazense,DEBORAH SAYONARA SANTOS CARDOSO,656.042,4358,6.64,98.7,0.596,-,30733646.11,26085701.99,8861.86,
S&atilde;o F&eacute;lix do Piau&iacute;,2209609,s&atilde;o-felicense,JOSEILSON BARBOSA NUNES,627.033,2842,4.53,100,0.610,58.82,29287637.53,23618297.58,10987.34,
S&atilde;o Francisco de Assis do Piau&iacute;,2209658,s&atilde;ofranciscoense,ANDRELINO MAXIMIANO DA COSTA FILHO,1072.311,5572,5.20,96,0.485,28.17,27876336.87,26100945.12,9575.04,
S&atilde;o Francisco do Piau&iacute;,2209708,s&atilde;o-franciscano,FABIANO ARAUJO DE MOURA,1341.451,5392,4.02,98.4,0.570,12.5,32387512.42,29709351.78,9101.72,
S&atilde;o Gon&ccedil;alo do Gurgu&eacute;ia,2209757,s&atilde;o gon&ccedil;alense,ROSEL&Iacute;DIA LUSTOSA DE SOUSA MARQUES,1385.255,2947,2.13,97.4,0.560,65.22,40933891.63,38013386.08,17781.61,
S&atilde;o Gon&ccedil;alo do Piau&iacute;,2209807,s&atilde;o-gon&ccedil;alense,GERLANE FERREIRA DA SILVA CABRAL,150.495,4837,32.14,97.7,0.616,20,29406737.69,30373480.90,11247.99,
S&atilde;o Jo&atilde;o da Canabrava,2209856,canabravense,ELSON SILVA DE SOUSA,480.537,4242,8.83,96.8,0.559,-,33517355.38,32159255.75,10677.94,
S&atilde;o Jo&atilde;o da Fronteira,2209872,s&atilde;o j&atilde;o fronteirense,MARCOS ANTONIO DE ANDRADE MATEUS,817.111,5522,6.76,88.3,0.515,-,31613948.11,29235082.63,10013.9,
S&atilde;o Jo&atilde;o da Serra,2209906,serra-jonense,JO&Atilde;O FRANCISCO GOMES DA ROCHA,994.224,6114,6.15,99.1,0.582,-,29587436.50,28309048.15,9781.02,
S&atilde;o Jo&atilde;o da Varjota,2209955,sanjoanense,JOSE DOS SANTOS BARBOSA,394.456,4383,11.11,96.9,0.559,-,30019852.34,28254564.11,7546.96,
S&atilde;o Jo&atilde;o do Arraial,2209971,s&atilde;o j&atilde;oense,ABDORAL MELO DA SILVA,213.377,8186,38.36,98.4,0.523,32.79,54636920.71,44679087.04,8439.67,
S&atilde;o Jo&atilde;o do Piau&iacute;,2210003,sanjoanense,EDNEI MODESTO AMORIM,1527.497,21421,14.02,98.3,0.645,20.98,110561342.71,104835134.90,20605.74,
S&atilde;o Jos&eacute; do Divino,2210052,s&atilde;ojoseense,MILTON GOMES MACHADO,319.367,4841,15.16,99.2,0.565,-,30927471.11,29118674.30,11892.03,
S&atilde;o Jos&eacute; do Peixe,2210102,s&atilde;o-joseense,CELSO ANT&Ocirc;NIO MENDES COIMBRA,1287.174,3297,2.56,97.5,0.573,-,23435924.78,20802284.00,11462.74,
S&atilde;o Jos&eacute; do Piau&iacute;,2210201,s&atilde;o-joseense,ADMAELTON BEZERRA SOUSA,373.347,6597,17.67,97.5,0.552,44.12,31323858.70,27689303.38,10166.49,
S&atilde;o Juli&atilde;o,2210300,s&atilde;o-julianense,RENALDO RAMOS RODRIGUES,291.089,6025,20.70,94.3,0.594,-,29211502.93,30115628.33,9332.78,
S&atilde;o Louren&ccedil;o do Piau&iacute;,2210359,lourenciano,THIAGO DAMASCENO RIBEIRO SANTANA,673.822,4410,6.54,98.9,0.595,52.63,29121102.54,27050852.56,9891.95,
S&atilde;o Luis do Piau&iacute;,2210375,s&atilde;oluisense,RAIMUNDO RENATO VICENTE DE ARA&Uacute;JO SOUSA,217.924,2309,10.60,97,0.554,103.45,22662362.51,19721044.55,9566.51,
S&atilde;o Miguel da Baixa Grande,2210383,s&atilde;omiquelense,FRANCISCO BISPO DAS CHAGAS,444.528,2269,5.10,98.9,0.563,-,20023836.58,17142967.17,11104.36,
S&atilde;o Miguel do Fidalgo,2210391,fidalguense,ERIMAR SOARES DE SOUSA,813.444,2829,3.48,98.7,0.535,-,24494955.55,21272829.89,15628.44,
S&atilde;o Miguel do Tapuio,2210409,tapuiense,POMPILIO EVARISTO CARDOSO FILHO,4988.973,17554,3.52,97.5,0.556,13.7,92354733.77,88093430.53,9273.86,
S&atilde;o Pedro do Piau&iacute;,2210508,s&atilde;o-pedrense,LINDOMAR GON&Ccedil;ALVES DE ALENCAR,518.288,13755,26.54,98.4,0.595,5.62,70203161.78,64444675.61,9391.24,
S&atilde;o Raimundo Nonato,2210607,s&atilde;o-raimundense,ROG&Eacute;RIO ARA&Uacute;JO DE CASTRO,2415.288,38934,16.12,98,0.661,15.81,163787841.41,155418828.00,16160.36,
Sebasti&atilde;o Barros,2210623,sebasti&atilde;o barrense,PABLO CUSTODIO MENDES DE CARVALHO,893.488,3202,3.58,99.3,0.536,-,32601608.48,29778551.03,13602.93,
Sebasti&atilde;o Leal,2210631,sebasti&atilde;o-lealense,MANOELINA DE SOUSA BORGES,3148.857,4446,1.41,97.6,0.562,-,43002744.15,35756446.28,59247.26,
Sigefredo Pacheco,2210656,sigefredense,MURILO BANDEIRA DA SILVA,1031.101,9460,9.17,99.2,0.581,21.05,40599222.29,38004764.22,7758.71,
Sim&otilde;es,2210706,simonense,ITALO MAGNO DANTAS LOPES DE CARVALHO,1076.055,14350,13.34,95.3,0.575,21.16,94726946.05,87627068.67,29626.58,
Simpl&iacute;cio Mendes,2210805,simpl&iacute;cio-mendense,M&Aacute;RCIO JOSE PINHEIRO MOURA,1360.028,13870,10.20,98.6,0.627,-,61539630.58,59663527.44,14307.61,
Socorro do Piau&iacute;,2210904,socorrense,ADERSON BARBOSA RIBEIRO S&Aacute; FILHO,761.854,4141,5.44,97.8,0.561,25.64,24621116.89,22862124.78,9011.75,
Sussuapara,2210938,sussuaparense,NAERTON SILVA MOURA,205.194,6220,30.31,93.7,0.586,13.51,32969026.36,29083580.79,11305.35,
Tamboril do Piau&iacute;,2210953,tamborilense,GLAUERT COELHO ALMEIDA,1587.296,2949,1.86,99.6,0.501,-,27371029.57,24410797.60,10339.42,
Tanque do Piau&iacute;,2210979,tanquense,NATANAEL SALES DE SOUSA,398.007,2316,5.82,97.9,0.579,41.67,26972670.05,22747132.36,11931.15,
Teresina,2211001,teresinense,SILVIO MENDES DE OLIVEIRA FILHO,1391.293,866300,622.66,97.8,0.751,15.48,4686028824.68,4839751925.00,27430.28,
Uni&atilde;o,2211100,unionense,GUSTAVO CONDE MEDEIROS,1170.742,46119,39.39,97.9,0.577,30.2,215368268.71,223474728.50,9413.79,
Uru&ccedil;u&iacute;,2211209,uru&ccedil;uiense,GILBERTO GON&Ccedil;ALVES SILVA JUNIOR,8413.016,25203,3.00,97,0.631,15.58,233155824.38,211749932.30,129458.67,
Valen&ccedil;a do Piau&iacute;,2211308,valenciano,MARCELO COSTA E SILVA,1333.722,22279,16.70,98.6,0.647,21.01,94035352.88,83871252.78,13832.67,
V&aacute;rzea Branca,2211357,varzea-branquense,RAIMUNDO NONATO ALVES PAES LANDIM,450.429,5055,11.22,97.9,0.553,25.64,33156846.76,29076467.00,9034.44,
V&aacute;rzea Grande,2211407,v&aacute;rzea-grandense,ROBERT EUDES NUNES DE SOUSA SEGUNDO,236.453,4417,18.68,99.6,0.571,-,25161376.20,23039949.99,9355.32,
Vera Mendes,2211506,veramendense,CARLOS JOS&Eacute; DA SILVA,341.974,3185,9.31,98.2,0.503,-,26193916.96,26077311.18,10083.52,
Vila Nova do Piau&iacute;,2211605,vilanovense,MANOEL BERNARDO LEAL,221.627,2935,13.24,98.7,0.565,-,27039949.91,25032199.16,12618.45,
Wall Ferraz,2211704,wal farrazense,LUIZ GUILHERME MAIA DE SOUSA,270.427,4059,15.01,97.3,0.544,-,47281107.13,42501607.24,8485.79,