Para&iacute;ba | Todos os Munic&iacute;pios
Munic&iacute;pio [-],C&oacute;digo [-],Gent&iacute;lico [-],Prefeito [2025],&Aacute;rea Territorial - km&sup2; [2023],Popula&ccedil;&atilde;o residente - pessoas [2022],Densidade demogr&aacute;fica - hab/km&sup2; [2022],Escolariza&ccedil;&atilde;o &lt;span&gt;6 a 14 anos&lt;/span&gt; - % [2010],IDHM &lt;span&gt;&Iacute;ndice de desenvolvimento humano municipal&lt;/span&gt; [2010],Mortalidade infantil - &oacute;bitos por mil nascidos vivos [2022],Total de receitas brutas realizadas - R$ [2023],Total de despesas brutas empenhadas - R$ [2023],PIB per capita - R$ [2021],
&Aacute;gua Branca,2500106,agua branquense,MARLUCE PEREIRA VERAS DE BRITO,241.662,9335,38.63,97.6,0.572,13.51,56905656.59,57859957.44,8870.96,
Aguiar,2500205,aguiarense,MANOEL BATISTA GUEDES FILHO,351.607,5003,14.23,98.9,0.597,21.28,36726274.15,29832956.32,10689.52,
Alagoa Grande,2500304,alagoa-grandense,JOAO BOSCO CARNEIRO NETO,322.071,26062,80.92,97.4,0.582,21.51,105519857.79,93522677.43,10573.42,
Alagoa Nova,2500403,alagoa-novense,FRANCINILDO PIMENTEL DA SILVA,128.230,21013,163.87,97.9,0.576,12.7,105240492.25,106488632.20,15961.14,
Alagoinha,2500502,alagoinhense,ALIRIO CLAUDINO DE PONTES FILHO,111.361,13725,123.25,98.7,0.595,15.79,66977185.80,66448379.68,9468.2,
Alcantil,2500536,alcantilense,CICERO JOSE FERNANDES DO CARMO,309.896,5578,18.00,95.7,0.578,10.53,40979518.29,36112331.91,9968.7,
Algod&atilde;o de Janda&iacute;ra,2500577,algodoense,HUMBERTO DOS SANTOS,222.740,2953,13.26,98.5,0.548,-,31040436.57,25626883.58,11062.36,
Alhandra,2500601,alhandrense,MARCELO RODRIGUES DA COSTA,183.974,21730,118.11,96.3,0.582,24.54,206696602.23,180690780.50,171143.98,
S&atilde;o Jo&atilde;o do Rio do Peixe,2500700,s&atilde;o-joanense,LUIZ CLAUDINO DE CARVALHO FLORENCIO,476.237,17964,37.72,98.7,0.608,5.95,93840126.91,86227120.85,12515.6,
Amparo,2500734,amparense,TARCIO GABRIEL ALVES DE BRITO RAFAEL,122.094,2234,18.30,98.1,0.606,41.67,26901649.01,23207569.88,13000.44,
Aparecida,2500775,aparecidense,JO&Atilde;O RABELO DE S&Aacute; NETO,291.478,7960,27.31,96.2,0.578,30,40696996.86,34828185.92,12405.76,
Ara&ccedil;agi,2500809,ara&ccedil;agiense,JOSILDA MACENA BEN&Iacute;CIO LEITE,232.177,16646,71.70,95,0.549,24.84,79336523.25,71676731.67,11026.72,
Arara,2500908,araraense,AMARILDO CARVALHO PEREIRA FILHO,91.306,12212,133.75,97.3,0.548,15.5,53831544.54,51220236.31,8250.02,
Araruna,2501005,ararunense,AVAILDO LUIS DE ALC&Acirc;NTARA AZEVEDO,246.717,17189,69.67,97.5,0.567,10.05,87669712.74,78490578.78,9912.59,
Areia,2501104,areiense,SILVIA CESAR FARIAS DA CUNHA LIMA,269.130,22633,84.10,97.5,0.594,25.45,99666190.98,92879464.57,11435.64,
Areia de Bara&uacute;nas,2501153,baraunense,ANTONIO GERONIMO DUARTE MACEDO,114.078,2005,17.58,98.8,0.562,-,26351822.32,22591603.01,12396.9,
Areial,2501203,areialense,CARLOS HENRIQUE PEREIRA BALBINO,35.810,7128,199.05,98.1,0.608,-,36930328.42,37948436.87,8871.24,
Aroeiras,2501302,aroeirense,DOMINGOS MARQUES BARBOSA FILHO,376.118,18705,49.73,97.9,0.548,7.72,92802761.51,89325117.13,8803.78,
Assun&ccedil;&atilde;o,2501351,assun&ccedil;&atilde;oense,WAGNER FELIPE DE OLIVEIRA VILAR,132.139,4152,31.42,99,0.609,29.41,35754082.21,33196644.60,11924.64,
Ba&iacute;a da Trai&ccedil;&atilde;o,2501401,baianense,ELIZABETE DE OLIVEIRA,102.756,9224,89.77,98.7,0.581,6.33,51579050.41,44698346.98,11727.05,
Bananeiras,2501500,bananeirense,MATHEUS DE MELO BEZERRA CAVALCANTI,255.641,23134,90.49,94.6,0.568,3.37,103576066.42,107088969.00,13143.47,
Bara&uacute;na,2501534,baraunense,AUSTRYANEE JERONIMO DOS SANTOS,50.030,4762,95.18,97,0.558,-,35204293.84,28781137.81,9891.45,
Barra de Santana,2501575,barrasantense,CLEOCELIO NAZARENO BARRETO,375.177,8059,21.48,97.6,0.567,31.25,45018080.67,40664020.42,10889.99,
Barra de Santa Rosa,2501609,santa rosense,ALEX SANDRO AZEVEDO VIEIRA,781.187,12904,16.52,96.9,0.562,53.1,71931645.78,75901379.78,9665.19,
Barra de S&atilde;o Miguel,2501708,barrense,JO&Atilde;O PAULO FRAN&Ccedil;A,609.697,5906,9.69,97.4,0.572,28.17,47519494.68,41320346.32,13915.49,
Bayeux,2501807,bayeuxense,TARCYANNA MACEDO MOTA LEIT&Atilde;O,27.705,82742,2986.54,96.4,0.649,12.67,288135992.90,337061132.90,14016.16,
Bel&eacute;m,2501906,belenense,ALINE BARBOSA DE LIMA,99.609,16401,164.65,94.7,0.592,16.76,78484406.04,71691714.26,12297.24,
Bel&eacute;m do Brejo do Cruz,2502003,belenense do brejo do cruz,LEOMAR J&Acirc;NIO DE MEDEIROS MAIA,601.549,6268,10.42,96.4,0.578,28.57,42473190.48,47663862.19,10679.3,
Bernardino Batista,2502052,batistense,ANTONIO ALDO ANDRADE DE SOUSA,57.453,3504,60.99,98.7,0.558,-,40462464.06,38235839.49,11211.72,
Boa Ventura,2502102,boa-venturense,MANOEL VITAL NETO,168.664,5207,30.87,97.6,0.599,13.89,32671337.87,27728633.79,9835.17,
Boa Vista,2502151,boavistense,JOS&Eacute; FERNANDO LEITE AIRES,468.933,6377,13.60,98.4,0.649,22.73,55898399.98,45376078.43,28593.35,
Bom Jesus,2502201,bom-jesuense,DENISE BANDEIRA DE MELO BARBOSA PEREIRA,47.367,2286,48.26,99,0.597,-,34897127.48,32690891.49,12384.4,
Bom Sucesso,2502300,bom-sucessense,MANOEL TAIRIS DUARTE,186.059,4661,25.05,96.4,0.592,30.3,39570334.72,30955660.77,11041.7,
Bonito de Santa F&eacute;,2502409,bonitense,ANTONIO LUCENA FILHO,226.798,10252,45.20,96.3,0.574,23.81,54924626.09,54265726.98,7962.14,
Boqueir&atilde;o,2502508,boqueir&atilde;oense,JO&Atilde;O MARCOS DE FREITAS,373.077,17598,47.17,96,0.607,28.04,81320390.72,75168164.42,14310.05,
Igaracy,2502607,igaraciense,EDNAILTON SABINO DA SILVA,197.058,5648,28.66,97.9,0.610,14.49,34526018.15,32772566.86,9976.11,
Borborema,2502706,borboremense,JOS&Eacute; AMANCIO DA FONS&Ecirc;CA RAMALHO,26.107,4214,161.41,98.2,0.558,15.38,27777309.35,24581711.70,13030.55,
Brejo do Cruz,2502805,brejo-cruzense,TALES TORRICELLI DE SOUSA COSTA E SILVA,401.315,13613,33.92,97.2,0.597,-,86763470.13,84565095.18,10299.88,
Brejo dos Santos,2502904,brejo-santense,MARIA LUCIENE DE OLIVEIRA ALMEIDA,93.857,5742,61.18,96.7,0.619,-,33357189.58,28791659.59,9926.14,
Caapor&atilde;,2503001,caapor&atilde;ense,FRANCISCO NAZARIO DE OLIVEIRA,151.018,21193,140.33,98.1,0.602,19.17,120798917.01,108141287.00,21157.09,
Cabaceiras,2503100,cabaceirense,RICARDO JORGE DE FARIAS AIRES,469.171,5335,11.37,99.7,0.611,17.24,45242686.84,41777975.60,20400.58,
Cabedelo,2503209,cabedelense,ANDRE LUIS ALMEIDA COUTINHO,29.873,66519,2226.73,97.3,0.748,12.82,597061826.09,510784510.20,45182.89,
Cachoeira dos &Iacute;ndios,2503308,cachoeirense (dos &Iacute;ndios),ALYSON FRANCISCO DE MOURA SOUSA,193.215,9151,47.36,95.8,0.587,18.69,52521883.52,51633399.09,12042.75,
Cacimba de Areia,2503407,cacimbense (de Areia),HEITOR CARNEIRO CAMPOS,213.019,3291,15.45,93.4,0.596,21.28,29661701.88,27087689.27,10546.32,
Cacimba de Dentro,2503506,cacimbense (de Dentro),POLLYANNO HENRIQUE PEREIRA,165.072,16064,97.32,97.2,0.564,26.74,70690030.03,67716915.35,8971.73,
Cacimbas,2503555,cacimbense,NILTON DE ALMEIDA,124.068,7223,58.22,96.4,0.523,15.5,54666944.88,49602057.50,9287.68,
Cai&ccedil;ara,2503605,cai&ccedil;arense,TARCISIO ALBERTO LOPES SOARES,123.677,6602,53.38,97.7,0.592,40,37403389.85,35912346.15,9142.39,
Cajazeiras,2503704,cajazeirense,MARIA DO SOCORRO DELFINO PEREIRA,562.703,63239,112.38,97.2,0.679,22.99,257622852.17,257591725.30,19683.9,
Cajazeirinhas,2503753,cajazeirinhense,LUANA MARA DE ALMEIDA,282.693,2740,9.69,96.8,0.550,47.62,30000108.41,27720976.38,13058.29,
Caldas Brand&atilde;o,2503803,caldas-brandense,F&Aacute;BIO ROLIM PEIXOTO,55.963,5753,102.80,96.4,0.568,11.36,47666398.88,50432767.48,12293.26,
Camala&uacute;,2503902,camalauense,UBIRAJARA ANTONIO PEREIRA MARIANO,541.841,6085,11.23,96.8,0.567,12.2,35270939.10,32489008.15,11845.53,
Campina Grande,2504009,campinense,BRUNO CUNHA LIMA BRANCO,591.658,419379,708.82,97.6,0.720,13.35,1621633904.18,1643337920.00,25066.11,
Capim,2504033,capiense,CARLYANNE SOARES BORBA,79.876,6970,87.26,95.6,0.533,7.94,44690818.21,37368794.89,11264.11,
Cara&uacute;bas,2504074,cara&uacute;bense,NERIVAN ALVARES DE LIMA,486.622,3944,8.10,98.3,0.585,-,28422916.92,28088282.13,10032.69,
Carrapateira,2504108,carrapateirense,IARLEY PEREIRA BEZERRA,59.070,2312,39.14,98.4,0.603,-,29182279.77,26237154.20,11403.91,
Casserengue,2504157,cassereguense,ANTONIO JUDIVAN DE SOUSA,202.761,6889,33.98,98.2,0.514,14.49,34175178.50,31196372.21,9298.49,
Catingueira,2504207,catingueirense,SUELIO FELIX DE ALENCAR,527.424,4491,8.51,97.1,0.574,-,36388394.06,35030981.74,10712.59,
Catol&eacute; do Rocha,2504306,catoleense,LAURO ADOLFO MAIA SERAFIM,551.765,30661,55.57,98,0.640,11.36,106122169.94,95198159.81,16405.68,
Caturit&eacute;,2504355,caturiteense,ITAMILSON FRANCISCO DA SILVA,117.823,5254,44.59,99.5,0.623,-,35259908.41,33992666.26,12589.86,
Concei&ccedil;&atilde;o,2504405,concei&ccedil;&atilde;oense,SAMUEL SOARES LAVOR DE LACERDA,580.650,18260,31.45,95.7,0.592,15.79,83543891.49,79192831.51,10983.17,
Condado,2504504,condadense,CAIO RODRIGO BEZERRA PAIX&Atilde;O,265.473,6451,24.30,97.1,0.594,-,38997534.81,33405527.71,13565.45,
Conde,2504603,condense,KARLA MARIA MARTINS PIMENTEL,171.267,27605,161.18,95.6,0.618,6.51,198829229.48,207676935.40,50786.89,
Congo,2504702,congoense,FLAVIA EMANOELA SOUSA PEREIRA QUIRINO,324.686,4933,15.19,98.6,0.581,24.39,34927801.24,27946983.88,12890.01,
Coremas,2504801,coremense,EDILSON PEREIRA DE OLIVEIRA,372.012,14683,39.47,94.6,0.592,6.29,63599633.49,57087506.24,16167.95,
Coxixola,2504850,coxixolense,NELSON JOS&Eacute; NEVES HONORATO,173.942,1824,10.49,98.2,0.641,-,25812092.11,21840259.39,12328.94,
Cruz do Esp&iacute;rito Santo,2504900,Santo esp&iacute;rito-santense,ALINY CIBELY CUNHA DA SILVA FARIAS,192.512,17095,88.80,96.1,0.552,14.39,83005806.29,82122117.81,10863.92,
Cubati,2505006,cubatiense,JOSE RIBEIRO DE OLIVEIRA,163.570,7580,46.34,98.3,0.566,31.91,43007927.36,42805004.18,9765.34,
Cuit&eacute;,2505105,cuiteense,CAIO TIB&Eacute;RIO BARBALHO IN&Aacute;CIO DA SILVA,733.818,19719,26.87,98.3,0.591,4.59,103592662.42,92569401.92,10842.53,
Cuitegi,2505204,cuitegiense,GUILHERME CUNHA MADRUGA JUNIOR,42.091,6730,159.89,96.5,0.570,30.93,43334709.48,40605808.33,9890.58,
Cuit&eacute; de Mamanguape,2505238,cuiteense,H&Eacute;LIO SEVERINO DE SOUZA,107.680,6251,58.05,98.4,0.524,-,44189007.99,36657127.69,11652.59,
Curral de Cima,2505279,curralense de cima,ADJAMIR SOUZA DA SILVA,86.428,5254,60.79,97.3,0.529,14.93,45268148.79,39671977.66,10659.61,
Curral Velho,2505303,curral-velhense,T&Aacute;CIO SAMUEL BARBOSA DINIZ,217.624,2292,10.53,99.1,0.606,34.48,32647910.45,22440895.63,10679.09,
Dami&atilde;o,2505352,dami&atilde;oense,SIMONE DE AZEVEDO SANTOS CASADO,186.198,4982,26.76,97.4,0.521,-,31766614.69,28040218.03,9294.97,
Desterro,2505402,desterrense,TIAGO SIM&Otilde;ES DOS SANTOS,182.018,8067,44.32,97.6,0.580,-,46619315.94,45852316.89,8727.17,
Vista Serrana,2505501,vista-serranense,EMMANUEL DA NOBREGA DIAS,60.390,3641,60.29,92.9,0.566,-,31422944.16,29484216.13,10231.1,
Diamante,2505600,diamantense,HERMES MANGUEIRA DINIZ FILHO,271.791,6299,23.18,95.4,0.593,22.99,35202706.15,35383569.87,9121.54,
Dona In&ecirc;s,2505709,inesense,ANTONIO JUSTINO DE ARAUJO NETO,173.648,10380,59.78,98.1,0.545,16.81,66468140.31,57218235.26,9043.88,
Duas Estradas,2505808,duas-estradense,MYLLENA NAYARA LEANDRO NUNES,27.012,3327,123.17,97.1,0.603,50,30515130.49,28333422.09,12615.62,
Emas,2505907,emense,ANA ALVES DE ARA&Uacute;JO LOUREIRO,248.226,3011,12.13,99.5,0.595,-,27995051.81,24352299.91,11709.62,
Esperan&ccedil;a,2506004,esperancense,THIAGO DE ASSIS MORAES,157.851,31231,197.85,97.3,0.623,19.85,144665209.70,156106505.20,15193.67,
Fagundes,2506103,fagundense,WILMAR LEMOS MARANH&Atilde;O J&Uacute;NIOR,185.061,11049,59.70,97.6,0.560,13.7,47834237.91,46291812.01,9419.68,
Frei Martinho,2506202,frei-martinhense,SEBASTI&Atilde;O PINTO DANTAS,238.658,2846,11.93,100,0.641,-,28531964.47,24587250.98,10125.12,
Gado Bravo,2506251,gadobravense,MARCELO PAULINO DA SILVA,192.420,8179,42.51,96.8,0.513,9.01,42168973.35,38574279.58,9190.85,
Guarabira,2506301,guarabirense,MARIA HAILEA ARAUJO TOSCANO,162.387,57484,353.99,95.7,0.673,14.4,219266252.62,210908606.20,30143.08,
Gurinh&eacute;m,2506400,gurinheense,TARCISIO SAULO DE PAIVA,340.408,13766,40.44,97.2,0.556,38.46,85928394.73,81098594.15,10688.13,
Gurj&atilde;o,2506509,gurjaense,JOS&Eacute; ELIAS BORGES BATISTA,344.502,3242,9.41,98.3,0.625,-,29602159.17,26847071.33,11022.19,
Ibiara,2506608,ibiarense,LUCINEIDE VIEIRA PEREIRA,240.357,5631,23.43,96.1,0.586,15.87,31997559.36,27935184.55,9830.27,
Imaculada,2506707,imaculadense,ALDO LUSTOSA DA SILVA,317.804,10392,32.70,97.9,0.557,16.95,50174825.12,44964703.19,8277.65,
Ing&aacute;,2506806,ingaense,JANDERSON DE OLIVEIRA CHAVES,262.179,17692,67.48,97.7,0.592,37.56,102718407.55,96980615.47,10721.55,
Itabaiana,2506905,itabaianense,JOSE CLAUDIO CHAVES CAVALCANTE NETO,210.572,23182,110.09,96.7,0.613,-,86401148.18,85188201.27,13783.7,
Itaporanga,2507002,itaporanguense,AZIF DAVI LEMOS,460.210,23940,52.02,97,0.615,-,100600755.35,88582485.57,13671.27,
Itapororoca,2507101,itapororoquense,JOAO BATISTA SANTOS DA SILVA,145.807,18382,126.07,97.1,0.564,8.37,82444607.22,72707594.67,10877.47,
Itatuba,2507200,itatubense,JOSMAR LACERDA MARTINS,251.749,10499,41.70,95.6,0.562,6.85,48822744.58,40366042.65,14022.61,
Jacara&uacute;,2507309,jacarauense,M&Aacute;RCIO AURELIO MADRUGA CRUZ,256.845,14477,56.36,97.7,0.558,14.42,95830739.01,88527653.47,11414.24,
Jeric&oacute;,2507408,jericoense,KADSON VALBERTO LOPES MONTEIRO,177.356,7516,42.38,98.1,0.603,12.35,43154796.98,39592378.60,9844.33,
Jo&atilde;o Pessoa,2507507,pessoense,CICERO DE LUCENA FILHO,210.044,833932,3970.27,96.9,0.763,15.1,4149388339.12,3770287747.00,26936.78,
Juarez T&aacute;vora,2507606,tavorense,WILSON EVANGELISTA FEITOSA,75.678,7796,103.02,97.8,0.579,20,38302417.28,39067465.55,9124.1,
Juazeirinho,2507705,juazeirinhense,ANNA VIRGINIA DE BRITO MATIAS,474.606,17007,35.83,97.8,0.567,25.27,88260918.47,87541516.77,11417.26,
Junco do Serid&oacute;,2507804,juncoense,PAULO NEIDE MELO FRAGOSO,180.425,6793,37.65,96.2,0.617,10.87,51271560.08,47898014.24,13346.55,
Juripiranga,2507903,juripiranguense,ANTONIO MAROJA GUEDES FILHO,78.706,10012,127.21,97.5,0.548,12.58,63456762.86,51737557.93,10836.82,
Juru,2508000,juruense,SOLANGE MARIA FELIX BARBOSA,395.075,9234,23.37,97.2,0.570,21.28,44712586.53,44750356.83,8876.57,
Lagoa,2508109,lagoense,MARIA RODRIGUES LINHARES DE LIMA,176.649,4415,24.99,93.8,0.563,-,32629035.50,28733576.09,11041.33,
Lagoa de Dentro,2508208,lagoa-dentrense,CAMAF DOUGLAS DA SILVA MOREIRA,83.508,7819,93.63,97.6,0.570,54.95,44055507.27,40089519.99,10773.37,
Lagoa Seca,2508307,lagoa-sequense,MICHELLE RIBEIRO DO NASCIMENTO,108.219,27730,256.24,97.4,0.627,8.62,120522284.06,118336627.40,11171.49,
Lastro,2508406,lastrense,RONALDO GONCALVES SOARES SOBRINHO,107.416,3162,29.44,98.1,0.533,-,28356634.72,23993480.94,10932.15,
Livramento,2508505,livramentense,ERNANDES BARBOZA N&Oacute;BREGA,266.948,6877,25.76,97.3,0.566,-,38606046.37,35106233.72,9629.25,
Logradouro,2508554,logradourense,JOS&Eacute; MARINALDO DA CRUZ,42.876,4797,111.88,98.6,0.583,-,34612976.10,31337287.88,11041.91,
Lucena,2508604,lucenense,LEOMAX DA COSTA BANDEIRA,93.800,12560,133.90,94.4,0.583,14.78,69129128.67,73202071.35,16716.6,
M&atilde;e d'&Aacute;gua,2508703,m&atilde;e-daguense,JUCELIO PEREIRA MOURA,228.676,3583,15.67,96.4,0.542,-,28756189.58,25938588.19,9680.02,
Malta,2508802,maltense,ANA MARIA PEIXOTO DE ARAUJO,172.010,6046,35.15,96.7,0.642,13.51,36585733.12,32546246.86,13865.76,
Mamanguape,2508901,mamanguapense,JOAQUIM FERNANDES DE OLIVEIRA NETO,337.434,44599,132.17,96.5,0.585,15.67,175565809.46,166638091.00,17737.3,
Mana&iacute;ra,2509008,manairense,MANOEL VIRGULINO SIM&Atilde;O,352.025,10434,29.64,95.8,0.543,28.57,46128549.63,42904872.21,9230.77,
Marca&ccedil;&atilde;o,2509057,marca&ccedil;&atilde;oense,ELLYS S&Ocirc;NIA OLIVEIRA GOMES DA SILVA,122.665,8999,73.36,97.8,0.529,12.82,40623220.77,38600310.53,10938.7,
Mari,2509107,mariense,LUCIA DE FATIMA SANTOS DA SILVA,155.265,21512,138.55,98.7,0.548,11.36,95099322.18,92147040.28,11043.96,
Mariz&oacute;polis,2509156,marizopolense,LUCAS GON&Ccedil;ALVES BRAGA,69.952,6705,95.85,97.3,0.608,-,47433321.14,39217218.45,12250.49,
Massaranduba,2509206,massarandubense,JO&Atilde;O COSTA DE SOUSA,209.402,14139,67.52,98.5,0.567,19.74,60111544.47,58071747.15,9262,
Mataraca,2509305,mataraquense,EYMARD DE ARA&Uacute;JO PEDROSA,182.439,8244,45.19,98,0.536,8,64977390.13,56733268.24,27832.84,
Matinhas,2509339,matinhense,BENEDITO BRAZ DA SILVA,36.522,4571,125.16,96.9,0.541,-,33505829.39,29245546.65,11933.63,
Mato Grosso,2509370,matogrossense,GIDALVA FRANCISCA DE LIMA,85.275,2543,29.82,94.4,0.565,38.46,26263330.38,22030090.34,10801.82,
Matur&eacute;ia,2509396,matureense,ELIANDRO MACEDO SANTOS,83.053,6433,77.46,98.4,0.572,-,36400829.96,31707114.79,9239.25,
Mogeiro,2509404,mogeirense,ANTONIO JOSE FERREIRA,214.093,13899,64.92,98.6,0.574,17.86,68026972.93,66242385.77,12416.64,
Montadas,2509503,montadense,JOSE ROMERO MARTINS DOS SANTOS,31.793,5812,182.81,97,0.590,-,35005564.00,33641621.41,9515.07,
Monte Horebe,2509602,horebense,MILENA KAREN TAVARES NOGUEIRA,116.854,4338,37.12,98.5,0.587,15.38,35163477.21,38280740.56,9877.56,
Monteiro,2509701,monteirense,ANA PAULA BARBOSA OLIVEIRA MORATO,992.620,32277,32.52,97.5,0.628,13.95,148836495.29,139657104.80,18888.75,
Mulungu,2509800,mulunguense,DANIELA RODRIGUES RIBEIRO,187.259,8791,46.95,98.2,0.565,7.75,44644543.48,39177975.26,9852.41,
Natuba,2509909,natubense,JOSE LINS DA SILVA FILHO,202.173,8945,44.24,99.3,0.541,12.2,54627313.19,47526602.92,9136.26,
Nazarezinho,2510006,nazarezinhense,MARCELO BATISTA VALE,193.203,7203,37.28,96.5,0.562,14.49,39601739.35,41116923.72,9072.36,
Nova Floresta,2510105,nova-florestense,JOSE IRAN DOS SANTOS,47.572,9724,204.41,96.7,0.601,42.74,46320690.84,41615736.56,9384.37,
Nova Olinda,2510204,nova-olindense,CICERO DAVID DE ANDRADE,81.516,5787,70.99,97.4,0.573,28.99,38366701.74,36044441.14,9810.23,
Nova Palmeira,2510303,nova-palmeirense,ANT&Ocirc;NIO ORLANDO PEREIRA DE ARA&Uacute;JO,314.748,4259,13.53,99.1,0.595,-,31285145.16,34475985.19,9775.17,
Olho d'&Aacute;gua,2510402,olho-daguense,JOANA SABINO DE ALMEIDA CARVALHO,580.470,6060,10.44,98,0.572,-,36727295.72,33278211.21,9665.68,
Olivedos,2510501,olivedense,PEDRO JARSON VERISSIMO DE SOUZA,314.625,3580,11.38,98.8,0.603,22.22,30720766.32,28402230.56,10926.23,
Ouro Velho,2510600,ouro-velhense,GILVANEY JOS&Eacute; VEN&Acirc;NCIO DA SILVA J&Uacute;NIOR,128.110,2918,22.78,92.3,0.614,-,34335531.25,28982567.34,12542.35,
Parari,2510659,parariense,GENIVAL AIRES DE QUEIROZ FILHO,207.814,1720,8.28,99.5,0.584,-,28088446.33,21238021.67,12304.05,
Passagem,2510709,passagense,ROZ&Acirc;NGELA FERREIRA SILVA,123.422,2463,19.96,97.7,0.620,-,26390329.32,23446412.97,11765.11,
Patos,2510808,patoense,NABOR WANDERLEY DA NOBREGA FILHO,472.892,103165,218.16,97.8,0.701,10.16,399128973.94,377664328.20,18329.13,
Paulista,2510907,paulistense,LUCAS DE SOUSA PEREIRA,577.379,11834,20.50,96,0.587,16.95,69025595.56,68539458.67,12651.17,
Pedra Branca,2511004,pedra-branquense,ALLISON VICTO BASTOS DE SOUSA,116.873,3739,31.99,97.9,0.599,19.23,34093410.96,28226994.76,9853.48,
Pedra Lavrada,2511103,pedra-lavradense,JOSE ANTONIO VASCONCELOS DA COSTA,335.615,6859,20.44,98.8,0.574,29.41,50289801.25,48420222.83,10067.2,
Pedras de Fogo,2511202,pedras-foguense,JOS&Eacute; CARLOS FERREIRA BARROS,406.729,29662,72.93,96.8,0.590,15.5,169300524.78,181906711.10,19452.45,
Pianc&oacute;,2511301,piancoense,J&Uacute;LIO EDUARDO VEN&Acirc;NCIO PINHEIRO,576.986,16441,28.49,97.4,0.621,-,84727956.85,80247977.64,12776.52,
Picu&iacute;,2511400,picu&iacute;ense,JOS&Eacute; RANIERI SANTOS FERREIRA,667.714,18333,27.46,97.7,0.608,8.51,97159647.05,93271457.36,11378.13,
Pilar,2511509,pilarense,PATRICIA RODRIGUES SILVA OLIVEIRA DE FARIAS,103.306,12311,119.17,97.2,0.579,21.62,56551365.98,53711271.05,10111.37,
Pil&otilde;es,2511608,piloense,SORAYA FERREIRA SALES DA CUNHA,65.574,6815,103.93,97.5,0.560,11.24,40373804.24,42976326.23,14641.92,
Pil&otilde;ezinhos,2511707,pil&otilde;ezinhense,MARCELO MATIAS CAMELO,40.908,5329,130.27,96,0.564,-,36002391.54,34142112.15,10373.93,
Pirpirituba,2511806,pirpiritubense,DANILO CALIXTO DE FREITAS ROCHA,80.672,9340,115.78,96.6,0.595,7.63,49633040.60,39645147.64,8980.48,
Pitimbu,2511905,pitimbuense,ADELMA CRISTOVAM DOS PASSOS,135.801,16751,123.35,97.3,0.570,35.53,112689564.74,104991496.00,22092.43,
Pocinhos,2512002,pocinhense,ELIANE MOURA DOS SANTOS GALDINO,623.967,17469,28.00,98.2,0.591,12.35,91831060.17,86966410.92,15101.87,
Po&ccedil;o Dantas,2512036,po&ccedil;odantense,ITAMAR MOREIRA FERNANDES,97.758,3830,39.18,98.4,0.525,38.46,45490514.62,37576856.28,10376.63,
Po&ccedil;o de Jos&eacute; de Moura,2512077,po&ccedil;omourense,LAIS RAQUEL DANTAS DE OLIVEIRA,94.646,4006,42.33,98.5,0.612,45.45,48257913.66,36667129.13,10717.41,
Pombal,2512101,pombalense,CLAUDENILDO ALENCAR N&Oacute;BREGA,894.098,32473,36.32,95.4,0.634,16.53,145716329.91,139368788.00,14177.59,
Prata,2512200,prataense,GENIVALDO FERNANDES DA SILVA,201.788,3915,19.40,98.9,0.608,-,34204091.32,30826329.39,15167.11,
Princesa Isabel,2512309,princesense,EDNALDO DE MELO,368.569,21114,57.29,95.7,0.606,7.46,110565737.26,110644621.30,11215,
Puxinan&atilde;,2512408,puxinanaense,ELEUZA MARIA DE OLIVEIRA,71.118,14277,200.75,98.4,0.617,11.11,71075211.59,65009111.14,9987.45,
Queimadas,2512507,queimadense,DEL&Uacute;SIA BARROS DA SILVA,402.748,47658,118.33,96.6,0.608,10.97,201203527.11,184577210.30,13646.91,
Quixaba,2512606,quixabense,ALLAN D LLON CANDEIA DE MACEDO,147.158,1743,11.84,99,0.622,-,25941363.69,22073161.58,13312.85,
Rem&iacute;gio,2512705,remigioense,LUIS CLAUDIO R&Eacute;GIS MARINHO,183.459,17885,97.49,97.1,0.607,8.62,86181605.09,87169034.66,9080.26,
Pedro R&eacute;gis,2512721,pedroregense,MICHELE RIBEIRO DE OLIVEIRA,74.216,5766,77.69,99.1,0.542,35.71,34724686.20,30570008.77,9315.19,
Riach&atilde;o,2512747,riach&atilde;oense,DONATO APARECIDO DE AQUINO,85.291,2927,34.32,98.8,0.574,-,33584258.69,27766108.21,9997.84,
Riach&atilde;o do Bacamarte,2512754,riachonense,JOSE DE ARIMATEA DA SILVA,40.281,4690,116.43,96.9,0.553,-,45911864.33,39846139.38,10982.25,
Riach&atilde;o do Po&ccedil;o,2512762,riach&atilde;oense,MARCELO FERREIRA DE LIMA,40.460,4738,117.10,97.4,0.555,16.13,36482202.58,34764035.03,12291.97,
Riacho de Santo Ant&ocirc;nio,2512788,riachoantoniense,MARCELO BARBOSA FERREIRA,93.654,1955,20.87,98,0.594,-,30587705.46,24110235.60,15288.7,
Riacho dos Cavalos,2512804,riachoense,ARTHUR VIEIRA CARNEIRO,262.532,8493,32.35,97.1,0.568,20.41,44743884.42,42079947.96,10822.34,
Rio Tinto,2512903,rio-tintense,MAGNA CELI FERNANDES GERBASI,465.240,24581,52.84,97.6,0.585,17.18,104303367.63,91211379.72,13272.79,
Salgadinho,2513000,salgadinhense,ERIVAN J&Uacute;LIO DA SILVA,179.005,3355,18.74,97.6,0.563,48.78,32336029.75,29152705.69,8413.51,
Salgado de S&atilde;o F&eacute;lix,2513109,salgadense,JONI MARCOS SOUZA DE OLIVEIRA,204.079,11505,56.38,97.3,0.568,14.6,56950344.95,51703772.65,10610.87,
Santa Cec&iacute;lia,2513158,ceciliense,JOSE MARCILIO FARIAS DA SILVA,217.577,7670,35.25,98.5,0.525,9.17,39783894.81,35057597.32,10059.66,
Santa Cruz,2513208,santa-cruzense,ALBERTO DUARTE DE SOUSA,217.677,5947,27.32,96.5,0.618,-,36216972.39,36502760.28,9441.21,
Santa Helena,2513307,santa-helenense,JO&Atilde;O CLEBER FERREIRA LIMA,211.143,5865,27.78,98.5,0.609,49.18,45752275.92,40929305.22,10620.57,
Santa In&ecirc;s,2513356,santineense,FELIX HENRIQUE LEITE VIEIRA,327.635,3227,9.85,96.2,0.572,-,27529202.26,23959343.96,10235.53,
Santa Luzia,2513406,santa-luziense,HENRY MALDINEY DE LIRA N&Oacute;BREGA,440.766,14959,33.94,97.8,0.682,11.63,80264655.23,89226680.29,24065.43,
Santana de Mangueira,2513505,santanense,MARINA DON&Aacute;RIA ALVARENGA DE LACERDA,405.164,5010,12.37,94.5,0.535,-,34208062.74,29135587.61,10012.95,
Santana dos Garrotes,2513604,santana-garrotense,PALOMA KENNED LEITE DA SILVA,361.484,6569,18.17,96.2,0.594,-,36133011.52,34911838.36,9671.89,
Joca Claudino,2513653,Joca-Claudinense,RINALDO CIPRIANO DE SOUSA,71.799,2539,35.36,98.5,0.622,33.33,35115205.73,30927693.79,12501.62,
Santa Rita,2513703,santa-ritense,JACKSON ALVINO DA COSTA,718.576,149910,208.62,96.3,0.627,13.35,474030452.32,487948448.20,18949.73,
Santa Teresinha,2513802,santa-teresinhense,JOSE DE ARIMATEIA NUNES CAMBOIM,359.442,4402,12.25,98.8,0.627,-,32108099.91,27970273.48,12569.44,
Santo Andr&eacute;,2513851,santoandreense,EDGLEI AMORIM DO NASCIMENTO,197.791,2622,13.26,99.1,0.600,-,27428200.22,25470361.30,11758.94,
S&atilde;o Bento,2513901,s&atilde;o-bentense,GERFERSON GARCIA DE SOUSA,245.840,32235,131.12,95.3,0.580,17.2,157258394.67,154234205.90,16364.14,
S&atilde;o Bentinho,2513927,s&atilde;obentinhense,GIOVANA LEITE CAVALCANTI OL&Iacute;MPIO,199.635,4327,21.67,97.8,0.606,-,30221297.79,29715707.35,11957.9,
S&atilde;o Domingos do Cariri,2513943,s&atilde;odominguense,ONILDO LINDBERG ANANIAS DA SILVA,233.835,2585,11.05,97.3,0.589,-,30082431.86,24407358.27,10850.34,
S&atilde;o Domingos,2513968,s&atilde;odominguense,ADEILZA SOARES FREIRES,170.361,2595,15.23,94,0.548,-,26156690.29,22679928.75,11595.69,
S&atilde;o Francisco,2513984,francisquense,GERONCIO SUCUPIRA JUNIOR,90.724,3137,34.58,96.9,0.580,27.03,28697485.79,26780112.76,11583.67,
S&atilde;o Jo&atilde;o do Cariri,2514008,caririense,FRANCISCO JOAQUIM DE LUCENA PEREIRA,612.966,4226,6.89,98.3,0.622,-,32287184.83,29540660.30,13260.21,
S&atilde;o Jo&atilde;o do Tigre,2514107,s&atilde;o-jo&atilde;o-tigrense,M&Aacute;RCIO ALEXANDRE LEITE,812.617,4263,5.25,96.1,0.552,-,33091662.32,33011371.98,9283.18,
S&atilde;o Jos&eacute; da Lagoa Tapada,2514206,s&atilde;o-joseense,EVILASIO FORMIGA LUCENA NETO,333.724,7126,21.35,93.5,0.530,37.04,45769423.65,44040006.43,9440.27,
S&atilde;o Jos&eacute; de Caiana,2514305,caianense,MANOEL PEREIRA DE SOUZA,183.273,5034,27.47,97.2,0.565,24.69,37041491.32,31899431.75,8697.78,
S&atilde;o Jos&eacute; de Espinharas,2514404,espinharense,THAISE GOMES DE SOUSA,726.757,4083,5.62,96.3,0.577,20.83,33494077.68,28617405.49,11844.18,
S&atilde;o Jos&eacute; dos Ramos,2514453,sanjoseense,MATHEUS AMORIM MARANHAO E SILVA,100.642,5891,58.53,98.1,0.541,27.03,43221243.92,38349367.02,14343.99,
S&atilde;o Jos&eacute; de Piranhas,2514503,piranhense,SANDOVAL VIEIRA LINS,686.918,19067,27.76,97.5,0.591,24.39,101119375.68,95419731.29,11289.98,
S&atilde;o Jos&eacute; de Princesa,2514552,s&atilde;ojoseense,JULIANO DINIZ DE MORAIS,158.052,3416,21.61,96.3,0.565,37.04,26104740.05,25296206.80,8730.43,
S&atilde;o Jos&eacute; do Bonfim,2514602,bonfinense,ROSALBA GOMES DA NOBREGA MOTA,153.629,3242,21.10,96.5,0.578,-,27929966.37,25136876.05,8943.38,
S&atilde;o Jos&eacute; do Brejo do Cruz,2514651,s&atilde;ojoseense,KLEDYANNE CRISTINA DA SILVA GOMES,253.787,1699,6.69,97.9,0.581,-,28426634.22,24527578.55,15975.52,
S&atilde;o Jos&eacute; do Sabugi,2514701,sabugiense,EMANUEL DE ARA&Uacute;JO DOMICIANO DANTAS,213.555,4138,19.38,98.7,0.617,22.73,46259472.66,39861751.97,30132.81,
S&atilde;o Jos&eacute; dos Cordeiros,2514800,s&atilde;o-joseense (dos Cordeiros),FEL&Iacute;CIO KELMO ALMEIDA QUEIROZ,376.661,3411,9.06,98.5,0.556,-,29492465.17,24123637.31,10237.66,
S&atilde;o Mamede,2514909,s&atilde;o-mamedense,FRANCISCO DAS CHAGAS LOPES DE SOUZA FILHO,533.446,7470,14.00,99,0.641,10.87,50439040.55,42629836.39,10705.26,
S&atilde;o Miguel de Taipu,2515005,taipuense,LAELSON ALBUQUERQUE,92.413,7066,76.46,97.4,0.548,43.48,49541505.35,46660596.37,11090.71,
S&atilde;o Sebasti&atilde;o de Lagoa de Ro&ccedil;a,2515104,lagoense (de Ro&ccedil;a),PEDRO JUNIOR QUARESMA DE ARAUJO,46.372,11040,238.07,98.4,0.594,-,52767185.47,55001101.54,8970.65,
S&atilde;o Sebasti&atilde;o do Umbuzeiro,2515203,s&atilde;o-sebastianense,ADALCY MIL&Ecirc;NE DE FREITAS NEVES,464.327,3279,7.06,96.4,0.581,20.41,26531839.71,24270779.08,11433.3,
Sap&eacute;,2515302,sapeense,SIDNEI PAIVA DE FREITAS,313.678,51306,163.56,95.9,0.569,24.26,195780765.52,214153111.30,12756.07,
S&atilde;o Vicente do Serid&oacute;,2515401,seridoense,ERIVAM DOS ANJOS LEONARDO,262.751,10291,39.17,97.2,0.555,6.9,49657979.85,49753958.23,8232.3,
Serra Branca,2515500,serra-branquense,MICHEL ALEXANDRE PEREIRA MARQUES,698.102,13614,19.50,98.2,0.628,23.08,53230942.12,51958446.97,10694.7,
Serra da Raiz,2515609,serra-raizense,LUIZ GONZAGA BEZERRA DUARTE,31.679,3094,97.67,99.6,0.626,-,32697208.98,28454380.21,11892.76,
Serra Grande,2515708,serra-grandense,VICENTE ANTONIO DA SILVA NETO,64.352,2942,45.72,95.7,0.586,-,29461976.00,25118683.52,11360.25,
Serra Redonda,2515807,serra-redondense,FRANCISCO BERNARDO DOS SANTOS,55.197,6828,123.70,97,0.570,11.76,33577467.62,29449487.00,10172.58,
Serraria,2515906,serrariense,EN&Eacute;IAS PEREIRA DA SILVA,65.062,4885,75.08,96.3,0.547,14.49,31439349.50,27350148.70,11212.51,
Sert&atilde;ozinho,2515930,sert&atilde;ozienhense,RONALDO NOGUEIRA VIEIRA,32.455,5054,155.72,97.8,0.621,27.78,40772798.30,34501255.44,10612.64,
Sobrado,2515971,sobradense,OLINALDO MARTINS DA SILVA,61.953,8236,132.94,98,0.573,8,43291595.06,42475107.75,14360.58,
Sol&acirc;nea,2516003,solanense,JUCIAN JAD DO AMARAL COSTA,233.043,26774,114.89,97.4,0.595,17.24,91242063.73,83198584.11,13553.35,
Soledade,2516102,soledadense,JOS&Eacute; ALVES DE MIRANDA NETO,578.178,13968,24.16,98.5,0.616,6.1,83136197.87,71047561.40,13377.14,
Soss&ecirc;go,2516151,sosseguense,VANUSA DA PAZ MEDEIROS,147.264,3345,22.71,100,0.573,-,29102951.54,26091660.99,10663.42,
Sousa,2516201,sousense,HELDER MOREIRA ABRANTES DE CARVALHO,728.492,67259,92.33,97.6,0.668,22.25,241920523.91,225582650.80,18836.93,
Sum&eacute;,2516300,sumeense,MANOEL LOUREN&Ccedil;O QUEIROZ DUARTE,833.315,17166,20.60,97.5,0.627,14.49,88431026.26,88640532.97,11749.92,
Tacima,2516409,tacimense,LUIS RODRIGUES SOBRINHO,245.236,8010,32.66,97,0.551,24.1,47888400.93,44483852.06,8317.81,
Tapero&aacute;,2516508,taperoaense,GEORGE CIRO MONTEIRO DE FARIAS,628.365,14068,22.39,96.8,0.578,28.09,72018096.35,64645707.91,8977.25,
Tavares,2516607,tavarense,GENILDO JOS&Eacute; DA SILVA,239.507,14101,58.88,98.3,0.586,17.14,68008736.49,60921592.38,9458.45,
Teixeira,2516706,teixeirense,WENCESLAU SOUZA MARQUES,155.452,14631,94.12,97.3,0.605,4.98,71921567.40,66038397.54,11027.51,
Ten&oacute;rio,2516755,tenorense,MANOEL VASCONCELOS,87.452,2966,33.92,95.7,0.581,25.64,30460564.26,25075267.93,11111.22,
Triunfo,2516805,triunfense,ESPEDITO CEZARIO DE FREITAS FILHO,224.336,9892,44.09,98.8,0.609,-,68002746.61,60359819.24,9233.39,
Uira&uacute;na,2516904,uiraunense,MARIA SULENE DANTAS SARMENTO,293.182,14930,50.92,97.8,0.636,-,94894850.97,82775540.31,12537.15,
Umbuzeiro,2517001,umbuzeirense,FERNANDA ISABEL LEAL MORAES DUARTE,185.578,9124,49.17,99.4,0.584,9.01,57055635.68,53856435.63,9193.27,
V&aacute;rzea,2517100,varzense,PAULO NOBREGA DE MEDEIROS,191.282,2668,13.95,99.5,0.707,-,25936405.26,23337323.62,13087.54,
Vieir&oacute;polis,2517209,vieiropolense,THIALLY ARISTOTELIS DE OLIVEIRA,147.098,4864,33.07,98.6,0.571,-,33322705.28,30060406.33,9766.21,
Zabel&ecirc;,2517407,zabeleense,JORS&Acirc;MARA BEZERRA NEVES SILVA,106.811,2228,20.86,97.3,0.623,30.3,31937463.31,28572630.38,11882.14,