Bahia | Todos os Munic&iacute;pios
Munic&iacute;pio [-],C&oacute;digo [-],Gent&iacute;lico [-],Prefeito [2025],&Aacute;rea Territorial - km&sup2; [2023],Popula&ccedil;&atilde;o residente - pessoas [2022],Densidade demogr&aacute;fica - hab/km&sup2; [2022],Escolariza&ccedil;&atilde;o &lt;span&gt;6 a 14 anos&lt;/span&gt; - % [2010],IDHM &lt;span&gt;&Iacute;ndice de desenvolvimento humano municipal&lt;/span&gt; [2010],Mortalidade infantil - &oacute;bitos por mil nascidos vivos [2022],Total de receitas brutas realizadas - R$ [2022],Total de despesas brutas empenhadas - R$ [2022],PIB per capita - R$ [2021],
Aba&iacute;ra,2900108,abairense,WELLINGTON BARBOSA SILVA,538.677,7301,13.55,97.2,0.603,18.52,32237641.59,35111367.37,8086.04,
Abar&eacute;,2900207,abareense,EMANOEL MESCIAS MENEZES DE ANDRADE,1604.923,17639,10.99,96.5,0.575,7.17,87563602.75,79977884.76,10127.1,
Acajutiba,2900306,acajutibense,JADIEL SOUZA JESUS,181.475,13795,76.02,98,0.582,12.82,83405745.46,79390929.67,9499.76,
Adustina,2900355,adustinense,JOTA JUNIOR GON&Ccedil;ALVES,629.100,14201,22.57,98.1,0.546,20.55,78434504.29,73643969.42,13986.28,
&Aacute;gua Fria,2900405,&aacute;gua-friense,RENAN ARAUJO BARROS,742.775,14497,19.52,97,0.550,13.79,73397340.01,88594859.92,9269.33,
&Eacute;rico Cardoso,2900504,&eacute;rico-cardosense,ERALDO F&Eacute;LIX DA SILVA,735.249,10604,14.42,98.8,0.584,16.95,53133336.70,50328616.35,7425.41,
Aiquara,2900603,aiquarense,VALERIA RIBEIRO SANTOS,167.877,4447,26.49,98.4,0.583,-,45623931.03,43534669.81,12244.83,
Alagoinhas,2900702,alagoinhense,GUSTAVO AUGUSTO DE SOUZA CARMO,707.836,151055,213.40,97.4,0.683,12.79,664260801.24,631717683.90,29621.32,
Alcoba&ccedil;a,2900801,alcobacense,GIVALDO MUNIZ,1477.929,24530,16.60,96.5,0.608,15.38,135266438.23,142880890.00,15437.27,
Almadina,2900900,almadinense,MARCOS MARCIEL PINHEIRO DE JESUS,245.236,5218,21.28,95.3,0.563,23.26,32229647.81,29587006.69,11924.08,
Amargosa,2901007,amargosense,GET&Uacute;LIO ALMEIDA SAMPAIO,431.655,36521,84.61,96.8,0.625,16.13,190276474.67,168053576.80,12327.08,
Am&eacute;lia Rodrigues,2901106,ameliense,JO&Atilde;O MANOEL BAHIA MENEZES,166.872,24138,144.65,99.2,0.666,6.1,108377590.27,102966520.80,17505.45,
Am&eacute;rica Dourada,2901155,am&eacute;rico-douradense,JOELSON CARDOSO DO ROSARIO,822.373,15137,18.41,96.6,0.561,-,79102581.84,78796917.45,10440.54,
Anag&eacute;,2901205,anageense,ROGERIO BONFIM SOARES,1899.683,25438,13.39,96,0.540,15.54,86891843.40,88578085.10,10592.91,
Andara&iacute;,2901304,andaraiense,WILSON PAES CARDOSO,1590.316,13080,8.22,97.8,0.555,6.58,74092334.41,69360658.94,10254.35,
Andorinha,2901353,andorinhense,ADILBERTO EVANGELISTA DE SOUZA,1362.386,15012,11.02,98,0.588,11.98,108057843.61,101142338.30,15500.25,
Angical,2901403,angicalense,MONICA MARIA RODRIGUES DAS CHAGAS DIAS,1530.050,13732,8.97,96.9,0.625,37.23,66509756.58,61752720.45,13699.3,
Anguera,2901502,anguerense,MAURO SELMO OLIVEIRA VIEIRA,187.840,11031,58.73,98.2,0.589,-,58873240.51,53339705.23,6927.47,
Antas,2901601,antense,ESSIONEIDE PIMENTEL DA SILVA MATOS,326.360,14206,44.43,94.3,0.592,7.3,96411774.67,86953768.11,8179.38,
Ant&ocirc;nio Cardoso,2901700,cardosense,JOCIVALDO BISPO DA CONCEI&Ccedil;&Atilde;O DOS ANJOS,293.530,11146,37.97,95.8,0.561,17.86,54328608.34,51157756.39,10644.2,
Ant&ocirc;nio Gon&ccedil;alves,2901809,ant&ocirc;nio-gon&ccedil;alvense,DJALMA DE FREITAS CARDOSO NETO,345.284,10862,31.46,98.4,0.598,20.83,60949081.57,53828781.31,6917.74,
Apor&aacute;,2901908,aporense,CARINE DANTAS DE MENEZES,479.262,15922,33.22,97.6,0.548,11.3,79635652.50,77698758.00,8332.08,
Apuarema,2901957,apuaremense,ROBERTO SANTOS AMORIM,150.830,6913,45.83,95.9,0.552,27.78,37849353.32,38785003.17,10214.51,
Aracatu,2902005,aracatuense,BRAULINA LIMA SILVA,1489.803,13936,9.35,97.7,0.581,17.54,70530574.93,66381596.36,11245.32,
Ara&ccedil;&aacute;s,2902054,ara&ccedil;aense,AGAMENON OLIVEIRA COELHO,474.577,11557,24.35,98.1,0.570,34.48,80586573.78,83479592.61,24447.56,
Araci,2902104,araciense,MARIA BETIVANIA LIMA DA SILVA,1496.245,48294,32.28,97.4,0.534,15.53,253502295.71,252315817.70,8950.31,
Aramari,2902203,aramariense,ANTONIO LUIZ CARDOSO DANTAS,368.947,9833,26.65,96.3,0.588,11.36,51526836.06,46634677.09,9008.7,
Arataca,2902252,arataquense,FERNANDO MANSUR GONZAGA,435.962,10191,23.38,95.6,0.559,12.99,61145526.80,60057926.34,9308.59,
Aratu&iacute;pe,2902302,aratuipense,ANTONIO MARCOS ARAUJO DE SOUZA,174.012,8677,49.86,98.4,0.575,9.01,47294402.32,42888776.84,9038.92,
Aurelino Leal,2902401,aurelinense,RODRIGO CALAZANS DE ANDRADE,445.394,11179,25.10,95.5,0.568,56.5,70869725.32,71726699.35,12365.87,
Baian&oacute;polis,2902500,baianopolense,WEUBE FEBRONIO DOS SANTOS,3320.723,13614,4.10,98.7,0.589,12.66,79980048.36,73582237.51,18872.77,
Baixa Grande,2902609,baixa-grandense,ADROALDO DOS SANTOS RIBEIRO,967.514,18220,18.83,97.2,0.585,13.7,82668628.92,78137190.30,9527.52,
Banza&ecirc;,2902658,banza&ecirc;ense,PATR&Iacute;CIA NASCIMENTO ALMEIDA,409.507,11958,29.20,98.1,0.579,8.4,93084901.05,83179972.50,8572.74,
Barra,2902708,barrense,ROMEU BATISTA PINTO JUNIOR,11428.112,51092,4.47,97,0.557,23.31,190704876.30,198848474.70,7941.89,
Barra da Estiva,2902807,barrestivense,UILSON ROBSON SILVA ALVES,1657.413,26026,15.70,96.8,0.575,5.57,102037728.35,93872997.06,18698.56,
Barra do Cho&ccedil;a,2902906,barra-chocense,OBERDAM ROCHA DIAS,765.936,36539,47.71,96.9,0.551,20.18,163664432.65,149980554.60,18602.26,
Barra do Mendes,2903003,barra-mendense,MANOEL GABRIEL DOS SANTOS,1436.299,13836,9.63,97.5,0.630,5.88,57221921.89,60683464.74,8829.23,
Barra do Rocha,2903102,barra-rochense,JOSE LUIZ FRANCO RAMOS COSTA,214.411,5775,26.93,95.7,0.577,-,52572707.45,50367801.85,14125.28,
Barreiras,2903201,barreirense,OTONIEL NASCIMENTO TEIXEIRA,8051.274,159734,19.84,97.5,0.721,12.95,897856861.63,841847092.60,44221.63,
Barro Alto,2903235,barro-altino,EVILAZIO JOAQUIM DE OLIVEIRA,414.510,13453,32.46,98.4,0.607,7.09,57975035.53,53036228.28,7440.78,
Barrocas,2903276,barroquense,JOSE ALMIR ARAUJO QUEIROZ,207.297,15203,73.34,98.7,0.610,30.15,92697750.63,85830026.64,21334.14,
Barro Preto,2903300,barro-pretense,JURACI DIAS DE JESUS,201.585,5833,28.94,96.2,0.602,34.48,48592594.66,45986007.78,15044.1,
Belmonte,2903409,belmontense,IEDO JOSE MENEZES ELIAS,1939.447,20121,10.37,96.5,0.598,13.22,99326272.03,93923801.28,15875.7,
Belo Campo,2903508,belo-campense,FIDELIS PEREIRA REIS,772.756,18412,23.83,95.2,0.575,12.35,94007044.42,100366960.70,9968.92,
Biritinga,2903607,biritinguense,GILM&Aacute;RIO SOUZA DE OLIVEIRA,553.762,15146,27.35,98,0.538,22.35,101053376.72,93560021.52,9096.16,
Boa Nova,2903706,boa-novense,LUCAS SANTOS MEIRA,848.857,13690,16.13,97.2,0.567,7.19,64676862.84,57878621.13,9270.48,
Boa Vista do Tupim,2903805,tupinense,SAVIO BULCAO DOS SANTOS,2972.109,16873,5.68,96.8,0.551,5.38,83459655.03,77651502.51,8399.59,
Bom Jesus da Lapa,2903904,lapense,EURES RIBEIRO PEREIRA,4115.510,65550,15.93,95.7,0.633,13.44,309215945.22,304959101.90,19356.52,
Bom Jesus da Serra,2903953,bom-jesuense,WELTON SILVA ANDRADE,467.909,9730,20.79,98.3,0.546,-,43754276.35,46791662.37,7162.09,
Boninal,2904001,boninalense,CELESTE AUGUSTA ARAUJO PAIVA,896.857,13622,15.19,96.3,0.612,43.48,65602591.09,57850833.94,8127.31,
Bonito,2904050,bonitense,EDIVAM JOSE CEDRO DE SOUZA,791.276,15844,20.02,97.6,0.561,13.95,92308969.34,84848138.89,15926.9,
Boquira,2904100,boquirense,ALAN MACHADO FRAN&Ccedil;A,1426.233,19322,13.55,98.8,0.603,13.57,85175016.21,84698668.52,8800.66,
Botupor&atilde;,2904209,botupor&atilde;ense,EDIMILSON ANTONIO SARAIVA,627.612,11024,17.56,98.1,0.575,7.81,57729344.19,56663805.69,10949.08,
Brej&otilde;es,2904308,brejoense,RICARDO CASTRO CERQUEIRA,518.566,12943,24.96,97.9,0.597,30.53,70153287.58,66129680.52,10196.49,
Brejol&acirc;ndia,2904407,brejolandense,EDEZIO NUNES BASTOS,2247.208,9108,4.05,98.4,0.592,22.22,49363601.79,44935024.38,11827.72,
Brotas de Maca&uacute;bas,2904506,brotense,ANTONIO KLEBER RIBEIRO,2520.817,11765,4.67,97.6,0.570,9.17,61124813.39,57824627.77,9019.03,
Brumado,2904605,brumadense,FABRICIO ABRANTES PIRES DE SOUZA OLIVEIRA,2207.612,70510,31.94,96.8,0.656,7.84,326221018.66,338979262.50,26432.55,
Buerarema,2904704,bueraremense,GERIVALDO SOUZA FREITAS,219.487,14804,67.45,91.5,0.613,14.93,69987669.82,68702369.31,11436.46,
Buritirama,2904753,buritiramense,L&Eacute;O MIRANDA S&Atilde;O MATEUS,4046.736,19589,4.84,97.3,0.565,14.93,89655424.59,85651247.43,7251.29,
Caatiba,2904803,caatibense,HUMBERTO DE ALMEIDA ANTUNES,512.436,6205,12.11,89.9,0.561,-,41847529.14,39130554.80,12419.86,
Cabaceiras do Paragua&ccedil;u,2904852,cabaceirense,PEDRO ANDR&Eacute; BRAZ SILVA SANTANA,222.027,16559,74.58,98.8,0.581,13.95,90183029.52,86371036.58,7427.62,
Cachoeira,2904902,cachoeirano,ELIANA GONZAGA DE JESUS,394.894,29250,74.07,97.8,0.647,9.06,122870366.90,114258034.20,14239.25,
Cacul&eacute;,2905008,caculense,PEDRO DIAS DA SILVA,610.983,22462,36.76,97.3,0.637,14.44,105392294.26,97054261.27,15563.12,
Ca&eacute;m,2905107,caenense,ARNALDO DE OLIVEIRA FILHO,540.908,10384,19.20,98.8,0.546,9.52,61221442.98,56433198.16,10356.18,
Caetanos,2905156,caetanense,EDAS JUSTINO DOS SANTOS,767.146,11266,14.69,96.9,0.542,8.26,59499260.16,55896629.04,6991.41,
Caetit&eacute;,2905206,caetiteense,VALT&Eacute;CIO NEVES AGUIAR,2651.536,52012,19.62,98.3,0.625,17.35,215422456.10,207378662.30,21464.71,
Cafarnaum,2905305,cafarnauense,CARLAN NOVAIS SENA XAVIER,643.660,17466,27.14,98.6,0.584,7.38,92893458.38,85903499.30,11697.42,
Cairu,2905404,cairuense,HILD&Eacute;CIO ANT&Ocirc;NIO MEIRELES FILHO,448.846,17761,39.57,98.8,0.627,14.55,147007765.46,140897258.90,80656.9,
Caldeir&atilde;o Grande,2905503,caldeir&atilde;o-grandense,PEDRO HENRIQUE ARAUJO BEZERRA,458.312,13080,28.54,97.8,0.573,29.85,78135316.82,72636216.37,7581.19,
Camacan,2905602,camacaense,PAULO CESAR BOMFIM DE OLIVEIRA,584.848,22579,38.61,92.5,0.581,18.87,122789114.88,113213988.80,11067.74,
Cama&ccedil;ari,2905701,cama&ccedil;ariense,LUIZ CARLOS CAETANO,785.421,300372,382.43,96.7,0.694,14.55,2270716271.54,2093704002.00,109866.84,
Camamu,2905800,camamuense,JAIRO PEREIRA CRUZ,839.702,30469,36.29,96,0.565,24.79,134742949.58,125990690.30,13215.31,
Campo Alegre de Lourdes,2905909,campo-alegrense,TADEU DIAS DOS SANTOS,2914.575,30671,10.52,98.3,0.557,16.95,147877399.32,155216467.50,10246.22,
Campo Formoso,2906006,campo-formosense,ELMO ALUIZIO VIEIRA NASCIMENTO,7161.827,71377,9.97,98,0.586,16.35,421739339.60,381998346.60,28885.32,
Can&aacute;polis,2906105,canapolense,REGINALDO DE SOUZA PEREIRA,460.388,10225,22.21,96.9,0.565,15.75,45952175.51,43972560.81,8764.22,
Canarana,2906204,canaraense,MARLEIDE BARBOSA DE OLIVEIRA,579.726,24206,41.75,98.9,0.587,24.39,118990817.04,106457997.70,9778.68,
Canavieiras,2906303,canavieirense,PAULO CEZAR RAMOS CARVALHO,1334.284,32683,24.49,94.9,0.590,7.98,123085418.58,117692044.60,12876.82,
Candeal,2906402,candealense,RENATO PEREIRA LIMA JUNIOR,447.578,7772,17.36,98.2,0.587,21.51,34829067.28,33029345.48,8360.25,
Candeias,2906501,candeense,ERITON DOS SANTOS RAMOS,251.808,72382,287.45,97.6,0.691,18.65,629703381.39,661141033.80,77650.5,
Candiba,2906600,candibense,REGINALDO MARTINS PRADO,433.642,13016,30.02,98.3,0.591,-,59531011.69,57776384.74,9769.54,
C&acirc;ndido Sales,2906709,c&acirc;ndido-salense,MAUR&Iacute;LIO LEMOS DAS VIRGENS,1169.814,25247,21.58,96.2,0.601,9.87,102701787.36,99114083.81,9819.28,
Cansan&ccedil;&atilde;o,2906808,cansan&ccedil;&atilde;oense,VILMA ROSA DE OLIVEIRA GOMES,1351.891,37439,27.69,98.6,0.557,11.11,229983896.29,225166419.60,10100.52,
Canudos,2906824,canudense,JILSON CARDOSO DE MACEDO,3565.377,16105,4.52,98.6,0.562,33.9,92895404.80,84381205.49,9098.77,
Capela do Alto Alegre,2906857,capelense,LUIS ROMEU OLIVEIRA MASCARENHAS,629.586,10744,17.07,98.6,0.599,9.09,67156745.42,57197009.21,11169.61,
Capim Grosso,2906873,capim-grossense,JOS&Eacute; SIVALDO RIOS DE CARVALHO,464.776,33235,71.51,96.2,0.621,7.18,139824667.59,134041367.50,18670.35,
Cara&iacute;bas,2906899,caraibense,RENATO LIMA DOS SANTOS,805.629,9940,12.34,97.3,0.555,10.75,42673197.15,39656831.39,9955.16,
Caravelas,2906907,caravelense,ADAUTO RONALDO AZEVEDO DA COSTA,2377.889,20580,8.65,95.4,0.616,7.94,129500640.75,119052054.20,16145.53,
Cardeal da Silva,2907004,cardinalense,ANTONIO AUGUSTO SALES DE JESUS,293.456,8365,28.51,98.1,0.552,17.86,62080706.93,62238489.76,12530.82,
Carinhanha,2907103,carinhanhense,FRANCISCA ALVES RIBEIRO,2525.906,28869,11.43,98.8,0.576,23.36,160250153.87,118349916.50,9910.07,
Casa Nova,2907202,casa-novense,ANISIO VIANA DE CASTRO NETO,9647.072,72086,7.47,95.5,0.570,17.49,257226412.69,245274173.20,11975.02,
Castro Alves,2907301,castro-alvense,JADSON SOUZA CUNHA SOARES,713.789,24712,34.62,95.9,0.613,23.97,146074559.93,139238783.90,12030.84,
Catol&acirc;ndia,2907400,catolandiano,GIOVANNI MOREIRA DOS SANTOS,702.504,3434,4.89,98.4,0.582,-,29154887.86,26711351.28,22354.47,
Catu,2907509,catuense,NARLISON BORGES DE SALES,426.955,48148,112.77,97.3,0.677,16.2,230828411.58,216490874.10,12592.64,
Caturama,2907558,caturamense,ANT&Ocirc;NIO LE&Atilde;O BOMFIM,716.261,8841,12.34,98.7,0.571,12.5,43069267.44,44747845.55,8412.58,
Central,2907608,centralense,JOS&Eacute; WILKER ALENCAR MACIEL,566.974,16348,28.83,98.9,0.596,16.04,66751208.92,63947582.50,8935.69,
Chorroch&oacute;,2907707,chorrochoense,UILDE IRL&Atilde; DE OLIVEIRA,3005.319,10579,3.52,96.6,0.600,16,64071992.60,58312016.11,9401.51,
C&iacute;cero Dantas,2907806,c&iacute;cero-dantense,VINICIUS JOSE ARAUJO BORGES DE SOUZA,817.023,30907,37.69,98,0.585,24.22,165297492.63,157406567.20,12258.65,
Cip&oacute;,2907905,cipoense,JOSE MARQUES DOS REIS,168.330,17230,102.36,97.6,0.601,33.61,109405618.33,101549023.70,8929.66,
Coaraci,2908002,coaraciense,MILTON DIAS CERQUEIRA MICHELI SANTOS,274.500,17333,63.14,95.1,0.613,5.38,81376233.81,80086134.27,11847.5,
Cocos,2908101,coquense,CLEWTON DOMINGUES DE SOUZA,10140.572,19151,1.89,97,0.596,20.24,120171828.15,109495229.40,29725.02,
Concei&ccedil;&atilde;o da Feira,2908200,concei&ccedil;oense,JO&Atilde;O PEDRO LABRIOLA CARDOZO,164.798,20800,126.22,98.8,0.634,19.23,104322568.27,97847129.49,16397.98,
Concei&ccedil;&atilde;o do Almeida,2908309,almeidense,RENATA SUELY NOGUEIRA DE SANTANA BARROS,284.836,15794,55.45,95.6,0.606,37.5,77073578.17,68515279.15,11720.12,
Concei&ccedil;&atilde;o do Coit&eacute;,2908408,coiteense,MARCELO PASSOS DE ARAUJO,1015.251,67825,66.81,97.9,0.611,9.52,244193723.89,225364474.20,13126.28,
Concei&ccedil;&atilde;o do Jacu&iacute;pe,2908507,conjacuipense,TANIA MARLI RIBEIRO YOSHIDA,114.869,35308,307.38,98.4,0.663,14.01,166544424.18,161132526.90,82100.68,
Conde,2908606,condense,JOS&Eacute; AN&Iacute;SIO ALMEIDA DE OLIVEIRA,931.106,23654,25.40,96.8,0.560,10.14,118571266.69,106432338.20,11018.15,
Conde&uacute;ba,2908705,condeubense,MICAEL BATISTA SILVEIRA,1348.039,17053,12.65,98.1,0.582,-,79525182.09,72157668.38,9996.28,
Contendas do Sincor&aacute;,2908804,contendense,UELITON VALDIR PALMEIRA SOUZA,977.455,4333,4.43,99,0.577,-,29954585.34,30763908.56,12615.63,
Cora&ccedil;&atilde;o de Maria,2908903,mariense,KLEY CARNEIRO LIMA,378.420,26692,70.54,98.8,0.592,17.78,129711375.53,125052585.00,10109.67,
Cordeiros,2909000,cordeirense,DEVANI PEREIRA DA SILVA,523.640,7546,14.41,98,0.579,-,42231841.18,43675705.88,8165.47,
Coribe,2909109,coribense,MURILLO FERREIRA VIANA,2662.819,13990,5.25,97.7,0.600,6.94,80554552.47,70810452.52,11985.85,
Coronel Jo&atilde;o S&aacute;,2909208,jo&atilde;o-saense,CARLOS FERNANDO OLIVA SILVEIRA,797.434,17056,21.39,96,0.535,11.9,122249722.65,118763510.40,11271.2,
Correntina,2909307,correntinense,WALTER MARIANO MESSIAS DE SOUZA,11504.314,32457,2.82,97.6,0.603,10.62,304616484.88,273171301.40,101729.95,
Cotegipe,2909406,cotegipano,BEATRIZ BATISTA RIBEIRO CALADO,4282.775,13063,3.05,94.5,0.590,12.35,66169040.00,66123234.12,12456.61,
Cravol&acirc;ndia,2909505,cravolandense,CELSO COELHO DA SILVA,182.585,4415,24.18,97.6,0.599,65.22,38026746.41,35068132.58,8577.98,
Cris&oacute;polis,2909604,crisopolense,LEANDRO DANTAS DE JESUS COSTA,636.609,19729,30.99,96.1,0.543,16.88,108974463.07,104176240.50,9714.12,
Crist&oacute;polis,2909703,cristopolense,ERIVALDO CONEGUNDES DA C&Acirc;MARA,1052.837,13993,13.29,98.3,0.614,6.62,65694519.37,62068423.14,11289.8,
Cruz das Almas,2909802,cruz-almense,EDNALDO JOS&Eacute; RIBEIRO,139.117,60348,433.79,97.2,0.699,17.02,224844754.88,195763574.40,16307.21,
Cura&ccedil;&aacute;,2909901,cura&ccedil;aense,ROBSON MURILO BOMFIM DA SILVA,5950.614,34180,5.74,97.4,0.581,13.7,159247575.49,150499774.00,10130.36,
D&aacute;rio Meira,2910008,d&aacute;rio-meirense,MARIVANE DIAS SANTOS,413.637,10820,26.16,93,0.540,-,66029944.52,64387748.11,12191.08,
Dias d'&Aacute;vila,2910057,diasdavilense,ALBERTO PEREIRA CASTRO,183.759,71485,389.01,98,0.676,20.13,355448617.44,326977393.20,36442.65,
Dom Bas&iacute;lio,2910107,dom-basiliense,FERNANDO SILVA SANTOS,689.516,11884,17.24,96.1,0.591,-,65806890.09,59368599.42,11587.29,
Dom Macedo Costa,2910206,macedense,ANT&Ocirc;NIO DOS SANTOS FR&Oacute;ES,94.778,4407,46.50,99.3,0.632,-,33028176.48,28943575.59,10611.99,
El&iacute;sio Medrado,2910305,medradense,LINSMAR MOURA BITTENCOURT SANTOS,179.329,7808,43.54,99.6,0.623,-,43320892.67,38496097.03,9439.42,
Encruzilhada,2910404,encruzilhadense,PEDRO ALVES DE LACERDA SOBRINHO,1890.133,19107,10.11,95,0.544,21.37,80558900.34,80099719.70,16098.09,
Entre Rios,2910503,entrerriense,MANOELITO ARGOLO DOS SANTOS JUNIOR,1187.766,38098,32.08,95.6,0.615,16.81,166559660.28,158731928.10,16224.35,
Esplanada,2910602,esplanadense,JOSE NAUDINHO ALVES DOS SANTOS,1299.355,32554,25.05,97.7,0.589,11.57,162729852.80,158568561.30,19310.56,
Euclides da Cunha,2910701,euclidense,HELDER MACEDO DA SILVA,2025.368,61456,30.34,97.8,0.567,17.4,290966233.82,278488337.80,13015.7,
Eun&aacute;polis,2910727,eunapolitano,JOS&Eacute; ROB&Eacute;RIO BATISTA DE OLIVEIRA,1425.970,113710,79.74,96.2,0.677,18.51,479753302.93,472422106.20,27765.39,
F&aacute;tima,2910750,fatimense,FABIO JOSE REIS DE ARAUJO,368.342,17895,49.11,98.4,0.559,21.05,95934427.54,92484571.22,15735.76,
Feira da Mata,2910776,matense,VALMIR MACEDO RODRIGUES,1176.111,5631,4.79,97.5,0.588,-,36592654.93,33572657.33,11153.59,
Feira de Santana,2910800,feirense,JOSE RONALDO DE CARVALHO,1304.425,616272,472.45,97.4,0.712,14.16,2036599098.73,2026525528.00,27691.08,
Filad&eacute;lfia,2910859,filadelfense,ANDR&Eacute; LUIZ RIBEIRO MAIA,579.686,17897,30.87,98.4,0.565,20.33,111909295.67,100441783.20,8543.03,
Firmino Alves,2910909,firmino-alvense,FABIANO DE JESUS SAMPAIO,172.353,4873,28.27,95,0.578,30.3,41376066.66,41055308.47,12562.8,
Floresta Azul,2911006,floresta-azulense,HERMANIO LEONARDO SANTOS DA SILVA,321.013,11059,34.45,92.8,0.557,14.93,46834895.51,49031200.66,9648.1,
Formosa do Rio Preto,2911105,formosense,MANOEL AFONSO DE ARA&Uacute;JO,15634.328,25899,1.66,97.3,0.618,14.71,307728848.88,273063696.90,176491.78,
Gandu,2911204,ganduense,DAIANA SANTOS SANTANA,229.661,32178,140.11,96.8,0.632,19.66,154817857.81,139354505.40,14071.41,
Gavi&atilde;o,2911253,gavionense,LAURINDO NAZ&Aacute;RIO DA SILVA,384.592,4360,11.34,98.8,0.599,-,28763578.48,26532857.40,11301.64,
Gentio do Ouro,2911303,gentiense,CICERO ELIZEU OLIVEIRA DA FRANCA,3817.946,10884,2.85,97.9,0.559,-,84456107.48,74224376.23,11827.29,
Gl&oacute;ria,2911402,gloriense,ENA VILMA PEREIRA DE SOUZA NEGROMONTE,1566.609,15524,9.91,97.4,0.593,15.63,82042263.80,85475239.91,16667.38,
Gongogi,2911501,gongogiense,ADRIANO MENDON&Ccedil;A PINHEIRO,202.194,5555,27.47,96.8,0.576,-,50850748.40,48599590.77,11159.75,
Governador Mangabeira,2911600,mangabeirense,MANUELA PEDREIRA RODRIGUES SILVA,106.848,20605,192.84,95.6,0.643,18.38,92184387.69,89103089.59,10672.92,
Guajeru,2911659,guajeruense,JILVAN TEIXEIRA RIBEIRO,872.867,8050,9.22,97.1,0.569,-,40660128.28,38208580.84,10780.99,
Guanambi,2911709,guanambiense,ARNALDO PEREIRA DE AZEVEDO,1272.366,87817,69.02,97.8,0.673,9.23,364894280.58,340289395.20,19386.67,
Guaratinga,2911808,guaratinguense,RAFAEL GANDHI MARQUES DAS VIRGENS,2189.404,19049,8.70,94.6,0.558,5.71,78280402.04,74428302.61,13590.15,
Heli&oacute;polis,2911857,heliopoliense,JOSE MENDON&Ccedil;A DANTAS,314.669,12309,39.27,98.3,0.563,15.75,66345410.49,61908787.44,10865.5,
Ia&ccedil;u,2911907,ia&ccedil;uense,NIXON DUARTE MUNIZ FERREIRA,2342.497,24607,10.50,97.8,0.574,15.72,123304840.59,120375165.00,9901.89,
Ibiassuc&ecirc;,2912004,ibiassuceense,TADEU PRADO REBOU&Ccedil;AS PRATES,483.274,10429,21.58,98.5,0.611,9.8,49173110.46,44774401.01,11182.71,
Ibicara&iacute;,2912103,ibicaraiense,MONALISA GONCALVES TAVARES,230.953,21665,93.81,98,0.625,13.39,96788133.85,88897560.69,9808.89,
Ibicoara,2912202,ibicoarense,GILMADSON CRUZ DE MELO,817.355,20785,25.43,96.3,0.591,15.82,123617923.54,106639862.70,22178.77,
Ibicu&iacute;,2912301,ibicuiense,SALOM&Atilde;O BRITO DE CERQUEIRA,1139.378,13934,12.23,98.2,0.584,27.78,66157365.10,78369921.16,12074.07,
Ibipeba,2912400,ibipebense,RHALLBER VIEIRA DE SOUSA,1382.008,16603,12.01,97.6,0.616,17.54,66418680.47,69669827.68,9651.64,
Ibipitanga,2912509,ibipitanguense,HUMBERTO RAIMUNDO RODRIGUES DE OLIVEIRA,954.373,13863,14.53,96.9,0.584,17.7,71365083.73,65039816.77,7837.77,
Ibiquera,2912608,ibiquerense,CARLOS CEZAR DE ALMEIDA SANTOS QUEIROZ,698.245,3725,5.33,96.2,0.511,24.39,29871951.72,27500570.25,9225.14,
Ibirapitanga,2912707,ibirapitanguense,JEAN PEREIRA DE ASSUN&Ccedil;&Atilde;O,472.664,25344,53.62,95.9,0.558,16.95,108594309.70,102284459.10,12198.46,
Ibirapu&atilde;,2912806,ibirapuense,CARLA ANDREIA SOARES CHACARA,771.098,8896,11.54,99.2,0.614,8.06,68107631.90,60932365.64,51568.29,
Ibirataia,2912905,ibirataense,ALEXSANDRO FREITAS SILVA,318.129,18792,59.07,97.6,0.576,14.93,91103257.45,84746728.70,14325.97,
Ibitiara,2913002,ibitiarense,WILSON DOS SANTOS SOUZA,1834.002,14637,7.98,96.2,0.585,23.81,70996160.18,74136084.57,6906.7,
Ibitit&aacute;,2913101,ibititaense,AFONSO FERREIRA MENDON&Ccedil;A,573.033,16969,29.61,96.6,0.602,5.62,72445684.76,69177830.30,9120.25,
Ibotirama,2913200,ibotiramense,LAERCIO SILVA DE SANTANA,1740.113,26309,15.12,96.4,0.636,15.08,154102236.64,150091604.20,15348.75,
Ichu,2913309,ichuense,JOS&Eacute; GONZAGA CARNEIRO,138.016,6190,44.85,98.4,0.631,17.86,39435621.74,33706704.27,9048.63,
Igapor&atilde;,2913408,igaporaense,NEWTON FRANCISCO NEVES COTRIM,836.586,15527,18.56,97.3,0.614,-,74887537.61,75365650.69,12664.23,
Igrapi&uacute;na,2913457,igrapiunense,MANOEL RIBEIRO DOS SANTOS,591.312,13151,22.24,97.2,0.574,13.51,73340949.24,70178890.25,16288.25,
Igua&iacute;,2913507,iguaiense,DAVID C&Eacute;SAR LOUZADA &Aacute;LVARES MACEDO,860.223,21491,24.98,94.1,0.552,7.07,89696860.02,83646092.85,9125.5,
Ilh&eacute;us,2913606,ilheuense,VALDERICO LUIZ DOS REIS J&Uacute;NIOR,1588.555,178649,112.46,96.7,0.690,11.82,773766422.15,667903865.70,32756,
Inhambupe,2913705,inhambupense,HUGO CAVALCANTI REIS SIM&Otilde;ES,1082.283,33790,31.22,97.2,0.565,17.24,174075158.25,145645894.60,15368.34,
Ipecaet&aacute;,2913804,ipecaetense,ELCYDES PIAGGIO DE OLIVEIRA JUNIOR,372.565,13709,36.80,96.1,0.550,-,90367887.30,85406468.51,7390.06,
Ipia&uacute;,2913903,ipiauense,LARYSSA ANDRADE SANTOS FERNANDES DIAS,280.454,40706,145.14,97.4,0.670,15.63,177467128.02,168408124.20,12373.92,
Ipir&aacute;,2914000,ipiraense,THIAGO OLIVEIRA DO VALE,3105.280,56876,18.32,95.9,0.549,15.22,214942956.84,203678050.10,11216.33,
Ipupiara,2914109,ipupiarense,MARCUS VINICIUS RODRIGUES MORENO,1055.760,9935,9.41,98.8,0.590,41.67,42793321.20,42526553.30,10101.62,
Irajuba,2914208,irajubense,ANTONIO OLIVEIRA SAMPAIO,459.047,6101,13.29,98.2,0.576,16.67,45024937.14,45332973.99,10689.38,
Iramaia,2914307,iramaense,AGRIPINO RAMOS DA SILVA,1708.115,10752,6.29,97.3,0.571,9.71,50998760.20,46234817.24,13042.63,
Iraquara,2914406,iraquarense,WALTERSON RIBEIRO COUTINHO,991.822,23879,24.08,99.1,0.599,5.68,121514303.58,117446605.30,34878.97,
Irar&aacute;,2914505,iraraense,NASSARA MENEZES DE SANTANA,267.880,28043,104.68,98.7,0.620,16.39,131956829.31,124131164.60,9764.11,
Irec&ecirc;,2914604,ireceense,MURILO FRANCA PAIVA SILVA,319.174,74507,233.44,96.4,0.691,15.41,315310903.88,303697793.00,20694.32,
Itabela,2914653,itabelense,RICARDO DE JESUS FLAUZINO,924.914,28165,30.45,95.8,0.599,10.35,140689126.07,141330421.80,16648.04,
Itaberaba,2914703,itaberabense,JO&Atilde;O ALMEIDA MASCARENHAS FILHO,2386.390,65073,27.27,96.2,0.620,10.31,260259306.31,287594935.60,15384.75,
Itabuna,2914802,itabunense,AUGUSTO NARCISO CASTRO,401.028,186708,465.57,96.6,0.712,24.25,980625545.43,972667975.70,19618.7,
Itacar&eacute;,2914901,itacareense,EDSON ARANTE SANTOS MENDES,726.265,27704,38.15,94.7,0.583,25.86,139625550.26,134961865.40,14680.53,
Itaet&eacute;,2915007,itaeteense,ZENILDO MATOS DE OLIVEIRA,1331.822,13472,10.12,98.1,0.572,10.53,68987053.38,66573979.03,7842.24,
Itagi,2915106,itagiense,SAULO ISLAN SANTOS SOLEDADE,310.621,13803,44.44,95.6,0.543,-,70431578.67,64838414.54,10595.26,
Itagib&aacute;,2915205,itagibaense,MARCOS VAL&Eacute;RIO BARRETO,810.994,15310,18.88,95.4,0.589,11.36,143870179.60,149604975.90,76971.85,
Itagimirim,2915304,itagimiriense,LUIZ CARLOS J&Uacute;NIOR SILVA DE OLIVEIRA,876.800,6347,7.24,96.2,0.634,14.08,49797887.39,47275056.39,18787.88,
Itagua&ccedil;u da Bahia,2915353,itagua&ccedil;uense,AD&Atilde;O ALVES DE CARVALHO FILHO,4310.238,12311,2.86,96.9,0.562,18.29,120819177.89,112026020.90,10422.22,
Itaju do Col&ocirc;nia,2915403,itajuense,ELDER MARQUES FONTES,1225.287,6037,4.93,98.4,0.592,-,37441076.24,35806558.53,13741.79,
Itaju&iacute;pe,2915502,itajuipense,LEANDRO JUNQUILHO CUNHA,270.752,18781,69.37,96.3,0.599,19.32,88990247.43,84820835.56,12583.72,
Itamaraju,2915601,itamarajuense,JORGE LUIS COSTA SULZ DE ALMEIDA,2360.584,59605,25.25,95.7,0.627,16.5,267498673.41,247864967.30,17246.19,
Itamari,2915700,itamariense,EVERTON BORGES VASCONCELOS,143.479,7051,49.14,95.9,0.578,8.7,35429746.93,33883678.77,12969.76,
Itamb&eacute;,2915809,itambeense,JOS&Eacute; C&Acirc;NDIDO ROCHA ARA&Uacute;JO,1534.575,24394,15.90,96,0.578,3.95,115766411.23,109455336.60,13117.21,
Itanagra,2915908,itanagrense,MARCUS GUSTAVO DE SOUZA SARMENTO,533.634,5914,11.08,98.1,0.584,11.11,43150547.54,50735869.79,12733.07,
Itanh&eacute;m,2916005,itanhense,MILTON FERREIRA GUIMAR&Atilde;ES,1394.174,17813,12.78,97.7,0.637,27.78,80736780.83,80624932.76,15276.69,
Itaparica,2916104,itaparicano,JOS&Eacute; ELIAS DAS VIRGENS OLIVEIRA,121.373,19789,163.04,98.3,0.670,15.81,108736946.84,104274062.50,11005.21,
Itap&eacute;,2916203,itapeense,REINALDO MARTINS DE ALMEIDA,453.144,10341,22.82,96.1,0.599,19.8,48097114.32,45220324.00,12829.96,
Itapebi,2916302,itapebiense,ISAN DO NASCIMENTO BOTELHO,1013.074,9174,9.06,97.4,0.572,8.62,66420628.83,61106208.48,32993.84,
Itapetinga,2916401,itapetinguense,EDUARDO JORGE ALMEIDA HAGGE,1651.158,65897,39.91,96.8,0.667,20.36,264894013.73,265901862.10,18952.34,
Itapicuru,2916500,itapicuruense,JOS&Eacute; MOREIRA DE CARVALHO NETO,1557.685,31679,20.34,95.6,0.486,25.64,174963924.47,175524069.20,12139.08,
Itapitanga,2916609,itapitanguense,GLISLAINE D&Oacute;REA ALVES,420.663,10279,24.44,97,0.571,28.99,53284436.55,50808108.97,9207.43,
Itaquara,2916708,itaquarense,ROG&Eacute;RIO RODRIGUES DOS SANTOS,344.093,8153,23.69,94.5,0.553,25,37594382.65,36386368.28,12028.25,
Itarantim,2916807,itarantinense,FABIO PEREIRA GUSMAO,1674.029,17052,10.19,96.6,0.610,12.82,93680589.09,80339653.94,16610.89,
Itatim,2916856,itatinhense,DAIANE SILVA DOS ANJOS,547.510,15737,28.74,97.9,0.582,5.52,98608209.51,84956508.54,29483.13,
Itiru&ccedil;u,2916906,itiru&ccedil;uense,UBIRATAN MORAES DA SILVA,322.243,10999,34.13,96.7,0.600,8.47,8012886.48,14246046.08,9672.65,
Iti&uacute;ba,2917003,itiubense,JOSE FRANCISCO DOS SANTOS FILHO,1650.593,33872,20.52,95.5,0.544,26.51,160732715.60,147485218.90,9731.99,
Itoror&oacute;,2917102,itororoense,ADAUTO OLIVEIRA DE ALMEIDA,313.839,16617,52.95,98.6,0.594,18.07,77628601.19,80713729.53,12310.7,
Itua&ccedil;u,2917201,itua&ccedil;uense,PHELLIPE RAMONN GON&Ccedil;ALVES BRITO,1199.374,17914,14.94,98.2,0.570,17.24,90509955.28,85414685.43,13448.72,
Ituber&aacute;,2917300,ituberense,REGES JONAS ARAGAO SANTOS,415.428,21902,52.72,97.8,0.606,12.05,109972944.49,109089110.60,12734.98,
Iuiu,2917334,iuiuense,NUCIVALDA AMERICA DA SILVA,1525.142,11118,7.29,98.3,0.591,17.24,58703695.27,52922333.32,12087.01,
Jaborandi,2917359,jaborandiense,MARCOS ANT&Ocirc;NIO MATOS DA SILVA,9955.113,9275,0.93,96.1,0.613,17.75,112302833.50,94027084.15,164407.7,
Jacaraci,2917409,jacaraciense,DEUSDEDIT CARVALHO ROCHA,1332.420,14436,10.83,98.3,0.593,7.63,64360197.73,64140039.18,8274.98,
Jacobina,2917508,jacobinense,VALDICE CASTRO VIEIRA DA SILVA,2192.905,82590,37.66,97.3,0.649,10.92,417675694.34,413335890.90,23131.75,
Jaguaquara,2917607,jaguaquarense,EDIONE OLIVEIRA AGOSTINONE,924.512,45964,49.72,94.7,0.580,9.2,186984697.86,184378578.50,12349.81,
Jaguarari,2917706,jaguarariense,ANT&Ocirc;NIO FERREIRA DO NASCIMENTO,2466.009,32703,13.26,98.3,0.659,9.93,210232755.50,195415521.60,35329.66,
Jaguaripe,2917805,jaguaripense,F&Aacute;BIO NONATO BARBOSA,863.424,17659,20.45,97.6,0.556,23.26,99341826.02,94091469.37,10789.9,
Janda&iacute;ra,2917904,jandairense,GILDASIO MENDES LOPES,640.772,9285,14.49,99,0.550,8.7,64466495.92,61972924.94,15659.59,
Jequi&eacute;,2918001,jequieense,ZENILDO BRAND&Atilde;O SANTANA,2969.039,158813,53.49,97.4,0.665,14.34,701486186.67,730273756.60,20325.74,
Jeremoabo,2918100,jeremoabense,JO&Atilde;O BATISTA MELO DE CARVALHO,4267.488,37626,8.82,97.2,0.547,8.64,168691998.47,162758352.90,12278.09,
Jiquiri&ccedil;&aacute;,2918209,jiquiri&ccedil;aense,LUCAS LEAL DOS SANTOS BARRETO,238.660,13629,57.11,97.8,0.553,-,84426353.59,90390033.21,10314.26,
Jita&uacute;na,2918308,jitaunense,MARCELO PECORELLI GOMES,262.050,14355,54.78,96.7,0.575,26.85,91023442.34,86861964.82,16772.13,
Jo&atilde;o Dourado,2918357,jo&atilde;o-douradense,DIAMERSON COSTA CARDOSO DOURADO,913.258,24854,27.21,96.5,0.593,18.42,110141998.19,122632534.90,11604.44,
Juazeiro,2918407,juazeirense,MARCOS ANDREI SOUZA GON&Ccedil;ALVES DA SILVA,6721.237,237821,35.38,96.7,0.677,14.01,1095717280.40,1053449054.00,23601.32,
Jucuru&ccedil;u,2918456,jucuru&ccedil;uense,ARIVALDO DE ALMEIDA COSTA,1457.656,9655,6.62,91.5,0.541,-,47846156.59,47377753.17,14417.25,
Jussara,2918506,jussarense,TACIANO MENDES DA SILVA,1355.173,16354,12.07,97.2,0.571,26.46,77595233.62,71432802.65,7456.05,
Jussari,2918555,jussariense,ORLEANS MASCARENHAS DOS SANTOS,329.190,5888,17.89,94.5,0.567,-,43173482.33,39667148.34,12528.13,
Jussiape,2918605,jussiapense,JOS&Eacute; SANTOS LUZ,589.763,7379,12.51,98.4,0.602,-,37880030.31,34673275.03,11898.43,
Lafaiete Coutinho,2918704,lafaietense,FL&Aacute;VIO BRAND&Atilde;O SANTANA,498.110,4075,8.18,99.1,0.599,-,36216167.70,35301011.95,15087.98,
Lagoa Real,2918753,lagoa-realense,JOS&Eacute; CARLOS TRINDADE DUCA,912.222,14105,15.46,97.5,0.545,9.01,58366000.92,58901448.07,7536.82,
Laje,2918803,lajista,JACIARA REIS DOS SANTOS,449.834,21052,46.80,96.9,0.586,8.51,116484213.43,110819240.50,12075.74,
Lajed&atilde;o,2918902,lajed&atilde;oense,ARISTON ALMEIDA PASSOS FILHO,624.353,3845,6.16,98.7,0.632,-,32463371.53,31957202.52,28301.41,
Lajedinho,2919009,lajedinhense,ANTONIO MARIO LIMA SILVA,846.728,3527,4.17,97.5,0.546,-,32395621.75,27219697.76,16301.42,
Lajedo do Tabocal,2919058,lagedense,ANT&Ocirc;NIO MARCOS ARA&Uacute;JO DE SENA,382.936,7494,19.57,97.8,0.584,-,49488505.86,47792514.59,9120.23,
Lamar&atilde;o,2919108,lamar&atilde;oense,MARIA LUZINEIDE COSTA SILVA DE ARAUJO,189.259,9015,47.63,95.2,0.518,-,43852739.17,42126050.93,8049.98,
Lap&atilde;o,2919157,lapoense,MARCIO ANTONIO MESSIAS DA SILVA,642.882,25736,40.03,97,0.596,5.38,147721817.67,128434744.90,11066.55,
Lauro de Freitas,2919207,lauro-freitense,D&Eacute;BORA REGIS DOS SANTOS FILHA,57.942,203331,3509.22,97.2,0.754,16.31,1005185594.81,937404473.20,35778.64,
Len&ccedil;&oacute;is,2919306,len&ccedil;oense,VANESSA DOS ANJOS TELES SENNA,1283.328,10774,8.40,97.2,0.623,58.25,66700974.35,68921261.10,14642.25,
Lic&iacute;nio de Almeida,2919405,lic&iacute;nio-de-almeidense,RONEY FRANCISCO COTRIM,856.626,11834,13.81,98.4,0.621,15.75,51387419.37,53899686.45,12747.54,
Livramento de Nossa Senhora,2919504,livramentense,JOANINA BATISTA SILVA MORAIS SAMPAIO,1952.510,43903,22.49,98.1,0.611,3.99,172041983.03,154030370.90,12415.24,
Lu&iacute;s Eduardo Magalh&atilde;es,2919553,luiseduardense,ONDUMAR FERREIRA BORGES JUNIOR,4036.094,107909,26.74,96.4,0.716,8.04,675812464.98,631986763.30,95182.4,
Macajuba,2919603,macajubense,LUCIANO PAMPONET DE SOUSA,701.171,10454,14.91,97.6,0.524,16.67,65722700.28,67845526.20,8021.62,
Macarani,2919702,macaraniense,SELMA RODRIGUES SOUTO,1210.106,21599,17.85,96.7,0.605,-,80088117.72,74643124.05,11918.82,
Maca&uacute;bas,2919801,macaubense,ALO&Iacute;SIO MIGUEL REBONATO,2459.102,41859,17.02,97.9,0.609,19.27,179375887.26,188171505.20,8545.27,
Macurur&eacute;,2919900,macururense,LEANDRO BERGUE GOMES DA CRUZ,2545.856,7256,2.85,97.1,0.604,10.75,45630191.40,44707944.95,8711.97,
Madre de Deus,2919926,madre-deusense,DAILTON RAIMUNDO DE JESUS FILHO,32.201,18504,574.64,98.5,0.708,11.11,292950796.50,262744060.90,23697.45,
Maetinga,2919959,maetinguense,SERGIO BARROS MOREIRA,614.834,6973,11.34,96.8,0.538,16.95,34790601.46,39134603.15,21006.45,
Maiquinique,2920007,maiquiniquense,VALERIA FERREIRA SILVEIRA MOREIRA,588.297,8731,14.84,98.1,0.576,36.7,45758867.12,45455619.91,19907.79,
Mairi,2920106,mairiense,GUSTAVO ALVES FERREIRA CARNEIRO,906.680,17674,19.49,98,0.572,-,76493957.63,79748842.80,8568.25,
Malhada,2920205,malhadense,GIMMY EVERTON MOURARIA RAMOS,1979.193,15398,7.78,97.4,0.562,8.7,79538280.01,74565687.36,11144.59,
Malhada de Pedras,2920304,malhada-pedrense,CARLOS ROBERTO SANTOS DA SILVA,550.550,8670,15.75,97.4,0.578,10.75,56091725.36,53572708.84,9685.22,
Manoel Vitorino,2920403,manoel-vitorinense,VINICIUS COSTA BISPO DE SENA,2201.764,13860,6.29,98.2,0.566,7.25,57506268.18,57174179.35,10804.93,
Mansid&atilde;o,2920452,mansid&atilde;oense,JUVIO FERREIRA DE OLIVEIRA,3129.588,13919,4.45,99.3,0.599,39.47,60118726.81,53135459.74,6778.15,
Marac&aacute;s,2920502,maracaense,NELSON LUIZ DOS ANJOS PORTELA,2413.270,27620,11.45,97.2,0.607,13.25,130548464.46,124076677.60,32865.72,
Maragogipe,2920601,maragogipano,VALNICIO ARMEDE RIBEIRO,437.610,35859,81.94,96.8,0.621,12.38,158478162.12,164995763.80,8971.96,
Mara&uacute;,2920700,marauense,ISRAVAN LEMOS BARCELOS,848.885,24527,28.89,95,0.593,15.56,115920150.83,113302173.80,16520.48,
Marcion&iacute;lio Souza,2920809,marcionilense,HERMINIO JOSE OLIVEIRA MERCES,1099.283,9267,8.43,96.1,0.561,17.86,64034476.68,59485779.61,9115.8,
Mascote,2920908,mascotense,SEBASTI&Atilde;O MOREIRA CARVALHO,742.689,13544,18.24,95,0.581,32,70404985.36,64978989.58,11858.24,
Mata de S&atilde;o Jo&atilde;o,2921005,matense,AGOSTINHO BATISTA DOS SANTOS NETO,605.168,42566,70.34,98.1,0.668,10.79,412722182.89,416945129.30,27889.83,
Matina,2921054,matinense,OLGA GENTIL DE CASTRO CARDOSO,773.280,10330,13.36,97.5,0.572,28.04,58690017.74,54269821.97,7422.78,
Medeiros Neto,2921104,medeirosnetense,ADALBERTO ALVES PINTO,1311.739,22194,16.92,96.7,0.625,10.42,122252267.41,116901786.60,22632.21,
Miguel Calmon,2921203,calmonense,MARINALDO SAMPAIO DE SOUZA FILHO,1599.672,24661,15.42,97.5,0.586,26.14,127656349.94,94717003.80,10599.55,
Milagres,2921302,milagrense,MARCOS QUEIROZ RIBEIRO,420.357,11071,26.34,98.9,0.622,22.06,62720870.65,59243477.20,13287.94,
Mirangaba,2921401,mirangabense,DIRCEU MENDES RIBEIRO,1751.778,15734,8.98,98.4,0.542,32.26,89684784.38,76384217.31,7602.4,
Mirante,2921450,mirantense,EDNO SILVA NASCIMENTO,1172.861,10187,8.69,97.3,0.527,20,47486409.72,44272198.47,9514.96,
Monte Santo,2921500,monte-santense,SILVANIA SILVA MATOS,3034.197,47780,15.75,98.1,0.506,21.56,254528872.04,250756853.40,9360.71,
Morpar&aacute;,2921609,morparaense,NATALITO RIBEIRO DE ALCANTARA,2093.872,7996,3.82,97.9,0.558,9.8,44191452.84,41831365.11,9281.16,
Morro do Chap&eacute;u,2921708,morrense,JULIANA PEREIRA ARAUJO LEAL,5744.969,33594,5.85,96.5,0.588,12.76,213086970.81,194192593.20,17648.85,
Mortugaba,2921807,mortugabense,RITA DE C&Aacute;SSIA CERQUEIRA DOS SANTOS,528.214,11143,21.10,99.7,0.618,8.55,56063194.90,52674882.60,8854.99,
Mucug&ecirc;,2921906,mucugeense,ANA OLIMPIA HORA MEDRADO,2462.153,12137,4.93,97.5,0.606,22.99,84296776.79,77534319.78,88818.38,
Mucuri,2922003,mucuriense,ROBERTO CARLOS FIGUEIREDO COSTA,1787.626,37977,21.24,94.1,0.665,7.04,264738916.23,243904719.80,51787.26,
Mulungu do Morro,2922052,mulunguense,AC&Aacute;CIO TELES DOS SANTOS,646.621,13152,20.34,98.4,0.566,5.18,70263568.86,67330533.12,20336.37,
Mundo Novo,2922102,mundo-novense,ANA PAULA DE OLIVEIRA COSTA,1491.990,17305,11.60,96.5,0.590,6.45,99431108.69,91885185.55,7337.41,
Muniz Ferreira,2922201,ferreirense,GILENO PEREIRA DOS SANTOS,104.540,7190,68.78,98.2,0.617,29.85,45429018.47,42596933.27,8950.97,
Muqu&eacute;m do S&atilde;o Francisco,2922250,sanfranciscano,AILSON DE SOUZA SELIS,3852.111,10443,2.71,97.1,0.549,18.52,68698395.71,62764935.82,18319.58,
Muritiba,2922300,muritibano,ROSILVANDA OLIVEIRA REIS,86.312,28707,332.60,96.7,0.660,9.71,157376155.59,145528571.60,9407.81,
Mutu&iacute;pe,2922409,mutuipense,JO&Atilde;O CARLOS RAUEDYS CARDOSO DA SILVA,275.854,20037,72.64,98.7,0.601,4.07,90835244.71,84914794.76,21100.38,
Nazar&eacute;,2922508,nazareno,CARLOS BENON SAMPAIO CARDOSO,278.629,27060,97.12,96.9,0.641,12.5,188711858.22,172105470.40,11540.19,
Nilo Pe&ccedil;anha,2922607,nilo-pe&ccedil;anhense,JACQUELINE SOARES DE OLIVEIRA,388.936,12063,31.02,94.9,0.547,12.58,89339049.11,83921310.68,13139.06,
Nordestina,2922656,nordestinense,ELIETE DE ANDRADE ARAUJO,465.407,18523,39.80,98.7,0.560,6.37,83044393.48,81466215.18,12189.34,
Nova Cana&atilde;,2922706,canaense,WADSON OLIVEIRA ROCHA,804.617,13715,17.05,96.9,0.545,23.81,78354443.49,78966624.43,10572.94,
Nova F&aacute;tima,2922730,fatimense,JOSE DE ASSIS DE OLIVEIRA PORTO,346.784,7967,22.97,98.5,0.597,13.33,39032431.10,34982944.17,12158.12,
Nova Ibi&aacute;,2922755,nova-ibiaense,MARCIO TARANTINE SOUZA SAMPAIO,203.198,6501,31.99,97,0.570,-,42022282.61,40623720.24,15600.07,
Nova Itarana,2922805,nova-itaranense,ELMO RICARDO GALVAO DE SOUZA  SILVA,475.381,7780,16.37,97.4,0.524,-,59343927.32,54683769.58,8800.02,
Nova Reden&ccedil;&atilde;o,2922854,nova-reden&ccedil;oense,ADEMAR MARTINS DE OLIVEIRA FILHO,565.356,7538,13.33,95.1,0.567,23.81,37782635.84,36385997.99,8283.67,
Nova Soure,2922904,nova-souriense,ALAN CAMILO BARRETO REIS,966.993,24236,25.06,97.6,0.555,25.97,112527932.90,106168340.50,10047.07,
Nova Vi&ccedil;osa,2923001,nova-vi&ccedil;osense,LUCIANA SOUSA MACHADO RODRIGUES,1316.379,39509,30.01,97,0.654,11.56,179857354.15,167164581.30,13040.8,
Novo Horizonte,2923035,novo-horizontino,ROGERIO DE OLIVEIRA PRADO,627.500,11162,17.79,97.4,0.597,14.71,65185860.27,59712855.91,8316.99,
Novo Triunfo,2923050,novo-triunfense,MATHEUS BARROS DE SANTANA,299.125,10660,38.28,94.6,0.554,-,80538511.66,73267978.12,6729.14,
Olindina,2923100,olindinense,LUIZ ALBERTO ARA&Uacute;JO DANTAS FILHO,637.317,22633,35.51,91.4,0.559,8.2,109451593.65,98197148.29,8535.66,
Oliveira dos Brejinhos,2923209,brejinhense,CLERISTON UAIDE REIS GUEDES PEREIRA,3313.418,20715,6.25,97.8,0.554,3.98,99343064.02,128103250.00,13393.04,
Ouri&ccedil;angas,2923308,ouri&ccedil;anguense,RONIVALDO CERQUEIRA DE ARA&Uacute;JO,156.982,7716,49.15,98.7,0.607,-,53337487.02,57057468.53,9404.52,
Ourol&acirc;ndia,2923357,ourolandense,JOS&Eacute; RAIMUNDO ARAUJO DE SOUZA,1544.988,19243,12.46,97.7,0.560,9.13,111198796.81,100074063.00,15949.53,
Palmas de Monte Alto,2923407,monte-altense,MARCOS TULIO LARANJEIRA ROCHA,2560.027,20078,7.84,99,0.586,13.95,86693022.52,79433503.56,10905.54,
Palmeiras,2923506,palmeirense,WILSON JOSE DA ROCHA,737.454,10339,14.02,96.2,0.643,31.25,46984146.53,43444267.75,11814.68,
Paramirim,2923605,paramirinhense,JO&Atilde;O RICARDO BRASIL MATOS,1087.061,20351,18.72,96.7,0.615,13.76,92554137.28,88005299.18,12441.24,
Paratinga,2923704,paratinguense,VITOR FERREIRA DE SANTANA,2624.998,29252,11.14,98.9,0.590,31.66,132384088.48,130537365.70,8074.4,
Paripiranga,2923803,paripiranguense,TALISSON SANTA ROSA NASCIMENTO,442.186,26604,60.16,97.4,0.577,18.45,117990169.55,115330303.80,15610.33,
Pau Brasil,2923902,pau-brasilense,ROBSON VEN&Acirc;NCIO DO NASCIMENTO,626.306,9370,14.96,96.9,0.583,28.17,43458501.89,43980896.42,11070.88,
Paulo Afonso,2924009,paulo-afonsino,MARIO CESAR BARRETO AZEVEDO,1544.388,112870,73.08,96.4,0.674,11.79,474306494.04,472150513.80,33262.53,
P&eacute; de Serra,2924058,p&eacute;-de-serrense,ZEDIVAN DE FREITAS RIOS,596.771,13243,22.19,98,0.587,6.54,68454720.38,66966078.42,9712.24,
Pedr&atilde;o,2924108,pedronense,MARCILIO MENEZES,158.488,6235,39.34,98.3,0.588,-,39412585.74,35307035.97,7028.06,
Pedro Alexandre,2924207,pedro-alexandrense,YURI CESAR DE ANDRADE MENEZES,889.572,13954,15.69,94.4,0.513,26.74,77775932.09,80205298.30,7145.33,
Piat&atilde;,2924306,piat&atilde;ense,MARCOS PAULO SANTOS AZEVEDO,1825.856,20086,11.00,98.6,0.571,28.67,113041529.56,107512657.10,14405.06,
Pil&atilde;o Arcado,2924405,pil&atilde;o-arcadense,LEOSMIR ATANAZIO GAMA,11597.936,35357,3.05,95.8,0.506,13.44,148847468.90,149978567.00,8255.65,
Pinda&iacute;,2924504,pindaiense,JO&Atilde;O EVANGELISTA VEIGA PEREIRA,628.469,14731,23.44,98.5,0.603,15,75263724.95,70556121.13,18183.92,
Pindoba&ccedil;u,2924603,pindoba&ccedil;uense,DAVID MENEZES FARIAS,495.845,19083,38.49,98.6,0.577,7.91,114111381.55,107229188.50,7836.92,
Pintadas,2924652,pintadense,VALCYR ALMEIDA RIOS,647.144,10325,15.95,96.7,0.612,12.2,48069890.74,45722241.79,10561.22,
Pira&iacute; do Norte,2924678,piraiense,HELITON FABIANO TAVARES DA SILVA PEREIRA,193.427,10974,56.73,95.4,0.533,10.75,45479391.10,45811797.43,11643.35,
Pirip&aacute;,2924702,piripaense,CRISTIANO SANTOS SILVA,504.395,9152,17.88,97.3,0.575,-,50665068.87,43844273.20,7744.84,
Piritiba,2924801,piritibano,LEANDRA BELITARDO BARRETTO DE ANDRADE LIMA,980.328,17566,17.92,97.9,0.578,11.63,81507793.05,80123922.90,7467.76,
Planaltino,2924900,planaltinense,RONALDO LISBOA DA SILVA,955.454,8022,8.40,96.6,0.572,-,44407893.16,41943103.18,8412.61,
Planalto,2925006,planaltense,CLOVES ALVES ANDRADE,769.000,23334,30.34,97.1,0.560,10.45,97066456.82,90993782.82,11658.15,
Po&ccedil;&otilde;es,2925105,po&ccedil;oense,IRENILDA CUNHA DE MAGALH&Atilde;ES,937.855,48293,51.49,96.5,0.604,10.68,175787225.37,170315430.20,12232.18,
Pojuca,2925204,pojucano,LUIZ CARLOS COSTA TRINCH&Atilde;O,314.932,32136,102.04,96.7,0.666,16.04,278825144.40,274379092.90,45629.19,
Ponto Novo,2925253,ponto-novense,FABIANE AZEVEDO MAIA DE OLIVEIRA,530.143,17938,33.84,98.1,0.580,19.61,101461532.04,96559330.40,9683.61,
Porto Seguro,2925303,porto-segurense,JANIO NATAL ANDRADE BORGES,2285.734,168326,73.64,96.9,0.676,13.33,866773784.94,770120658.80,24702.76,
Potiragu&aacute;,2925402,potirag&uuml;ense,ELIAS DE CARVALHO FILHO,1111.567,10274,9.24,97.6,0.625,9.8,44262736.13,44600826.94,17359.62,
Prado,2925501,pradense,GILVAN DA SILVA SANTOS,1692.100,35003,20.69,96.5,0.621,13.08,169880060.21,170367021.40,22139.06,
Presidente Dutra,2925600,presidutrense,ROBERTO CARLOS ALVES DE SOUZA,232.064,15130,65.20,96,0.614,12.5,69454041.70,65572327.32,8707.33,
Presidente J&acirc;nio Quadros,2925709,janio-quadrense,LELIO ALVES BRITO JUNIOR,1208.566,12621,10.44,97,0.542,41.32,58369939.57,56092151.40,8347.41,
Presidente Tancredo Neves,2925758,tancredense,JOSUE PAULO DOS SANTOS FILHO,441.820,27734,62.77,97.5,0.559,10.55,129614633.37,125720598.70,11967.89,
Queimadas,2925808,queimadense,RICARDO MARCOS BATISTA LOPES,2011.060,25988,12.92,98,0.592,19.61,109906114.09,104068634.70,10141.66,
Quijingue,2925907,quijinguense,JOS&Eacute; ROMERO ROCHA MATOS FILHO,1380.798,25272,18.30,98.4,0.544,19.42,114923548.76,118717165.90,8232.09,
Quixabeira,2925931,quixabeirense,EDINALDO OLIVEIRA RIOS,366.387,9461,25.82,98.6,0.578,24.69,70251374.37,72706651.53,8623.21,
Rafael Jambeiro,2925956,jambeirense,MARINALVO FERNANDES SERRA,1090.552,19662,18.03,96.3,0.564,-,97711291.80,90183031.22,17496.89,
Remanso,2926004,remansense,MARCOS CARVALHO PALMEIRA,4573.505,40586,8.87,96.3,0.579,13.06,166188480.79,158280978.60,11780.33,
Retirol&acirc;ndia,2926103,retirolandense,JOS&Eacute; EGNILDO DOS SANTOS,242.329,13651,56.33,98.5,0.636,9.95,68142134.79,61975221.74,10276.38,
Riach&atilde;o das Neves,2926202,riach&atilde;o-nevense,MOAB NASCIMENTO DE SANTANA,5977.931,21642,3.62,95,0.578,22.81,155144152.45,144196351.20,68947.75,
Riach&atilde;o do Jacu&iacute;pe,2926301,jacuipense,JOS&Eacute; CARLOS DE MATOS SOARES,1155.419,33386,28.90,98.3,0.628,10.18,115851805.54,109278974.50,12249.9,
Riacho de Santana,2926400,riachense,JOAO VITOR MARTINS LARANJEIRA,3183.909,30711,9.65,96.8,0.615,3.44,118169474.43,117662462.80,8884.2,
Ribeira do Amparo,2926509,amparense,TETIANA DE PAULA FONTES CEDRO BRITTO,666.038,13841,21.48,98.8,0.512,13.61,75151986.15,73630351.25,13146.19,
Ribeira do Pombal,2926608,pombalense,ERIKSSON SANTOS SILVA,1228.126,54010,43.13,96.6,0.601,18.59,220207324.24,211544439.20,13246.03,
Ribeir&atilde;o do Largo,2926657,ribeirense,JESUINA MOREIRA BORGES,1363.700,9740,7.14,97.7,0.540,9.52,53079191.46,48967414.70,22675.04,
Rio de Contas,2926707,rio-contense,CELIO EVANGELISTA DA SILVA,1115.252,13184,11.82,97.9,0.605,25.42,54080189.14,58654480.12,12108.56,
Rio do Ant&ocirc;nio,2926806,rio-antoniense,GERSON DE SOUZA RIBEIRO,777.904,13146,16.90,96.5,0.576,21.28,65742450.39,70324381.36,7454.11,
Rio do Pires,2926905,rio-pirense,JOSE MARCOS PEREIRA,656.223,10497,16.00,97.2,0.594,42.25,47782220.55,45266905.42,8603.79,
Rio Real,2927002,rio-realense,GIANCARLO ALVES DE ALCANTARA SOUZA,739.775,35362,47.80,97.5,0.572,20.55,151795763.70,155952829.60,25033,
Rodelas,2927101,rodelense,EMANUEL RODRIGUES FERREIRA,2207.159,10308,4.67,96.5,0.632,19.87,58480017.15,53216948.37,15034.87,
Ruy Barbosa,2927200,rui-barbosense,NEY DIAS,1991.772,28282,14.20,97.9,0.610,11.66,124183701.86,139733704.30,12712.32,
Salinas da Margarida,2927309,salinense,MARIA DE F&Aacute;TIMA P&Ecirc;PE CERQUEIRA,150.569,14987,99.54,97.9,0.617,28.41,95275418.77,84922324.71,12550.18,
Salvador,2927408,soteropolitano / salvadorense,BRUNO SOARES REIS,693.442,2417678,3486.49,95.9,0.759,17.15,11001277475.87,10933634803.00,21706.06,
Santa B&aacute;rbara,2927507,barbarense,EDIFRANCIO DE JESUS OLIVEIRA,347.021,20952,60.38,99,0.583,26.46,91787637.78,91641240.09,8610.77,
Santa Br&iacute;gida,2927606,santa-brigidense,ELTON CARLOS MAGALH&Atilde;ES,934.461,14965,16.01,97.2,0.546,19.9,73471050.16,64584534.89,8574.39,
Santa Cruz Cabr&aacute;lia,2927705,santa-cruzense,GIRLEI LIMA NAZARETH,1462.942,29185,19.95,96.4,0.654,13.92,160096213.94,151455390.70,19546.74,
Santa Cruz da Vit&oacute;ria,2927804,santa-cruzense,MAUR&Iacute;CIO LOPES DOS SANTOS,284.083,4681,16.48,92,0.610,15.63,31808592.91,29431295.33,11405.46,
Santa In&ecirc;s,2927903,santinense,SANDRO SANTOS SILVA,379.270,10300,27.16,98.3,0.574,29.7,73199391.60,68522925.96,7198.73,
Santaluz,2928000,luzense,ARISM&Aacute;RIO BARBOSA JUNIOR,1623.445,37834,23.30,97.5,0.598,14.06,184767317.15,185394457.10,13851.52,
Santa Luzia,2928059,santa-luziense,FERNANDO SCHUELER BRITO,824.473,13896,16.85,92.5,0.556,14.81,63384472.29,60165368.47,10098.66,
Santa Maria da Vit&oacute;ria,2928109,santamariense,ANTONIO ELSON MARQUES DA SILVA,1984.910,38604,19.45,98.9,0.614,21.1,180853356.36,186411935.90,15124.72,
Santana,2928208,santanense,JOS&Eacute; RAUL ALKMIM LE&Atilde;O,1909.353,24755,12.97,99.7,0.608,11.03,116397506.06,101332960.60,12840.88,
Santan&oacute;polis,2928307,santanopolinense,GILSON CERQUEIRA ALMEIDA,222.686,8716,39.14,99,0.592,-,49767184.18,49312612.99,7662.32,
Santa Rita de C&aacute;ssia,2928406,santa-ritense,JOS&Eacute; BENEDITO ROCHA ARAG&Atilde;O,6030.491,27390,4.54,97.7,0.605,17.7,118990367.40,111492818.70,9998.2,
Santa Terezinha,2928505,santa-teresinhense,AGNALDO FIGUEIREDO ANDRADE,719.257,10441,14.52,97.5,0.587,7.63,59311085.38,54285945.36,9640.48,
Santo Amaro,2928604,santamarense,FLAVIANO ROHRS DA SILVA BONFIM,494.502,56012,113.27,98.2,0.646,16.82,226044373.37,215636783.50,18905.29,
Santo Ant&ocirc;nio de Jesus,2928703,santo-antoniense,GENIVAL DEOLINO SOUZA,261.740,103055,393.73,97.4,0.700,17.03,392009750.31,356197644.80,23746.79,
Santo Est&ecirc;v&atilde;o,2928802,santo-estevense,TIAGO GOMES DIAS,360.334,52276,145.08,97.7,0.626,10.9,259280324.44,224590509.70,17032.58,
S&atilde;o Desid&eacute;rio,2928901,s&atilde;o-desideriano,JOAO ANTONIO RODRIGUES LINHARES,15156.712,32828,2.17,95.8,0.579,12.01,421391480.66,366975723.30,168146.14,
S&atilde;o Domingos,2928950,s&atilde;o-dominguense,ILARIO ANTONIO NETO RIOS CARNEIRO,289.963,8426,29.06,97.7,0.640,21.28,39971202.67,46275455.72,9739.29,
S&atilde;o F&eacute;lix,2929008,s&atilde;o-felista,JOSE GERALDO TOSTA ALBERGARIA DA SILVA,103.226,11026,106.81,97.5,0.639,32.52,71731828.43,67056072.70,11695.55,
S&atilde;o F&eacute;lix do Coribe,2929057,s&atilde;o-felense,TONI MARCOS SANTOS,1751.671,15194,8.67,97.6,0.639,16.95,86464810.53,84285101.81,15338.81,
S&atilde;o Felipe,2929107,s&atilde;o-felipense,ANT&Ocirc;NIO GREG&Oacute;RIO DE OLIVEIRA BARBOSA,222.407,20283,91.20,99.7,0.616,22.99,113481452.29,103969594.60,10071.81,
S&atilde;o Francisco do Conde,2929206,franciscano,ANTONIO CARLOS VASCONCELOS CALMON,269.715,38733,143.61,97.9,0.674,18.56,922705674.03,981144718.60,321810.96,
S&atilde;o Gabriel,2929255,s&atilde;o-gabrielense,MATEUS MACHADO ROCHA,1146.054,18600,16.23,97.1,0.592,4.59,84227693.83,72764027.18,8139.76,
S&atilde;o Gon&ccedil;alo dos Campos,2929305,s&atilde;o-gon&ccedil;alense,TARC&Iacute;SIO TORRES PEDREIRA,294.768,39513,134.05,97.8,0.627,9.2,145067031.23,141913198.20,30154.12,
S&atilde;o Jos&eacute; da Vit&oacute;ria,2929354,s&atilde;o-joseense,RODSON PEREIRA COSTA,127.925,5315,41.55,97.3,0.546,-,30797508.54,27852485.39,12061.38,
S&atilde;o Jos&eacute; do Jacu&iacute;pe,2929370,jacuipense,ALBERLAN PERIS MOREIRA DA CUNHA,362.365,10187,28.11,98.5,0.552,9.09,58686885.21,55295409.34,12014.8,
S&atilde;o Miguel das Matas,2929404,miguelense,VALDELINO DE JESUS SANTOS,230.906,10334,44.75,98.7,0.593,11.9,49909698.19,46192720.96,15046.12,
S&atilde;o Sebasti&atilde;o do Pass&eacute;,2929503,sebastianense,MARIA NILZA DA MATA SANTANA,536.678,40958,76.32,97.7,0.657,16.04,222362844.41,205689571.50,19080.47,
Sapea&ccedil;u,2929602,sapea&ccedil;uense,RAMON DE SENA SOUZA,131.218,17963,136.89,98.1,0.614,4.78,131605465.19,123422894.00,12247.06,
S&aacute;tiro Dias,2929701,satirense,PEDRO RAIMUNDO SANTANA DA CRUZ,949.223,16008,16.86,97.2,0.527,24.04,146505762.89,124373069.00,14878.8,
Saubara,2929750,saubarense,FELIPE SUZART DA SILVA,166.428,11438,68.73,98.4,0.617,21.74,64902429.09,71111759.85,12031.98,
Sa&uacute;de,2929800,saudense,AUCICLEI COSTA RODRIGUES,509.098,10478,20.58,97.1,0.549,-,59157172.30,54618713.17,7948.36,
Seabra,2929909,seabrense,JOAQUIM INACIO DE SOUZA NETO,2402.170,46160,19.22,98.1,0.635,16.06,170569608.01,189789063.80,14103.88,
Sebasti&atilde;o Laranjeiras,2930006,sebastianense,PEDRO ANTONIO PEREIRA MALHEIROS,1984.511,9360,4.72,96.7,0.615,23.26,52540413.70,49916878.74,9256.21,
Senhor do Bonfim,2930105,bonfinense,LA&Eacute;RCIO MUNIZ DE AZEVEDO JUNIOR,789.361,74523,94.41,98,0.666,17.69,283612132.95,255744926.60,12512.82,
Serra do Ramalho,2930154,serra-malhense,ELI CARLOS DOS ANJOS SANTOS,2340.684,34222,14.62,97.4,0.595,11.07,167284154.37,156869954.20,13121.69,
Sento S&eacute;,2930204,sento-seense,GISELDA CARVALHO DOS SANTOS RODRIGUES,11980.172,38154,3.18,97.5,0.585,12.9,223214248.59,211892950.40,41541.36,
Serra Dourada,2930303,serra-douradense,AUZENILDO SOUSA COSTA,1592.245,17066,10.72,98.8,0.608,29.27,79268057.29,86415392.26,11590.91,
Serra Preta,2930402,serra-pretense,FRANKLIN LEITE DA SILVA,595.297,17996,30.23,98.1,0.566,-,74894356.14,67257731.90,9506.26,
Serrinha,2930501,serrinhense,CYRO OLIVEIRA SILVA NOVAIS,583.311,80435,137.89,97.3,0.634,13.21,326669759.28,323750551.20,13303.2,
Serrol&acirc;ndia,2930600,serrolandense,GILDO MOTA BISPO,322.022,13335,41.41,98.8,0.590,14.81,71296480.93,66112866.01,8781.78,
Sim&otilde;es Filho,2930709,sim&otilde;es-filhense,DEVALDO SOARES DE SOUZA,201.528,114559,568.45,95.9,0.675,17.3,648334139.77,578555719.20,46196.74,
S&iacute;tio do Mato,2930758,s&iacute;tio-matense,ALFREDO DE OLIVEIRA MAGALH&Atilde;ES JUNIOR,1627.805,13408,8.24,98.8,0.564,10.2,78719366.98,78164280.96,9156.98,
S&iacute;tio do Quinto,2930766,s&iacute;tio-quintense,BENEDITO JOSE DE JESUS REIS,656.837,14773,21.60,97.9,0.533,18.87,65535355.72,58150485.63,10956.57,
Sobradinho,2930774,sobradinhense,REGIS CLEIVYS SAMPAIO BENTO,1355.972,25475,18.79,97.8,0.631,25.06,133372318.23,130403982.80,36229.7,
Souto Soares,2930808,souto-soarense,LUCAS TADEU DE OLIVEIRA,1026.634,17054,16.61,97.1,0.592,37.91,79885785.92,80436080.99,7944.5,
Tabocas do Brejo Velho,2930907,taboquense,FLAVIO DA SILVA CARVALHO,1437.189,11979,8.34,98.2,0.584,21.13,69896832.09,66123588.54,21439.63,
Tanha&ccedil;u,2931004,tanha&ccedil;uense,VALDEMIR BRITO AGUIAR GONDIM,1277.515,21006,16.44,98.2,0.577,25.53,77222354.93,77969339.20,12431.64,
Tanque Novo,2931053,tanque-novense,PAULO RICARDO BONFIM CARNEIRO,729.516,17158,23.52,98.4,0.599,8.16,104792780.60,88578037.68,10442.62,
Tanquinho,2931103,tanquinhense,JOS&Eacute; LUIZ DOS SANTOS REIS,243.839,7717,31.65,96,0.597,-,38440376.36,34245599.65,8402.92,
Tapero&aacute;,2931202,taperoense,CHRISTIANNE MARY PEREIRA GUIMAR&Atilde;ES,454.081,18044,39.74,96.1,0.566,12.2,100493254.64,94436081.17,10352.23,
Tapiramut&aacute;,2931301,tapiramutaense,ROBERTO VEN&Acirc;NCIO DOS SANTOS,714.691,15818,22.13,95,0.594,-,83118520.97,75169336.59,8789.96,
Teixeira de Freitas,2931350,teixeirense,MARCELO GUSM&Atilde;O PONTES BELITARDO,1165.622,145216,124.58,96.5,0.685,11.9,658578912.77,607475595.60,17504.82,
Teodoro Sampaio,2931400,teodorense,JO&Atilde;O PAULO VAZ G&Oacute;ES,244.613,7110,29.07,95.8,0.594,-,40525551.47,41764383.25,24308.53,
Teofil&acirc;ndia,2931509,teofilandense,HIGO MOURA MEDEIROS,351.892,21176,60.18,96.8,0.566,22.22,101348108.57,92568036.17,8462.37,
Teol&acirc;ndia,2931608,teolandense,MARIA BAITINGA DE SANTANA,289.782,15332,52.91,90.5,0.555,32.68,83417325.49,79226336.71,14358.22,
Terra Nova,2931707,terra-novense,EDER SAO PEDRO MENEZES,193.241,10798,55.88,96.7,0.578,54.95,57255724.10,52466003.64,13089.85,
Tremedal,2931806,tremedalense,JOSE CARLOS VIEIRA BAHIA,2017.659,16296,8.11,96.6,0.528,12.42,75448723.88,76706492.62,8360.65,
Tucano,2931905,tucanense,RICARDO MAIA CHAVES DE SOUZA FILHO,2198.237,48736,22.17,98.2,0.579,14.57,213377908.23,217893352.60,10705.98,
Uau&aacute;,2932002,uauaense,MARCOS HENRIQUE LOBO ROSA,3060.116,24665,8.06,97.3,0.605,19.84,131640385.57,123505472.80,9798.34,
Uba&iacute;ra,2932101,ubairense,UILDBERGER ALVES RABELO,659.080,18626,28.26,97.8,0.582,23.26,89763123.54,82555254.22,11544.35,
Ubaitaba,2932200,ubaitabense,MARIA DAS GRA&Ccedil;AS DE DEUS VIANA,181.102,17596,97.16,95.8,0.611,37.19,90723003.37,87649261.08,13137.19,
Ubat&atilde;,2932309,ubatense,VINICIUS DO VALE DE SOUZA,177.643,16094,90.60,94.5,0.593,17.75,86989219.45,82004853.34,8148.97,
Uiba&iacute;,2932408,uibaiense,AIDERLENE ROCHA LEVI,545.298,13432,24.63,97.7,0.617,-,57934752.85,53061837.50,12659.64,
Umburanas,2932457,umburanense,FABRICIO LOPES RIBEIRO DE ALMEIDA,1775.633,13642,7.68,95.7,0.515,38.76,74794288.64,70201275.91,13434.87,
Una,2932507,unense,ROGERIO MARTINS BORGES,1126.733,18131,16.09,96.8,0.560,20.41,107889281.77,111545422.40,18605.54,
Urandi,2932606,urandiense,WARLEI OLIVEIRA DE SOUZA,902.402,15355,17.02,98.1,0.598,18.18,82299806.68,75844673.67,11987.35,
Uru&ccedil;uca,2932705,uru&ccedil;uquense,MAGNOLIA ANDRADE BARRETO,510.098,21420,41.99,95.8,0.616,10.99,98114266.25,97063956.10,14575.09,
Utinga,2932804,utinguense,ATILA SANT ANA KARAOGLAN,633.760,16277,25.68,96.9,0.590,15,89628028.31,67988948.41,9620.61,
Valen&ccedil;a,2932903,valenciano,MARCOS ANTONIO MEDRADO,1123.975,85655,76.21,97.1,0.623,21.01,339720936.97,331270062.40,17784.63,
Valente,2933000,valentense,UBALDINO AMARAL DE OLIVEIRA,394.877,24362,61.70,98.7,0.637,15.04,122869573.08,116678341.00,9237.34,
V&aacute;rzea da Ro&ccedil;a,2933059,varzeano,DANILLO SANTOS SALES RIOS,468.407,13800,29.46,97.9,0.539,33.33,70676067.21,64178915.05,7937.78,
V&aacute;rzea do Po&ccedil;o,2933109,varzeapense,EVERSON MARCOS MATT,206.478,8101,39.23,98.8,0.575,-,42413924.88,38606247.05,12564.78,
V&aacute;rzea Nova,2933158,v&aacute;rzea-novense,DAIANE SEVERINA PEREIRA,1225.892,13377,10.91,95.9,0.555,22.35,65530438.74,63107470.21,18469.87,
Varzedo,2933174,varzedense,GILMAR BORBA BITENCOURT,221.399,9913,44.77,97.9,0.586,-,50611998.83,43538466.50,15487.45,
Vera Cruz,2933208,vera-cruzense,IGOR PINHO SANTOS,297.537,42529,142.94,99.3,0.645,12.27,185156130.06,179369074.80,13641.18,
Vereda,2933257,veredense,MANRICK GREG&Oacute;RIO PRATES TEIXEIRA,782.159,6003,7.67,98.1,0.577,36.14,44155845.16,40709075.70,15186.69,
Vit&oacute;ria da Conquista,2933307,conquistense,ANA SHEILA LEMOS ANDRADE,3254.186,370879,113.97,96.8,0.678,15.97,1308911124.11,1236420969.00,23907.93,
Wagner,2933406,wagnense,THIAGO ROCHA LADEIA,522.370,9503,18.19,96.6,0.587,-,40029225.13,36350867.87,9591.73,
Wanderley,2933455,wanderleiense,CAMARGO ANT&Ocirc;NIO PINTO CRISOSTOMO,2920.579,12968,4.44,96.1,0.600,-,47142850.79,71260578.11,13835.65,
Wenceslau Guimar&atilde;es,2933505,wenceslau-guimar&atilde;ense,BENEDITO GABRIEL DE ANDRADE GOMES,655.057,24474,37.36,94.6,0.544,14.76,119317455.05,109889224.40,15896.95,
Xique-Xique,2933604,xiquexiquense,RENAN PINTO DANTAS BRAGA,5079.662,44757,8.81,96.9,0.585,22.36,218529967.44,208216818.70,9904.22,