Esp&iacute;rito Santo | Todos os Munic&iacute;pios
Munic&iacute;pio [-],C&oacute;digo [-],Gent&iacute;lico [-],Prefeito [2025],&Aacute;rea Territorial - km&sup2; [2023],Popula&ccedil;&atilde;o residente - pessoas [2022],Densidade demogr&aacute;fica - hab/km&sup2; [2022],Escolariza&ccedil;&atilde;o &lt;span&gt;6 a 14 anos&lt;/span&gt; - % [2010],IDHM &lt;span&gt;&Iacute;ndice de desenvolvimento humano municipal&lt;/span&gt; [2010],Mortalidade infantil - &oacute;bitos por mil nascidos vivos [2022],Total de receitas brutas realizadas - R$ [2023],Total de despesas brutas empenhadas - R$ [2023],PIB per capita - R$ [2021],
Afonso Cl&aacute;udio,3200102,afonso-claudense,LUCIANO RONCETTI PIMENTA,941.188,30684,32.60,94,0.667,5.13,158094455.48,139938263.50,18788.21,
&Aacute;guia Branca,3200136,aguiabranquense,JAILSON JOSE QUIUQUI,454.448,9711,21.37,97.8,0.678,20,110092063.13,84743402.75,25569.52,
&Aacute;gua Doce do Norte,3200169,&aacute;gua-docense,ABRAAO LINCON ELIZEU,473.729,12042,25.42,98.7,0.652,18.18,73615538.74,66175975.30,17072.64,
Alegre,3200201,alegrense,NEMROD EMERICK,756.860,29177,38.55,97.6,0.721,15.77,185493857.32,138552261.60,19255.36,
Alfredo Chaves,3200300,alfredense,HUGO LUIZ PICOLI MENEGHEL,615.677,13836,22.47,98.6,0.710,-,105916932.69,96551282.83,31201.06,
Alto Rio Novo,3200359,alto-rio-novense,ALEXANDRO DE MELO VALIM,227.617,7434,32.66,97.3,0.664,25.64,45800228.47,46204800.89,14288.16,
Anchieta,3200409,anchietense,LEONARDO ANT&Ocirc;NIO ABRANTES,409.691,29984,73.19,99.1,0.730,15.46,392591116.25,367424347.80,190330.13,
Apiac&aacute;,3200508,apiacaense,MARCIO JOSE DE MELO CHIERICI,193.984,7223,37.24,96.9,0.673,14.71,50432749.35,44582916.17,15671.29,
Aracruz,3200607,aracruzense,LUIZ CARLOS COUTINHO,1420.285,94765,66.72,98.4,0.752,9.28,844090103.93,854929113.20,50628.97,
At&iacute;lio Viv&aacute;cqua,3200706,atilio-vivacquense,HELIO HUMBERTO LIMA FILHO,232.868,10540,45.26,97.6,0.708,22.73,77993618.85,69106507.47,29410.41,
Baixo Guandu,3200805,guanduense,LASTENIO LUIZ CARDOSO,909.039,30674,33.74,97.2,0.702,2.58,195605783.41,181772002.80,29692.13,
Barra de S&atilde;o Francisco,3200904,franciscano,ENIVALDO EUZ&Eacute;BIO DOS ANJOS,944.521,42498,44.99,96.2,0.683,15.31,228528282.52,242780407.30,25717.01,
Boa Esperan&ccedil;a,3201001,esperancense,CLAUDIO RODRIGUES DA SILVA,428.717,13608,31.74,97.5,0.679,-,100892192.89,88150368.31,17895.43,
Bom Jesus do Norte,3201100,bom-jesuense,ANTONIO GUALHANO AZEVEDO,89.084,10254,115.10,98.8,0.734,26.67,70287926.92,65455904.89,18705.68,
Brejetuba,3201159,brejetubense,LEVI MARQUES DE SOUZA,354.404,12985,36.64,97.4,0.656,13.16,80073919.35,66600306.41,23674.73,
Cachoeiro de Itapemirim,3201209,cachoeirense,THEODORICO DE ASSIS FERRA&Ccedil;O,864.583,185786,214.89,97.2,0.746,14.95,933910899.19,900301146.30,28971.61,
Cariacica,3201308,cariaciquense,EUCLERIO DE AZEVEDO SAMPAIO J&Uacute;NIOR,279.718,353491,1263.74,94.8,0.718,10.3,1531036396.24,1349689103.00,35444.12,
Castelo,3201407,castelense,JO&Atilde;O PAULO SILVA NALI,663.515,36930,55.66,97.8,0.726,8.42,187129852.87,184564858.20,30840.84,
Colatina,3201506,colatinense,RENZO DE VASCONCELOS,1398.219,120033,85.85,98.6,0.746,12.73,775176683.91,756781770.30,35228.52,
Concei&ccedil;&atilde;o da Barra,3201605,barrense,JOSE ERIVAN TAVARES DE MORAES,1182.587,27458,23.22,98.3,0.681,19.85,185805525.14,174528272.80,19284.89,
Concei&ccedil;&atilde;o do Castelo,3201704,concei&ccedil;&atilde;ocense,VALBER DE VARGAS FERREIRA,369.778,11937,32.28,98.1,0.670,20,80556691.60,71356891.81,21655.81,
Divino de S&atilde;o Louren&ccedil;o,3201803,s&atilde;o-lourencense,LUCIANO FARIA QUEIROZ,174.039,5083,29.21,97.8,0.632,16.67,45454165.11,40514610.24,19494.28,
Domingos Martins,3201902,martinense,EDUARDO JOSE RAMOS,1229.210,35416,28.81,96.5,0.669,11.88,239680115.43,205498711.60,28068.12,
Dores do Rio Preto,3202009,rio-pretense,THIAGO LOPES PESSOTTI,159.298,6596,41.41,94.1,0.654,-,69292542.94,58392672.89,23521.6,
Ecoporanga,3202108,ecoporanguense,JOS&Eacute; LUIZ MENDES,2285.369,21992,9.62,98,0.662,3.75,129538882.11,121769031.60,18071.45,
Fund&atilde;o,3202207,fund&atilde;oense,ELEAZAR FERREIRA LOPES,286.854,18014,62.80,98.7,0.718,4.15,127972917.18,123504783.70,20933.85,
Governador Lindenberg,3202256,lindenberguense,LEONARDO PRANDO FINCO,360.016,11009,30.58,97.6,0.694,-,85168917.54,67151767.34,25625,
Gua&ccedil;u&iacute;,3202306,gua&ccedil;uiense,VAGNER RODRIGUES PEREIRA,468.185,29358,62.71,96.9,0.703,13.54,172186874.50,149220754.80,19523.61,
Guarapari,3202405,guarapariense,RODRIGO LEMOS BORGES,589.825,124656,211.34,96.2,0.731,9.56,569585945.77,566979947.50,19746.25,
Ibatiba,3202454,ibatibense,LUIS CARLOS PANCOTI,240.278,25380,105.63,97.3,0.647,5.68,129825688.99,110165036.30,16818.25,
Ibira&ccedil;u,3202504,ibira&ccedil;uense,EDUARDO MAROZZI ZANOTTI,201.248,11723,58.25,97.7,0.726,7.14,80056051.20,82958289.62,22794.58,
Ibitirama,3202553,ibitiranense,REGINALDO SIM&Atilde;O DE SOUZA,330.874,9520,28.77,96.4,0.622,22.9,68399996.95,58919033.36,19477.09,
Iconha,3202603,iconhense,GEDSON BRANDAO PAULINO,203.528,12326,60.56,98.8,0.729,13.61,99716697.93,83916495.24,22356.66,
Irupi,3202652,irupiense,PAULINO LOUREN&Ccedil;O DA SILVA,184.807,13710,74.19,96.3,0.637,29.24,79710612.61,72305385.83,17277.94,
Itagua&ccedil;u,3202702,itagua&ccedil;uense,DARLY DETTMANN,535.021,13589,25.40,98.7,0.702,7.09,88127073.01,76830904.63,23306.18,
Itapemirim,3202801,itapemirinense,GENESIS ALVES BECHARA,550.710,39832,72.33,97.6,0.654,5.32,462495939.58,420994822.00,164321.47,
Itarana,3202900,itaranense,VANDER PATRICIO,295.189,10597,35.90,97,0.684,15.87,71286149.23,68042613.89,25498.86,
I&uacute;na,3203007,iunense,ROM&Aacute;RIO BATISTA VIEIRA,460.586,28590,62.07,97.4,0.666,4.43,142842057.04,127104504.30,18303.85,
Jaguar&eacute;,3203056,jaguarense,MARCOS ANTONIO GUERRA WANDERMUREM,659.751,28931,43.85,96.9,0.678,11.83,208002594.69,200832151.90,30505.38,
Jer&ocirc;nimo Monteiro,3203106,monteirense,JOSE VALERIO BINOTI NETTO,177.342,11575,65.27,98.5,0.698,20.69,77620928.63,65284996.69,13953.04,
Jo&atilde;o Neiva,3203130,jo&atilde;o-neivense,PAULO S&Eacute;RGIO DE NARDI,284.735,14079,49.45,98.7,0.753,17.75,124824427.99,111146164.80,38527.18,
Laranja da Terra,3203163,laranjense,JOADIR LOUREN&Ccedil;O MARQUES,458.370,11094,24.20,97.5,0.656,-,73384674.69,67460997.22,17189.1,
Linhares,3203205,linharense,LUCAS SCARAMUSSA,3496.263,166786,47.70,97.7,0.724,14.26,1098118993.28,1076820718.00,44705.34,
Manten&oacute;polis,3203304,mantenopolitano,LUCIO MARQUES DE MORAIS,321.418,12770,39.73,99.2,0.657,-,76618057.13,70508907.36,12973.52,
Marata&iacute;zes,3203320,marataizense,ANTONIO BITENCOURT,130.268,41929,321.87,98,0.696,5.78,407322122.36,481526626.90,169634.89,
Marechal Floriano,3203346,florianense,ANTONIO LIDINEY GOBBI,285.495,17641,61.79,98.5,0.710,20.3,119977820.61,104347156.00,30156.14,
Maril&acirc;ndia,3203353,marilandense,AUGUSTO ASTORI FERREIRA,327.642,12387,37.81,97.7,0.696,-,95182069.78,76348454.87,23900.87,
Mimoso do Sul,3203403,mimosense,PETER NOGUEIRA DA COSTA,869.439,24475,28.15,97.2,0.670,7.27,155175560.99,132094567.80,23291.34,
Montanha,3203502,montanhense,IRACY CARVALHO MACHADO BALTAR FILHA,1099.060,18900,17.20,98.8,0.667,-,131323370.63,105802898.70,21658.03,
Mucurici,3203601,mucuriciense,ADILSON GON&Ccedil;ALVES FERREIRA,540.529,5466,10.11,98.9,0.666,-,50114628.81,45219507.82,17693.51,
Muniz Freire,3203700,muniz-freirense,GESI ANT&Ocirc;NIO DA SILVA J&Uacute;NIOR,678.804,18153,26.74,96.7,0.645,-,123034156.54,134574328.50,22318.22,
Muqui,3203809,muquiense,SERGIO LUIZ ANEQUIM,327.268,13745,42.00,97.7,0.694,-,76002389.60,66416811.93,15018.64,
Nova Ven&eacute;cia,3203908,veneciano,M&Aacute;RIO SERGIO LUBIANA,1439.571,49065,34.08,98,0.712,9.96,299151445.79,285416214.00,26396.41,
Pancas,3204005,panquense,AGMAIR ARAUJO NASCIMENTO,837.842,18893,22.55,97.2,0.667,13.16,107382634.07,103941561.40,15303.47,
Pedro Can&aacute;rio,3204054,canariense,KLEILSON MARTINS REZENDE,433.453,21522,49.65,97.5,0.654,11.63,157001096.87,138284898.30,15105.82,
Pinheiros,3204104,pinheirense,EDILSON MORAIS MONTEIRO,973.136,23915,24.58,97.4,0.673,15.77,143542950.09,126720962.00,31219.96,
Pi&uacute;ma,3204203,piumense,PAULO CELSO COLA PEREIRA,74.046,22300,301.16,98.4,0.727,6.49,138867081.07,134231847.00,39130.36,
Ponto Belo,3204252,pontobelense,MARCOS COUTINHO SANT AGUIDA DO NASCIMENTO,360.110,6497,18.04,98.7,0.669,37.04,59235648.22,57580167.39,13416.69,
Presidente Kennedy,3204302,kennediense,F&Aacute;BIO FELICIANO DE OLIVEIRA,594.897,13696,23.02,97.1,0.657,10.53,479485649.66,715376774.00,580174.17,
Rio Bananal,3204351,ribanense,BRUNO PELLA,641.929,19274,30.03,95.4,0.681,9.43,162476902.25,139962878.90,27099.83,
Rio Novo do Sul,3204401,novense-do-sul,JOCENEI MARCONCINI CASTELARI,204.464,11069,54.14,97.8,0.711,-,71301697.16,61830913.24,19766.4,
Santa Leopoldina,3204500,leopoldinense,FERNANDO CASTRO ROCHA,718.325,13106,18.25,93.6,0.626,9.01,87694792.96,82694749.14,27126.63,
Santa Maria de Jetib&aacute;,3204559,santa-mariense,RONAN ZOCOLOTO SOUZA DUTRA,735.198,41636,56.63,95.9,0.671,24.39,280789557.48,245030318.30,39228.24,
Santa Teresa,3204609,teresense,KLEBER MEDICI DA COSTA,683.032,22808,33.39,98.2,0.714,6.54,154843097.00,141490801.70,24197.6,
S&atilde;o Domingos do Norte,3204658,dominguense,ANA IZABEL MALACARNE DE OLIVEIRA,298.580,8589,28.77,93.7,0.682,9.35,75201820.04,67674382.84,37932.39,
S&atilde;o Gabriel da Palha,3204708,gabrielense,TIAGO ROCHA,434.887,32252,74.16,96.5,0.709,9.52,189107712.64,188923302.80,19497.63,
S&atilde;o Jos&eacute; do Cal&ccedil;ado,3204807,cal&ccedil;adense,ANT&Ocirc;NIO COIMBRA DE ALMEIDA,273.489,10878,39.77,97.1,0.688,-,81866815.38,76841864.68,19323.88,
S&atilde;o Mateus,3204906,mateense,MARCUS AZEVEDO BATISTA,2346.049,123752,52.75,97.3,0.735,11.61,594573987.39,537707401.40,21894.57,
S&atilde;o Roque do Cana&atilde;,3204955,s&atilde;o-roquense,MARCOS GERALDO GUERRA,341.944,10886,31.84,99.3,0.700,-,88031456.91,78999052.18,18170.42,
Serra,3205002,serrano,WEVERSON VALCKER MEIRELES,547.631,520653,950.74,96.9,0.739,10.24,2719174054.22,2643779815.00,69452.01,
Sooretama,3205010,sooretamense,FERNANDO CAMILETTI,587.036,26502,45.15,95.1,0.662,20.79,178599190.56,165437017.30,21341.8,
Vargem Alta,3205036,vargem-altense,ELIESER RABELLO,417.760,19563,46.83,98.3,0.663,24.49,128113351.39,122478083.40,19749.3,
Venda Nova do Imigrante,3205069,venda-novense,DALTON PERIM,185.909,23831,128.19,98.9,0.728,-,162409822.36,154502961.10,26795.66,
Viana,3205101,vianense,WANDERSON BORGHARDT BUENO,312.279,73423,235.12,94.8,0.686,5.56,497476687.13,442862118.20,52363.51,
Vila Pav&atilde;o,3205150,pavoense,JO&Atilde;O TRANCOSO,433.257,8911,20.57,97.3,0.681,8.26,70548884.07,54703446.27,19465.82,
Vila Val&eacute;rio,3205176,vila-valeriense,DAVID MOZDZEN PIRES RAMOS,470.343,13728,29.19,96.9,0.675,8.81,100378837.64,96907907.32,30861.26,
Vila Velha,3205200,vila-velhense,ARNALDO BORGO FILHO,210.225,467722,2224.86,96.8,0.800,8.86,2062816146.96,1884126462.00,32056.78,
Vit&oacute;ria,3205309,capixaba,LORENZO SILVA DE PAZOLINI,97.123,322869,3324.33,97.6,0.845,10.88,3344932215.71,2807413545.00,85035.67,