S&atilde;o Paulo | Todos os Munic&iacute;pios
Munic&iacute;pio [-],C&oacute;digo [-],Gent&iacute;lico [-],Prefeito [2025],&Aacute;rea Territorial - km&sup2; [2023],Popula&ccedil;&atilde;o residente - pessoas [2022],Densidade demogr&aacute;fica - hab/km&sup2; [2022],Escolariza&ccedil;&atilde;o &lt;span&gt;6 a 14 anos&lt;/span&gt; - % [2010],IDHM &lt;span&gt;&Iacute;ndice de desenvolvimento humano municipal&lt;/span&gt; [2010],Mortalidade infantil - &oacute;bitos por mil nascidos vivos [2022],Total de receitas brutas realizadas - R$ [2023],Total de despesas brutas empenhadas - R$ [2023],PIB per capita - R$ [2021],
Adamantina,3500105,adamantinense,JOS&Eacute; CARLOS MARTINS TIVERON,411.987,34687,84.19,97.6,0.790,10.5,286080113.63,274074871.20,38997.12,
Adolfo,3500204,adolfino,RICARDO DI GIORGIO ROBLES,211.055,4351,20.62,98.6,0.730,-,46693392.52,41404998.46,32578.28,
Agua&iacute;,3500303,aguaiano,GILBERTO LUIZ MORAES SELBER,474.554,32072,67.58,95.8,0.715,8.11,171102182.66,161253061.80,35551.7,
&Aacute;guas da Prata,3500402,pratense,CARLOS HENRIQUE FORTES DEZENA,142.673,7369,51.65,98.8,0.781,14.49,52442167.71,50467736.77,25297.02,
&Aacute;guas de Lind&oacute;ia,3500501,lindoiense,GERALDO MANTOVANI FILHO,60.126,17930,298.21,96.2,0.745,4.69,147244937.01,144977225.80,30971.23,
&Aacute;guas de Santa B&aacute;rbara,3500550,santa-barbarense,WILIAN JOS&Eacute; DE OLIVEIRA MEANA,404.463,7177,17.74,98.2,0.757,-,63890742.73,60798714.74,35378.64,
&Aacute;guas de S&atilde;o Pedro,3500600,&aacute;gua-pedrense,JO&Atilde;O VICTOR BARBOZA,3.612,2780,769.66,98.4,0.854,-,55032678.85,48768862.63,41208.23,
Agudos,3500709,agudense,RAFAEL LIMA FERNANDES,966.708,37680,38.98,97.9,0.745,6.26,235647258.59,215917044.80,70209.74,
Alambari,3500758,alambariense,JO&Atilde;O PAULO DANTAS PINTO,159.600,6141,38.48,99.3,0.712,-,42092575.62,40574557.43,20765.46,
Alfredo Marcondes,3500808,marcondense,CELSO PIRANI PASSOS,118.915,4445,37.38,98.6,0.741,-,36036979.40,30826665.26,28649.11,
Altair,3500907,altairense,MARCO ANTONIO FERREIRA,313.007,3451,11.03,96,0.687,25,38144937.48,34653445.74,26662.17,
Altin&oacute;polis,3501004,altinopolense,HUELDER DONIZETE MALAGUTTI FERREIRA,928.956,16818,18.10,99.3,0.730,5.49,108861525.74,104303207.50,51377.61,
Alto Alegre,3501103,alto-alegrense,CARLOS SUSSUMI IVAMA,318.574,3841,12.06,95.1,0.700,68.97,41467364.95,38291266.07,27853.08,
Alum&iacute;nio,3501152,aluminense,ANA PAULA DE CASSIA NETTO,83.619,17301,206.90,98.8,0.766,10.99,165607002.73,160540506.10,210670.96,
&Aacute;lvares Florence,3501202,alvares florencense,ADILSON BATISTA LEITE,362.411,3915,10.80,99.3,0.728,-,38507057.27,34739096.72,34389.1,
&Aacute;lvares Machado,3501301,machadense,LUIZ FRANCISCO BOIGUES,347.647,27255,78.40,98.3,0.758,12.08,121660915.06,112684450.90,28306.72,
&Aacute;lvaro de Carvalho,3501400,carvalhense,ADILSON DE OLIVEIRA LOPES,153.662,4808,31.29,99.2,0.688,-,30127725.32,29375137.28,11012.49,
Alvinl&acirc;ndia,3501509,alvinlandense,ANTONIO FERREIRA DE MORAES JUNIOR,84.879,2885,33.99,99.3,0.722,-,29793502.93,25805885.28,17965.24,
Americana,3501608,americanense,FRANCISCO ANTONIO SARDELLI,133.912,237240,1771.61,98,0.811,9.41,1310295459.85,1299555473.00,62271.47,
Am&eacute;rico Brasiliense,3501707,am&eacute;rico-brasiliense,TEREZINHA APARECIDA VIVEIROS DE SOUZA,122.958,33019,268.54,98.6,0.751,14.2,176163207.94,177341484.10,29617.13,
Am&eacute;rico de Campos,3501806,americampense,RAFAEL GIMENEZ MARIOTO,252.876,5870,23.21,98.2,0.745,-,44216495.23,41428514.22,21158.4,
Amparo,3501905,amparense,CARLOS ALBERTO MARTINS,445.323,68008,152.72,95.7,0.785,9.83,487747723.05,477933742.40,70437.56,
Anal&acirc;ndia,3502002,analandense,SILVANA MARCIA PERIN CAMPBELL PENNA,325.953,4589,14.08,99.7,0.754,18.87,53032684.32,51786190.31,40726.1,
Andradina,3502101,andradinense,MARIO CELSO LOPES,964.226,59783,62.00,98.2,0.779,8.59,289283614.41,278663210.40,49703.65,
Angatuba,3502200,angatubense,NICOLAS BASILE ROCHEL,1027.288,24022,23.38,98.3,0.719,9.35,155271492.32,162126152.70,57306.48,
Anhembi,3502309,anhembiense,JAIRO DE G&Oacute;IS,736.557,5674,7.70,97.2,0.721,30.3,55836417.23,55483602.50,24534.54,
Anhumas,3502408,anhumense,ADAILTON CESAR MENOSSI,320.840,4023,12.54,98.3,0.741,20,40830605.04,37562789.05,25316.58,
Aparecida,3502507,aparecidense,JOSE LUIZ RODRIGUES,120.890,32569,269.41,98.4,0.755,12.23,204394077.66,213536197.20,28750.03,
Aparecida d'Oeste,3502606,aparecidense,IZAIAS APARECIDO SANCHEZ,179.004,4086,22.83,97.7,0.721,-,37925299.92,38866903.62,36763.62,
Apia&iacute;,3502705,apiaiense,SERGIO VICTOR BORGES BARBOSA,974.322,24585,25.23,97.3,0.710,-,131510593.29,121039914.40,37278.88,
Ara&ccedil;ariguama,3502754,ara&ccedil;ariguamense,RODRIGO DE ANDRADE,145.204,21522,148.22,98.2,0.704,14.2,221444693.06,236492356.30,206250.44,
Ara&ccedil;atuba,3502804,ara&ccedil;atubense,LUCAS PAVAN ZANATTA,1167.126,200124,171.47,97.6,0.788,13.91,979569762.43,859862855.60,45268.6,
Ara&ccedil;oiaba da Serra,3502903,ara&ccedil;oiabano,JOS&Eacute; CARLOS DE QUEVEDO JUNIOR,255.305,32443,127.08,99.4,0.776,-,204561588.95,219710112.00,34075.1,
Aramina,3503000,araminense,LUIS S&Eacute;RGIO CELESTE JORGE,202.829,5420,26.72,98.7,0.740,33.33,40486505.88,41531394.88,26415.31,
Arandu,3503109,aranduense,FLAVIO CARLOMAGNO GALHEGO,285.908,6885,24.08,98.4,0.685,25.97,53197142.55,58076898.12,30569.27,
Arape&iacute;,3503158,arapeiense,REN&Ecirc; L&Uacute;CIO GON&Ccedil;ALVES,156.903,2330,14.85,98.7,0.680,-,37002710.98,39819289.79,18584.03,
Araraquara,3503208,araraquarense,LUIS CLAUDIO LAPENA BARRETO,1003.625,242228,241.35,98.7,0.815,6.4,1536427548.64,1521074816.00,49692.93,
Araras,3503307,ararense,IRINEU NORIVAL MARETTO,644.831,130866,202.95,97.5,0.781,9.76,855202935.89,892353253.20,50772.4,
Arco-&Iacute;ris,3503356,arcoirense,ALDO MANSANO FERNANDES,264.904,2044,7.72,99.1,0.722,-,30366963.62,25803609.09,35382.28,
Arealva,3503406,arealvense,PAULO JULIANO NICOLIELO JUNIOR,506.226,8130,16.06,99.6,0.744,20.62,54103645.98,51714562.80,26206.9,
Areias,3503505,areiense,RODRIGO JOSE RAMOS DE OLIVEIRA,305.227,3577,11.72,96.8,0.697,-,48672873.97,51528796.21,14877.99,
Arei&oacute;polis,3503604,areiopolitano,MICHEL HENRIQUE AUGUSTO,85.907,10130,117.92,97.3,0.695,16.67,58475463.02,50713329.42,14577.19,
Ariranha,3503703,ariranhense,EMERSON ANTONIO TROV&Oacute;,132.624,7602,57.32,99.6,0.733,-,69870850.02,63362117.67,115410.74,
Artur Nogueira,3503802,nogueirense,LUCAS SIA RISSATO,178.026,51456,289.04,98.3,0.749,3.27,273541873.55,287794746.10,30610.29,
Aruj&aacute;,3503901,arujaense / arujano,LUIS ANTONIO DE CAMARGO,96.167,86678,901.33,98.2,0.784,6.06,575898129.67,585147148.90,89703.63,
Asp&aacute;sia,3503950,aspasiense,IVAN DE PAULA,69.373,1842,26.55,97.1,0.735,-,27343253.60,21880153.12,21788.35,
Assis,3504008,assisense,TELMA GONCALVES CARNEIRO SPERA DE ANDRADE,460.609,101409,220.16,98.9,0.805,12.46,555176557.99,564584304.80,38598.78,
Atibaia,3504107,atibaiano,DANIEL DA ROCHA MARTINI,478.521,158647,331.54,97.3,0.765,8.03,1142297729.42,1121394897.00,57512.36,
Auriflama,3504206,auriflamense,KATIA CONCEI&Ccedil;&Atilde;O MORITA DE CARVALHO,434.498,13692,31.51,98.8,0.773,13.99,82442704.54,71596024.23,23409.76,
Ava&iacute;,3504305,avaiense,HELLEN FERNANDES RODRIGUES COELHO,540.689,4483,8.29,99.4,0.714,40.54,44804157.35,45359812.12,68793.46,
Avanhandava,3504404,avanhandavense,NORBERTO CESAR BERALDO,338.370,11263,33.29,97.2,0.705,8.62,72988974.26,70466171.25,14178.27,
Avar&eacute;,3504503,avareense,ROBERTO DE ARAUJO,1213.055,92805,76.51,97.9,0.767,17.48,482858670.24,483852554.90,35721.22,
Bady Bassitt,3504602,badiense,JANIMEIRI CATELANI BUZZI,110.372,27260,246.98,98.5,0.746,8.88,141577918.40,154097398.20,30636.12,
Balbinos,3504701,balbinense,JOSE MARCIO RIGOTTO,91.635,3887,42.42,98.9,0.669,-,26368867.21,23014159.68,10674.14,
B&aacute;lsamo,3504800,balsamense,JOSE EDUARDO NALIATI JUNIOR,149.881,9596,64.02,99,0.756,-,56998822.71,54995429.27,30257.55,
Bananal,3504909,bananalense,WILLIAM LANDIM DA SILVA,616.429,9969,16.17,97.1,0.733,-,68894590.63,67036850.34,19568.66,
Bar&atilde;o de Antonina,3505005,bar&atilde;oense,RODRIGO WALDEMAR MARQUES,153.142,3531,23.06,100,0.711,-,34552852.07,28879114.24,21264.23,
Barbosa,3505104,barbosano,RODRIGO PRIMO ANTUNES,205.212,5640,27.48,98.4,0.699,25.97,45266244.09,43106693.17,14488.16,
Bariri,3505203,baririense,AIRTON LUIS PEGORARO,444.405,31595,71.10,96.3,0.750,11.73,173279240.85,173029939.50,45290.86,
Barra Bonita,3505302,barra-bonitense,MANOEL FABIANO FERREIRA FILHO,150.121,34346,228.79,99.8,0.788,16.39,215057439.13,213070578.50,41955.79,
Barra do Chap&eacute;u,3505351,barrense,IVANIL NORBERTO PEREIRA NOLASCO,405.681,5179,12.77,96.9,0.660,11.49,42610971.46,40025899.10,23082.16,
Barra do Turvo,3505401,barra-turvense,VICTOR MARUYAMA,1007.684,6876,6.82,95.6,0.641,17.54,60345082.74,56221789.71,16542.32,
Barretos,3505500,barretense,ODAIR DE MOURA E SILVA,1566.161,122485,78.21,97.8,0.789,12.93,979994224.94,1086979265.00,47783.95,
Barrinha,3505609,barrinhense,MARIA L&Uacute;CIA TERESINHA GROTTA,146.025,32092,219.77,97.5,0.725,7.92,149991558.27,146377793.00,18630.66,
Barueri,3505708,barueriense,JOSE ROBERTO PITERI,65.701,316473,4816.87,97.8,0.786,7.45,4950967905.41,4703546013.00,207460.98,
Bastos,3505807,bastense,KLEBER LOPES DE SOUSA,170.912,21503,125.81,98.5,0.751,7.52,128154189.95,117874133.30,50936.28,
Batatais,3505906,batataense,LUIS FERNANDO BENEDINI GASPAR JUNIOR,849.526,58402,68.75,97.7,0.761,16.1,317917378.44,314669142.10,38097.08,
Bauru,3506003,bauruense,SU&Eacute;LLEN SILVA ROSIM,667.684,379146,567.85,96.9,0.801,9.97,1807245548.35,1986946253.00,43806.93,
Bebedouro,3506102,bebedourense,LUCAS GIBIN SEREN,683.192,76373,111.79,98.5,0.780,11.46,456948769.84,477287928.30,52575.43,
Bento de Abreu,3506201,bento-abreuense,TEREZINHA DO CARMO SALESSE,301.687,2606,8.64,97.9,0.744,-,37969973.56,32645887.89,69504.55,
Bernardino de Campos,3506300,bernardinense,WILSON JOSE GARCIA,244.158,11607,47.54,98.3,0.734,-,68194050.75,63179998.07,33842.25,
Bertioga,3506359,bertioguense,MARCELO HELENO VILARES,491.546,64188,130.58,98.1,0.730,16.77,1001472338.04,954137770.80,31255.51,
Bilac,3506409,bilaquense,ANT&Ocirc;NIO FERREIRA LOUREIRO,158.025,7319,46.32,99,0.768,46.88,57746217.70,53310247.72,35693.15,
Birigui,3506508,biriguiense,SAMANTA PAULA ALBANI BORINI,530.031,118979,224.48,98,0.780,13.48,589614160.07,615993968.20,31305.12,
Biritiba Mirim,3506607,biritibano,CARLOS ALBERTO TAINO JUNIOR,317.406,29683,93.52,97.7,0.712,2.79,143188092.87,139474918.40,29190.32,
Boa Esperan&ccedil;a do Sul,3506706,boa-esperancense,JOS&Eacute; MANOEL DE SOUZA,690.748,12978,18.79,96,0.681,11.49,90356347.45,88681432.64,25197.09,
Bocaina,3506805,bocainense,CAIO AUGUSTO CREPALDI,363.926,11259,30.94,99.3,0.742,24.19,75234075.38,70697734.15,22429.71,
Bofete,3506904,bofetense,EUGENIO CARLOS ALVES,653.541,10460,16.01,95.1,0.705,8.26,72485560.20,70297242.73,17546.39,
Boituva,3507001,boituvense,EDSON JOSE MARCUSSO,248.954,61081,245.35,98.7,0.780,13.92,391042085.94,394639257.30,53597.04,
Bom Jesus dos Perd&otilde;es,3507100,perdoense,S&Eacute;RGIO FERREIRA,108.366,22006,203.07,97.7,0.713,10.07,144261232.08,134596335.40,55196.42,
Bom Sucesso de Itarar&eacute;,3507159,bom sucessiense,DIRCEU PACHECO DE OLIVEIRA,133.578,3555,26.61,98.3,0.660,-,30642885.01,28310475.81,15912.41,
Bor&aacute;,3507209,boraense,LUIZ CARLOS RODRIGUES,118.951,907,7.62,94.6,0.746,-,23356682.86,20812939.16,88432.72,
Borac&eacute;ia,3507308,boraceense,MARCOS VINICIO BILANCIERI,122.110,4715,38.61,99.3,0.754,-,41026111.62,34286655.84,105669.34,
Borborema,3507407,borboremense,SHEILA MARIA GON&Ccedil;ALVES DE OLIVEIRA,552.256,14226,25.76,98.3,0.730,29.2,99657452.41,100489624.20,31833.29,
Borebi,3507456,borebiense,ANDERSON PINHEIRO DE GOES,347.989,2713,7.80,99.5,0.705,-,40350448.19,39097246.75,27255.19,
Botucatu,3507506,botucatuense,FABIO VIEIRA DE SOUZA LEITE,1482.642,145155,97.90,97.8,0.800,9.6,715906667.34,706875948.50,39937.48,
Bragan&ccedil;a Paulista,3507605,bragantino,EDMIR JOSE ABI CHEDID,512.584,176811,344.94,97,0.776,11.98,938185050.24,890811524.70,46153.09,
Bra&uacute;na,3507704,braunense,MAICON APARECIDO SUBIRES RIBEIRO,195.176,5356,27.44,98.6,0.737,-,39729493.95,35440229.45,20826.02,
Brejo Alegre,3507753,brejoalegrense,RAFAEL ALVES DOS SANTOS,105.689,2565,24.27,95.9,0.710,41.67,29485261.76,29459293.47,25996.26,
Brodowski,3507803,brodosquiano,F&Aacute;BIO MAXIMINIANO VERCEZI SEVERI,278.458,25201,90.50,97.5,0.755,7.41,177614502.33,148280529.30,34947.5,
Brotas,3507902,brotense,ALEXSANDRA BERTO BRAND&Atilde;O,1101.373,23898,21.70,99.1,0.740,7.66,185787227.99,184191865.50,45209.02,
Buri,3508009,buriense,GERMANO ALMEIDA PESCHEL,1196.463,20250,16.92,98.5,0.667,10.42,131675256.47,120832055.00,34121.21,
Buritama,3508108,buritamense,TIAGO LUIZ DE OLIVEIRA,326.921,17210,52.64,96.7,0.763,-,123607995.07,118585259.30,36037.97,
Buritizal,3508207,buritinense,DANIEL SARRETA,266.420,4356,16.35,99.4,0.735,20,54174760.57,49288568.52,53769.11,
Cabr&aacute;lia Paulista,3508306,cabraliense,ODEMIL ORTIZ DE CAMARGO,239.974,4299,17.91,97.5,0.694,-,35667925.32,32070056.92,24368.03,
Cabre&uacute;va,3508405,cabreuvano,NOEMI MEDEIROS BERNARDES,260.234,47011,180.65,97.3,0.738,19.15,384962152.98,387999555.20,116591.7,
Ca&ccedil;apava,3508504,ca&ccedil;apavense,YAN LOPES DE ALMEIDA,368.990,96202,260.72,98,0.788,7.41,448548594.67,429111911.20,54458.95,
Cachoeira Paulista,3508603,cachoeirense,BRENO BARBOSA ANAYA XAVIER,287.990,31564,109.60,98,0.764,26.55,128673823.13,118856689.90,19914.05,
Caconde,3508702,cacondense,JOS&Eacute; AFONSO DE PAIVA,468.214,17101,36.52,97.7,0.720,5.85,88990955.81,81192251.17,30182.07,
Cafel&acirc;ndia,3508801,cafelandense,TAIS FERNANDA MAIMONI CONTIERI SANTANA,920.280,16654,18.10,96.7,0.742,27.17,109637831.73,105973752.60,38094.8,
Caiabu,3508900,caiabuense,SUELEN NARA MATOS MATIVE,253.352,3712,14.65,98.9,0.729,27.03,35560834.51,34349611.01,16640.38,
Caieiras,3509007,caieirense,GILMAR SOARES VICENTE,97.642,95032,973.27,94.8,0.781,17.72,502542465.23,461168430.80,46700.03,
Caiu&aacute;,3509106,caiuense,JAYME SALVADOR ALVES,551.159,5466,9.92,99.3,0.697,-,47853699.04,49376962.93,15997.16,
Cajamar,3509205,cajamarense,KAUAN BERTO SOUSA SANTOS,131.386,92689,705.47,96.5,0.728,14.64,1102752938.07,1014461015.00,287384.67,
Cajati,3509254,cajatiense,LUIZ HENRIQUE KOGA,454.489,28515,62.75,98.4,0.694,9.26,206663628.93,188161139.10,61714.65,
Cajobi,3509304,cajobiense,MARCIO DONIZETI BARBARELLI,176.929,9133,51.62,99.7,0.734,-,59154197.90,53115612.71,16049.99,
Cajuru,3509403,cajuruense,ALEX MORETINI,660.088,23830,36.10,97.1,0.713,17.29,118783518.18,106395738.90,28623.2,
Campina do Monte Alegre,3509452,campinomontealegrense,MARCELO LISB&Ocirc;A MACHADO,184.479,5954,32.27,97.5,0.717,13.89,43566386.43,44767763.92,24817.17,
Campinas,3509502,campineiro,D&Aacute;RIO JORGE GIOLO SAADI,794.571,1139047,1433.54,96,0.805,10.12,8041627842.10,8324596130.00,59634.21,
Campo Limpo Paulista,3509601,campo-limpense,ADEILDO NOGUEIRA DA SILVA,79.403,77632,977.70,96.7,0.769,5.93,412894684.53,426017175.70,29291.03,
Campos do Jord&atilde;o,3509700,jordanense,CARLOS EDUARDO PEREIRA DA SILVA,289.981,46974,161.99,97.1,0.749,9.92,366428674.66,340453978.90,27503.81,
Campos Novos Paulista,3509809,campos-novense,FLAVIO FERMINO EUFLAUZINO,484.199,4888,10.10,97.9,0.706,21.28,49978294.09,47036624.87,38724.17,
Canan&eacute;ia,3509908,cananeiense,ANDRE NOGUEIRA SANCHES,1237.354,12289,9.93,97.3,0.720,29.41,88207890.39,110747572.10,21082,
Canas,3509957,canense,GUSTAVO ZANIN LUCENA FAMADAS,53.261,4931,92.58,98.3,0.704,16.13,37264951.21,37543598.50,24688.77,
C&acirc;ndido Mota,3510005,c&acirc;ndido-motense,ERALDO JOSE PEREIRA,595.811,29449,49.43,98.2,0.747,3.32,185592486.13,196628222.80,48339.61,
C&acirc;ndido Rodrigues,3510104,c&acirc;ndido-rodriguense,TIAGO ALEX RAVAZZI,70.892,2889,40.75,99,0.789,-,34436545.59,32099127.24,38184.58,
Canitar,3510153,canitarense,JOEL RODRIGUES,57.459,6283,109.35,96.1,0.680,10,40902412.61,37784537.37,30627.93,
Cap&atilde;o Bonito,3510203,cap&atilde;o-bonitense,JULIO FERNANDO GALV&Atilde;O DIAS,1640.229,46337,28.25,98.7,0.721,10.81,281809503.85,262812647.80,26945.89,
Capela do Alto,3510302,capelense,HENRIQUE DANIEL LEME,169.890,22866,134.59,96.5,0.699,16.95,118559526.74,122018772.00,18457.62,
Capivari,3510401,capivariano,VITOR HUGO RICCOMINI,322.878,50068,155.07,97.3,0.750,17.7,366480523.66,360777281.10,52495.21,
Caraguatatuba,3510500,caraguatatubense,MATEUS VENEZIANI DA SILVA,484.947,134873,278.12,97.7,0.759,10.56,1158998987.06,1180755505.00,36201.7,
Carapicu&iacute;ba,3510609,carapicuibano,JOSE ROBERTO DA SILVA,34.546,386984,11201.99,96.2,0.749,18.35,1007656158.52,989328283.00,16909.54,
Cardoso,3510708,cardosense,LU&Iacute;S PAULO BEDNARSKI PEDRASSOLLI,639.248,11345,17.75,96.8,0.722,-,81487255.73,78887320.50,25957.47,
Casa Branca,3510807,casa-branquense,ANTONIO EDUARDO MAR&Ccedil;ON NOGUEIRA,864.225,28083,32.50,96.9,0.730,13.7,175021831.97,166294315.80,38464.9,
C&aacute;ssia dos Coqueiros,3510906,cassiano,SILVIO SANTOS DOS REIS FARIA,191.683,2799,14.60,99.5,0.734,-,32157272.55,30830005.98,117809.94,
Castilho,3511003,castilhense,PAULO DUARTE BOAVENTURA,1065.318,19977,18.75,99.1,0.731,5.15,165558581.98,163630889.90,64508.48,
Catanduva,3511102,catanduvense,OSVALDO DE OLIVEIRA ROSA,290.596,115791,398.46,98.1,0.785,8.39,709798842.43,761056283.00,42386.42,
Catigu&aacute;,3511201,catig&uuml;ense,CLAUDEMIR JOSE GRAVA,148.393,7003,47.19,98.4,0.751,33.33,39502050.36,35484222.24,19342.42,
Cedral,3511300,cedralense,IRINEO BEOLCHI JUNIOR,197.838,12618,63.78,98.7,0.766,7.3,86622056.16,82872270.15,56401.2,
Cerqueira C&eacute;sar,3511409,cerqueirense,DIEGO AUGUSTO BERTI CINTO,511.621,21469,41.96,98.2,0.729,27.27,118573099.90,105400120.70,46928.25,
Cerquilho,3511508,cerquilhense,PAULO ROBERTO PILON,127.803,44695,349.72,99.6,0.782,-,271813901.00,274239585.00,46293.89,
Ces&aacute;rio Lange,3511607,cesariano-lange,RAMIRO DE CAMPOS,190.392,19048,100.05,96.3,0.706,21.01,108539953.49,98556386.25,39826.25,
Charqueada,3511706,charqueadense,RODRIGO DE ARRUDA,175.846,15535,88.34,97.9,0.736,10.42,89943405.43,87974698.93,29370.12,
Clementina,3511904,clementinense,GILSON ROBERTO RODRIGUES CRIOLEZIO,168.590,6982,41.41,98,0.725,11.36,46812597.12,41747294.86,20959.14,
Colina,3512001,colinense,VALDEMIR ANTONIO MORALLES,422.303,18486,43.77,98.4,0.757,9.17,155459986.70,143894492.50,82881.19,
Col&ocirc;mbia,3512100,colombiense,JULIO C&Eacute;SAR DOS SANTOS,728.648,6629,9.10,99.2,0.710,25.32,82671746.94,77499747.77,59974.07,
Conchal,3512209,conchalense,ORLANDO CALEFFI JUNIOR,182.793,28101,153.73,96.7,0.708,19.37,191732743.52,174884120.60,30159.5,
Conchas,3512308,conchense,PAULO NUNES DE ALMEIDA,466.120,15232,32.68,97.6,0.736,11.7,97450424.10,91594685.48,23872.16,
Cordeir&oacute;polis,3512407,cordeiropolense,MARIA CRISTINA DEGASPARI ABRAH&Atilde;O SAAD,137.579,24514,178.18,96.7,0.758,23.89,305022894.54,278499074.70,163554.17,
Coroados,3512506,coroadense,ROBERTO CARRILHO ALVES,246.825,5400,21.88,98.3,0.719,-,43261304.46,37271480.88,35303.73,
Coronel Macedo,3512605,macedense,DIEGO GARCIA BATISTA,303.830,4280,14.09,99.1,0.690,48.78,45652756.36,39988842.69,30746.6,
Corumbata&iacute;,3512704,corumbataiense,JO&Atilde;O BATISTA ALTARUGIO FILHO,278.622,4195,15.06,97,0.754,25,45770087.96,41228235.61,84731.24,
Cosm&oacute;polis,3512803,cosmopolense,ANTONIO CLAUDIO FELISBINO JUNIOR,154.665,59773,386.47,98,0.769,12.99,318051685.34,340010328.20,28255.87,
Cosmorama,3512902,cosmoramense,NELSON NARCISO DA SILVEIRA JUNIOR,441.680,8719,19.74,97.9,0.722,19.61,63899691.72,62936973.04,69530.67,
Cotia,3513009,cotiano,WELINGTON APARECIDO ALFREDO,323.994,274413,846.97,97.5,0.780,14.9,1595488305.43,1501408436.00,62486.58,
Cravinhos,3513108,cravinhense,ITAMAR GOMES BUENO,311.423,33281,106.87,98.1,0.756,22.22,239771749.45,228374353.60,48891.09,
Cristais Paulista,3513207,cristalense,ELSON GOMES DOS SANTOS,385.230,9272,24.07,98.2,0.734,9.17,59444293.68,55214827.05,39369.07,
Cruz&aacute;lia,3513306,cruzaliense,ARILDO OSMAR DE MORO,149.330,2108,14.12,97.8,0.774,-,34584095.08,31370404.22,68116.76,
Cruzeiro,3513405,cruzeirense,JOSE KLEBER LIMA SILVEIRA JUNIOR,305.699,74961,245.21,97.6,0.788,14.05,353062672.81,380282259.40,38390.41,
Cubat&atilde;o,3513504,cubatense,CESAR DA SILVA NASCIMENTO,142.879,112476,787.21,98,0.737,14.17,1682937465.34,1654562626.00,165607.5,
Cunha,3513603,cunhense,RODRIGO SERGIO DO NASCIMENTO,1407.250,22110,15.71,98,0.684,8.3,114835575.16,114975421.20,15269.84,
Descalvado,3513702,descalvadense,LUIS GUILHERME PANONE,753.706,31756,42.13,98.6,0.760,13.94,202047067.47,194187335.70,61036.51,
Diadema,3513801,diademense,TAKAHARU YAMAUCHI,30.732,393237,12795.69,96.8,0.757,12.99,1862803199.59,1937982169.00,43031.91,
Dirce Reis,3513850,dircense,MARCELO JOS&Eacute; BERNARDO,88.133,1620,18.38,100,0.741,-,28282006.28,26193333.61,38685.19,
Divinol&acirc;ndia,3513900,divinolandense,ANTONIO DE PADUA AQUISTI,223.749,11158,49.87,98.6,0.734,-,69817331.43,70537348.95,44568.55,
Dobrada,3514007,dobradense,ANTONIO CARLOS DE MATTOS SANTOS,149.729,8759,58.50,99.5,0.718,-,42125194.46,42923623.87,15286.82,
Dois C&oacute;rregos,3514106,dois-correguense,ALCEU ANTONIO MAZZIERO,632.972,24510,38.72,96.7,0.725,3.69,156306567.25,144444351.90,30150.85,
Dolcin&oacute;polis,3514205,dolcinopolense,DIEGO APARECIDO PEREIRA MIGUEL,77.939,2207,28.32,100,0.742,-,29281135.94,27039265.55,27963.37,
Dourado,3514304,douradense,LUIZ ANTONIO ROGANTE JUNIOR,205.874,8096,39.33,100,0.738,-,61644676.71,57308651.15,90318.49,
Dracena,3514403,dracenense,GENI PEREIRA LOBO PESIN,487.688,45474,93.24,98.2,0.776,10.02,227943931.38,251146932.90,30557.62,
Duartina,3514502,duartinense,SUZY HELENA SIM&Atilde;O BLAGITZ FERRAZ,264.557,12328,46.60,98.3,0.748,7.41,72260402.85,68871046.93,20338.59,
Dumont,3514601,dumonense,ROGERSON APARECIDO BURJALON RUIZ,111.376,9471,85.04,97.6,0.744,-,64881045.79,62596384.61,33647.69,
Echapor&atilde;,3514700,echaporense,RONALDO GAZETA,515.258,6205,12.04,98.8,0.745,-,53580027.27,47182204.57,25295.64,
Eldorado,3514809,eldoradense,NOEL CASTELO DA COSTA,1654.256,13069,7.90,97.3,0.691,20.55,86486907.64,91284867.70,21122.95,
Elias Fausto,3514908,elias-faustense,JOAQUIM ANTONIO DE CAMPOS BICUDO,202.360,17699,87.46,97.3,0.695,36.84,121073719.81,129456996.30,55521.14,
Elisi&aacute;rio,3514924,elisiarense,CASSIO ROBERTO BERTELLI,93.980,3138,33.39,98.6,0.747,-,33851327.33,30509877.48,20323.57,
Emba&uacute;ba,3514957,embaubense,NERCILIO PINHEIRO DA SILVA,83.129,2323,27.94,100,0.730,-,30995304.56,26940243.38,23385.21,
Embu das Artes,3515004,embuense,HUGO DO PRADO SANTOS,70.398,250691,3561.05,96.8,0.735,10.47,1209013638.38,1271673877.00,51258.86,
Embu-Gua&ccedil;u,3515103,embu-gua&ccedil;uense,ANDR&Eacute; GEORGE NERES DE FARIAS,155.641,66970,430.29,97.1,0.749,9.27,258742075.08,255453842.00,20683.01,
Emilian&oacute;polis,3515129,emilian&oacute;polense,ELTON MUNHOZ DE SOUZA,225.167,3014,13.39,97.3,0.727,-,28927524.09,27312376.65,24451.77,
Engenheiro Coelho,3515152,engenheiro coelhense,PEDRO FRANCO DE OLIVEIRA,109.941,19566,177.97,98.5,0.732,15.63,106987857.23,117791590.50,30446.44,
Esp&iacute;rito Santo do Pinhal,3515186,pinhalense,SERGIO DEL BIANCHI JUNIOR,389.235,39816,102.29,97.9,0.787,12.69,198622102.23,185729412.20,46311.65,
Esp&iacute;rito Santo do Turvo,3515194,esp&iacute;rito santense,GILBERTO NASCIMENTO BERTOLINO,193.666,4157,21.46,97.4,0.696,-,42756724.80,39299395.45,18630.23,
Estrela d'Oeste,3515202,estrelense,PEDRO DE SENZI NETO,296.281,9417,31.78,99,0.760,11.9,82259540.14,81017050.60,89460.5,
Estrela do Norte,3515301,estrelense,ALBERTO MARTINS DE OLIVEIRA,264.987,2703,10.20,98.9,0.740,43.48,30576736.78,28445378.69,22511.33,
Euclides da Cunha Paulista,3515350,euclidense,DOMINGOS MENTE LOPES,573.894,7924,13.81,98.5,0.704,10.75,54903742.78,48924659.55,14708.88,
Fartura,3515400,farturense,LUIZ MARCOS DE SOUZA,429.171,16641,38.77,97.4,0.732,11.17,106437244.58,98728584.88,29419.47,
Fernand&oacute;polis,3515509,fernandopolense,JO&Atilde;O PAULO SALES CANTARELLA,549.797,71186,129.48,99.4,0.797,3.99,363856498.80,366998026.50,35430.06,
Fernando Prestes,3515608,fernando-prestense,MARIEL SEBASTI&Atilde;O ROCHA,169.990,5942,34.95,96.5,0.758,-,43691795.56,40616728.79,35416.65,
Fern&atilde;o,3515657,fern&atilde;oense,EBER ROG&Eacute;RIO ASSIS,100.504,1656,16.48,99.1,0.703,-,27673890.05,26315999.68,46552.1,
Ferraz de Vasconcelos,3515707,ferrazense,PRISCILA CONCEI&Ccedil;&Atilde;O GAMBALE VIEIRA MATOS,29.547,179198,6064.85,97.6,0.738,15.59,705995095.51,600526773.50,23863.13,
Flora Rica,3515806,flora-riquense,FABIO LUIZ FLORENTINO DE FARIA,224.711,1487,6.62,99.1,0.727,-,27071177.26,25544427.03,30176.19,
Floreal,3515905,florealense,RAUL SCALON,204.236,2733,13.38,96.2,0.747,-,34910911.86,32359017.92,28393.24,
Fl&oacute;rida Paulista,3516002,floridense,JOS&Eacute; ANDRIOTTI,524.138,12958,24.72,98.9,0.715,11.24,63065985.10,56934920.14,17731.75,
Flor&iacute;nea,3516101,florinense ou florineano,SERGIO LOPES DA SILVA,225.886,3851,17.05,96.6,0.713,-,43863760.84,38692564.44,65354.84,
Franca,3516200,francano,ALEXANDRE AUGUSTO FERREIRA,605.679,352536,582.05,98.2,0.780,7.09,1284757050.72,1250579678.00,31450.1,
Francisco Morato,3516309,moratense,ILDO DA SILVA GUSM&Atilde;O,49.001,165139,3370.11,95.8,0.703,15.4,575162758.11,636510956.30,10439.01,
Franco da Rocha,3516408,franco-rochense,LORENA RODRIGUES DE OLIVEIRA,132.775,144849,1090.94,95.7,0.731,9.26,660356746.41,612755596.30,27126.51,
Gabriel Monteiro,3516507,monteirense,RENEE CREMA VIDOTO,138.681,2763,19.92,99.7,0.763,-,31085162.45,26966872.52,33755.37,
G&aacute;lia,3516606,galiense,JOSE SILVINO ZANIBONI JUNIOR,355.914,6380,17.93,97,0.709,18.87,43057001.42,38708865.75,26907.52,
Gar&ccedil;a,3516705,garcense,JOS&Eacute; ALCIDES FANECO,555.807,42110,75.76,98.1,0.769,15.59,262331089.11,277556862.30,38831.12,
Gast&atilde;o Vidigal,3516804,vidigalense,DANIEL GUARNIERI CRIADO,180.569,3252,18.01,96.6,0.723,-,31392687.06,29802408.51,17476.7,
Gavi&atilde;o Peixoto,3516853,gavionense,ADRIANO MAR&Ccedil;AL DA SILVA,243.766,4702,19.29,98.7,0.719,-,93203956.04,99281642.26,244615.79,
General Salgado,3516903,salgadense,THIAGO FRANCISQUINI VIANA,494.376,10312,20.86,98.5,0.747,10.42,74031772.40,76089642.65,25343.09,
Getulina,3517000,getulinense,MARIO TADEU CELESTINO RIBEIRO,676.755,10232,15.12,99.4,0.717,-,64416445.79,59415844.79,18806.06,
Glic&eacute;rio,3517109,glicerense,HAIRTON KELSINE CARVALHO OLIVEIRA,272.800,4138,15.17,98.5,0.735,52.63,43076228.93,42445102.83,25880.65,
Guai&ccedil;ara,3517208,guai&ccedil;arense,FLAVIA RAMOS BITTENCOURT LE&Atilde;O CABRAL,277.154,11239,40.55,98.4,0.739,6.85,63600550.70,57178965.80,18704.97,
Guaimb&ecirc;,3517307,guaimbeense,MARCIA HELENA PEREIRA CABRAL ACHILLES,217.811,5512,25.31,99,0.728,19.61,42747839.25,43318673.57,76293.81,
Gua&iacute;ra,3517406,guairense,ANTONIO MANOEL DA SILVA JUNIOR,1258.465,39279,31.21,97.8,0.753,9.15,317651072.53,317516824.90,65519.59,
Guapia&ccedil;u,3517505,guapia&ccedil;uense,CARLOS CESAR ZAITUNE,325.126,21711,66.78,98,0.725,21.19,132102781.70,128404914.50,40585.65,
Guapiara,3517604,guapiense,JOS&Eacute; MATHEUS RODOLFO DE FREITAS,408.292,17071,41.81,96.7,0.675,10.31,92905385.97,91734317.31,25989.08,
Guar&aacute;,3517703,guaraense,FILIPE FURTADO DA ROCHA,362.183,18606,51.37,98,0.718,-,131219382.27,123952541.90,28896.21,
Guara&ccedil;a&iacute;,3517802,guara&ccedil;aiense,AIRTON JOS&Eacute; GOMES,569.197,7441,13.07,98,0.719,-,56256827.15,61043739.76,39546.1,
Guaraci,3517901,guaraciense,RENATO AZEDA RIBEIRO DE AGUIAR,641.501,10350,16.13,97,0.737,-,103633630.89,100850849.70,32986.54,
Guarani d'Oeste,3518008,guaraniense,EDMILSON PIRES DO CARMO,85.700,1968,22.96,95.6,0.732,-,28009112.74,24248684.80,18556.87,
Guarant&atilde;,3518107,guarant&atilde;ense,MARCOS ROBERTO FRUGERI,461.746,6427,13.92,98.9,0.713,23.53,46004903.95,46226553.19,29367.05,
Guararapes,3518206,guararapense,ALEX PERAMO DE ARRUDA,955.637,31043,32.48,99.6,0.763,6.51,181191209.60,174424484.00,36072.94,
Guararema,3518305,guararemense,JOS&Eacute; LUIZ EROLES FREIRE,270.816,31236,115.34,97.3,0.731,11.76,369419295.86,424012798.90,50771.09,
Guaratinguet&aacute;,3518404,guaratinguetaense,ANTONIO GILBERTO FILIPPO FERNANDES JUNIOR,752.636,118044,156.84,97.8,0.798,9.13,558496302.72,555229238.70,63948,
Guare&iacute;,3518503,guareiense,REINALDO VICENTE DE SOUZA,567.884,15013,26.44,96.3,0.687,7.52,81760145.41,76675684.89,16300.18,
Guariba,3518602,guaribense,FRANCISCO DIAS MANCANO JUNIOR,270.289,37498,138.73,97.3,0.719,8.91,202632008.75,202089959.90,27783.09,
Guaruj&aacute;,3518701,guarujaense,FARID SAID MADI,144.794,287634,1986.50,95.9,0.751,17.18,2290901865.89,2342987124.00,32292.29,
Guarulhos,3518800,guarulhense,LUCAS SANCHES PROMESSIA,318.675,1291771,4053.57,97.1,0.763,13.29,6350141743.77,6030986731.00,55084.22,
Guatapar&aacute;,3518859,guataparaense,AILTON APARECIDO DA SILVA,413.567,7320,17.70,99.1,0.743,-,57466379.86,52074244.02,31618.94,
Guzol&acirc;ndia,3518909,guzolandense,LUIZ ANTONIO PEREIRA DE CARVALHO,252.477,4246,16.82,85.3,0.697,-,34440253.63,30328844.60,17505.62,
Hercul&acirc;ndia,3519006,herculandense,PAULO SERGIO DE OLIVEIRA,364.252,9125,25.05,98.4,0.727,9.35,61614779.43,57430238.16,36890.4,
Holambra,3519055,holambrense,FERNANDO HENRIQUE CAPATO,65.577,15094,230.17,98.8,0.793,12.93,156106509.23,144271326.20,93777.73,
Hortol&acirc;ndia,3519071,hortolandense,JOSE NAZARENO ZEZE GOMES,62.416,236641,3791.35,97.5,0.756,10.67,1462747556.15,1422428560.00,77357.5,
Iacanga,3519105,iacanguense,APARECIDA DE F&Aacute;TIMA PINHEIRO,547.393,10437,19.07,96.7,0.745,7.52,87325425.73,80786304.39,54825.02,
Iacri,3519204,iacriense,CLEBER ROGERIO CERBANTES PANHOZZI,321.948,6131,19.04,99.4,0.733,29.85,43529601.47,39078775.34,50533.65,
Iaras,3519253,iarense,PATRICK HERNANDES MORALES,401.381,8010,19.96,98.5,0.674,-,56643355.03,51148268.43,17261.62,
Ibat&eacute;,3519303,ibateense,RONALDO RODRIGO VENTURI,290.977,32178,110.59,97.6,0.703,9.39,158461829.88,166628598.20,32354.27,
Ibir&aacute;,3519402,ibiraense,NIVALDO DOMINGOS NEGR&Atilde;O,271.912,11690,42.99,98.4,0.740,7.69,76086490.14,71035012.02,25170.21,
Ibirarema,3519501,ibiraremense,JOSE BENEDITO CAMACHO,228.230,6385,27.98,97.4,0.708,66.67,52942811.87,47618026.32,30862.28,
Ibitinga,3519600,ibitinguense,FLORISVALDO ANTONIO FIORENTINO,689.391,60033,87.08,95.8,0.747,13.93,296217419.56,275405533.10,32137.74,
Ibi&uacute;na,3519709,ibiunense,MARIO PIRES DE OLIVEIRA FILHO,1058.082,75605,71.45,95.8,0.710,14.31,355568430.46,340773584.20,29609.37,
Ic&eacute;m,3519808,icense,APARECIDA SALISSO,362.355,7819,21.58,98.5,0.720,-,74886856.26,68843782.99,25025.6,
Iep&ecirc;,3519907,iepense,MARTA PATRICIA STONIS DA COSTA,594.974,7619,12.81,97.9,0.736,35.29,67916937.29,63322901.78,52789.96,
Igara&ccedil;u do Tiet&ecirc;,3520004,iguara&ccedil;uense,CARLOS ALBERTO VARASQUIM,97.747,23106,236.39,98.8,0.727,8.73,120561345.59,104758840.80,15357.34,
Igarapava,3520103,igarapavense,JOS&Eacute; HUMBERTO LACERDA RODRIGUES,468.355,26212,55.97,97.8,0.768,3.58,189673267.89,179913352.50,42208.35,
Igarat&aacute;,3520202,igaratense,GABRIEL GOMES PRIANTI DE JESUS,292.953,10605,36.20,99.1,0.711,14.39,85714352.75,77953753.11,24936.71,
Iguape,3520301,iguapense,SALVADOR JOS&Eacute; BARBOSA JUNIOR,1978.795,29115,14.71,99.5,0.726,6.54,191922775.89,189592144.40,51053.14,
Ilhabela,3520400,ilhabelense,ANTONIO LUIZ COLUCCI,346.389,34934,100.85,98.3,0.756,6.19,1023355528.00,1209718329.00,385605.85,
Ilha Comprida,3520426,ilha compridense,MARISTELA OS&Oacute;RIO DE MARQUES CARDONA,196.567,13419,68.27,98.2,0.725,20.55,137235098.99,139237594.10,118036.8,
Ilha Solteira,3520442,ilhense,RODRIGO BATISTA GON&Ccedil;ALVES,652.641,25549,39.15,99.3,0.812,18.52,214708229.18,215785769.90,26261.81,
Indaiatuba,3520509,indaiatubano,CUST&Oacute;DIO TAVARES DIAS NETO,311.545,255748,820.90,98.2,0.788,9.68,2118789984.03,1911914333.00,87525.86,
Indiana,3520608,indianense,WHESLEN THIEGO SCAIONE CACHOEIRA,129.367,5090,39.35,98,0.761,-,32438918.09,29756087.78,17846.96,
Indiapor&atilde;,3520707,indiapor&atilde;ense,BERNADETE APARECIDA SANTANA RIBEIRO SPONQUIADO,279.606,4035,14.43,98.5,0.751,-,40203615.54,38422050.55,28664.34,
In&uacute;bia Paulista,3520806,inubense,FERNANDO ROSSI,87.119,3615,41.49,98.3,0.759,-,30773113.98,26127245.89,33790.08,
Ipaussu,3520905,ipau&ccedil;uense,LUIZ CARLOS SOUTO,209.554,13712,65.43,97.9,0.727,40.46,93594215.40,88640040.29,32911.22,
Iper&oacute;,3521002,iperoense,LEONARDO ROBERTO FOLIM,170.289,36459,214.10,98.9,0.719,13.26,186198985.31,182205992.00,25010.8,
Ipe&uacute;na,3521101,ipeunense,MARIA LUISA ZANONI PRATA,190.010,6831,35.95,98.8,0.753,-,58619551.92,53679807.48,121154.37,
Ipigu&aacute;,3521150,ipiguaense,EFRAIM GARCIA LOPES,136.028,6761,49.70,98.5,0.730,13.7,40309165.71,37954307.04,22360.76,
Iporanga,3521200,iporanguense,MARCOS DOS SANTOS DOMINGOS,1152.059,4046,3.51,97.3,0.703,40.82,41515232.72,36440985.45,15181.67,
Ipu&atilde;,3521309,ipu&atilde;nense,RONYWERTON MARCELO ALVES PEREIRA,466.461,14454,30.99,98,0.749,13.61,110045312.41,107590601.90,26361.5,
Iracem&aacute;polis,3521408,iracemapolense,NELITA CRISTINA MICHEL FRANCESCHINI,115.118,21967,190.82,95.7,0.776,13.57,155021322.60,153505901.00,85178.34,
Irapu&atilde;,3521507,irapuense,RENI APARECIDA DA SILVA,257.612,6867,26.66,97.9,0.713,18.87,43377132.62,43670549.45,22987.71,
Irapuru,3521606,irapuruense,ADEMAR CALEG&Atilde;O,214.461,7085,33.04,95.1,0.712,-,40449186.17,37866262.19,13115.75,
Itaber&aacute;,3521705,itaberaense,C&Eacute;LIO RONALDO GOMES DE LIMA,1100.247,17983,16.34,97.9,0.693,14.93,120897594.30,105579498.00,58380.87,
Ita&iacute;,3521804,itaiense,JOSE RAMIRO ANTUNES DO PRADO,1092.884,25180,23.04,97.9,0.713,14.62,189763899.53,188930679.20,33471.94,
Itajobi,3521903,itajobiense,SIDIOMAR UJAQUE,502.066,16989,33.84,94.9,0.730,24.75,122637086.57,111637075.80,61001.88,
Itaju,3522000,itajuense,JERRI DE SOUZA NEIVA,230.355,3618,15.71,98.7,0.705,-,36798892.43,35618760.72,58993.27,
Itanha&eacute;m,3522109,itanhaense,TIAGO RODRIGUES CERVANTES,601.711,112476,186.93,97.5,0.745,9.04,627091641.05,687240527.20,22704.86,
Itaoca,3522158,itaoquense,FREDERICO DIAS BATISTA,183.015,3422,18.70,98.8,0.680,45.45,1361518.11,32950275.05,16009.98,
Itapecerica da Serra,3522208,itapecericano,RAMON PIRES CORSINI,150.742,158522,1051.61,96.8,0.742,9.63,693626474.10,679825024.20,27338.58,
Itapetininga,3522307,itapetiningano,JEFERSON RODRIGO BRUN,1789.350,157790,88.18,96.4,0.763,11.77,771380104.21,771636943.30,38058.01,
Itapeva,3522406,itapevense,ADRIANA DUCH MACHADO,1826.258,89728,49.13,98.4,0.732,15.18,541684449.19,533647926.90,39783.21,
Itapevi,3522505,itapeviense,MARCOS FERREIRA GODOY,82.658,232297,2810.34,96.5,0.735,14.64,1167174075.46,1129557838.00,52656.14,
Itapira,3522604,itapirense,ANTONIO H&Eacute;LIO NICOLAI,518.416,72022,138.93,98,0.762,10.72,480978323.75,490561950.80,62845.44,
Itapirapu&atilde; Paulista,3522653,itapirapu&atilde; paulistense,JULIO CESAR DO AMARAL,406.478,4306,10.59,99,0.661,-,33850947.29,33731110.57,12247.37,
It&aacute;polis,3522703,itapolitano,VLADIMIR DO CARMO REGGIANI,996.747,39493,39.62,98.4,0.744,9.46,224584854.52,230269457.50,37459.11,
Itaporanga,3522802,itaporanguense,FABIO BRUNO GURGEL BENINI,507.997,14085,27.73,97.9,0.719,-,86360134.57,75840505.52,20103.59,
Itapu&iacute;,3522901,itapuiense,MARIA CLELIA VIARO PICHELLI,140.023,13659,97.55,96.5,0.725,20.83,90428133.42,86424812.38,70205.57,
Itapura,3523008,itapurense,SERGINO DA SILVA PRADO,301.653,3979,13.19,98,0.720,-,46447967.03,43745177.71,20950.66,
Itaquaquecetuba,3523107,itaquaquecetubense,EDUARDO BOIGUES QUEROZ,82.622,369275,4469.45,96.4,0.714,14.14,1164585173.06,1197260261.00,25112.29,
Itarar&eacute;,3523206,itarareense,JO&Atilde;O JORGE FADEL FILHO,1003.860,44438,44.27,98,0.703,8.82,229298859.10,197993470.00,23286.15,
Itariri,3523305,itaririense,CARLOS ROCHA RIBEIRO,273.667,15528,56.74,96.4,0.677,6.54,81856420.09,79955414.20,24725.72,
Itatiba,3523404,itatibense,THOM&Aacute;S ANTONIO CAPELETTO DE OLIVEIRA,322.269,121590,377.29,97.8,0.778,14.18,748367169.93,707461902.50,66360.02,
Itatinga,3523503,itatinguense,PAULO HENRIQUE DE OLIVEIRA ROQUE,979.817,19070,19.46,98,0.706,28.11,120736892.12,121918007.70,18764.35,
Itirapina,3523602,itirapinense,MARIA DA GRA&Ccedil;A ZUCCHI MORAES,564.603,16148,28.60,97.8,0.724,12.74,138479187.98,138040288.10,68413.96,
Itirapu&atilde;,3523701,itirapu&atilde;nense,GERSON LUIZ ALVES,161.118,5779,35.87,99.1,0.707,-,32641764.02,27032640.51,24568.81,
Itobi,3523800,itobiano,JOAQUIM C&Acirc;NDIDO FILHO,138.986,8046,57.89,98.6,0.717,-,35749694.56,33499071.45,25230.99,
Itu,3523909,ituano,HERCULANO CASTILHO PASSOS JUNIOR,640.719,168240,262.58,94.3,0.773,9.06,1359074977.57,1272539159.00,59502.19,
Itupeva,3524006,itupevense,ROG&Eacute;RIO CAVALIN,200.876,70616,351.54,97.4,0.762,14.59,598792690.18,596912701.60,130938.58,
Ituverava,3524105,ituveravense,LUIZ ANT&Ocirc;NIO DE ARA&Uacute;JO,704.659,37571,53.32,97.9,0.765,15.22,260788053.47,260992939.70,45131.05,
Jaborandi,3524204,jaborandiense,SILVIO VAZ DE ALMEIDA,273.438,6221,22.75,98.3,0.711,37.04,56181069.51,52702493.01,22013.21,
Jaboticabal,3524303,jaboticabalense,EMERSON RODRIGO CAMARGO,706.602,71821,101.64,97.9,0.778,9.6,477586939.32,499049193.80,46151.86,
Jacare&iacute;,3524402,jacareiense,CELSO FLOR&Ecirc;NCIO DE SOUZA,464.272,240275,517.53,98.3,0.777,9.33,1414823412.52,1485224136.00,67874.93,
Jaci,3524501,jaciense,VAL&Eacute;RIA PERP&Eacute;TUO GUIMAR&Atilde;ES HENRIQUE,145.133,7613,52.46,97.7,0.723,-,51758652.37,44763217.29,92434.87,
Jacupiranga,3524600,jacupiranguense,JO&Atilde;O BATISTA DE ANDRADE,704.136,16097,22.86,97.4,0.717,5.52,104229603.58,100672013.40,29651.56,
Jaguari&uacute;na,3524709,jaguariunense,DAVID HILARIO NETO,141.391,59347,419.74,98,0.784,8.96,685942950.75,648640411.50,233328.91,
Jales,3524808,jalesense,LUIS HENRIQUE DOS SANTOS MOREIRA,368.574,48776,132.34,98.9,0.776,2,273795662.18,290969820.80,40212.72,
Jambeiro,3524907,jambeirense,ARIES MARIOTO FERREIRA,184.413,6397,34.69,97.7,0.756,-,62841358.64,57840987.00,51684.83,
Jandira,3525003,jandirense,HENRI HAJIME SATO,17.449,118045,6765.14,96.9,0.760,13.69,500164611.45,588879132.30,38426.42,
Jardin&oacute;polis,3525102,jardinopolense,ANTONIO CARLOS DEGAN,501.870,45282,90.23,97.1,0.735,11.83,255382527.65,251788026.70,34708.42,
Jarinu,3525201,jarinuense,D&Eacute;BORA CRISTINA DO PRADO BELINELLO,207.549,37535,180.85,98.2,0.733,16.59,231962801.92,211588533.00,96153.71,
Ja&uacute;,3525300,jauense,JORGE IVAN CASSARO,687.103,133497,194.29,97.8,0.778,6.08,649374970.04,637236674.40,36376.16,
Jeriquara,3525409,jeriquarense,ELAINE PINHEIRO DE PAULA MANSANO GARCIA,141.971,3863,27.21,98,0.703,-,37567208.40,35953339.20,53750.36,
Joan&oacute;polis,3525508,joanopolitano,CRISTIANO BENEDITO,374.293,12815,34.24,95.8,0.699,8.2,76755649.69,72162023.85,19442.33,
Jo&atilde;o Ramalho,3525607,ramalhense,DIRCE DA CONCEICAO BUBOLA VALEJO,415.452,4371,10.52,99.4,0.741,-,43056966.15,40378149.51,32483.14,
Jos&eacute; Bonif&aacute;cio,3525706,bonifaciano,MARCELO CATARUCI DE ALMEIDA,860.200,36633,42.59,99,0.777,11.85,193097468.77,179870011.50,36644.42,
J&uacute;lio Mesquita,3525805,j&uacute;lio-mesquitense,ELTON FRANCISCO DE BRITO,128.183,4254,33.19,97.7,0.716,17.86,32954115.42,33808687.26,12197.96,
Jumirim,3525854,jumirense,DANIEL VIEIRA,56.685,3056,53.91,99.2,0.741,-,40486608.92,41537342.38,61724.71,
Jundia&iacute;,3525904,jundiaiense,GUSTAVO MARTINELLI,431.204,443221,1027.87,98.2,0.822,10.65,3476557893.01,3544626740.00,135081.2,
Junqueir&oacute;polis,3526001,junqueiropolense,ELIO FURINI NETO,582.565,20448,35.10,96.8,0.745,10.26,122212861.81,113442291.30,38510.78,
Juqui&aacute;,3526100,juquiaense,CICERO CIRILO DOS SANTOS,812.799,17154,21.10,97.7,0.700,19.01,97268828.47,93175140.04,19673.56,
Juquitiba,3526209,juquitibense,WILLIANS SOARES RODRIGUES,522.169,27404,52.48,98.5,0.709,23.19,146037197.77,145482633.80,18025.29,
Lagoinha,3526308,lagoinhense,JOS&Eacute; GUILHERME CORR&Ecirc;A GOMES,255.472,5083,19.90,99,0.693,25.64,41674138.75,37543235.76,15150.97,
Laranjal Paulista,3526407,laranjalense,ANTONIO VALDECIR BERTO FILHO,384.274,26261,68.34,98.1,0.729,2.99,172127126.46,171589181.50,48579.92,
Lav&iacute;nia,3526506,lavinense,SALVADOR CAZUO MATSUNAKA,537.675,9689,18.02,98.6,0.721,-,60386988.32,54838499.13,14696.45,
Lavrinhas,3526605,lavrinhense,MARCOS VINICIUS FRANQUEIRA GARCIA,167.067,7171,42.92,98.5,0.729,10.31,43985071.64,43063773.36,18111.28,
Leme,3526704,lemense,CLAUDEMIR APARECIDO BORGES,402.871,98161,243.65,97.7,0.744,11.82,562660274.98,526866937.90,38964.09,
Len&ccedil;&oacute;is Paulista,3526803,len&ccedil;oiense,ANDRE PACCOLA SASSO,809.541,66505,82.15,99,0.764,9.67,482704619.48,460488506.50,70818.58,
Limeira,3526902,limeirense,MURILO BERBERT AVIGO FELIX,580.711,291869,502.61,97.7,0.775,12.6,1738527698.71,1782064378.00,51678.31,
Lind&oacute;ia,3527009,lindoiano,LUCIANO FRANCISCO DE GODOI LOPES,48.756,7014,143.86,97.4,0.742,-,61686301.95,61073730.81,30018.14,
Lins,3527108,linense,JO&Atilde;O LUIS LOPES PANDOLFI,570.058,74779,131.18,98.4,0.786,11.29,375836761.06,380470216.60,85642.71,
Lorena,3527207,lorenense,SYLVIO BALLERINI,414.160,84855,204.88,97.2,0.766,14.59,383647462.89,403570667.30,43299.19,
Lourdes,3527256,lourdense,ODECIO RODRIGUES DA SILVA,113.940,1950,17.11,98.4,0.742,-,29312120.95,28805689.51,18818.34,
Louveira,3527306,louveirense,PAULO ALBERTO FINAMORE,55.738,51847,930.19,97.3,0.777,9.85,680192719.06,720214435.40,385773.53,
Luc&eacute;lia,3527405,luceliense,TATIANA GUILHERMINO TAZIN&Aacute;ZZIO,314.810,20061,63.72,99.4,0.752,23.26,102326100.77,95908188.00,26531.25,
Lucian&oacute;polis,3527504,lucianopolense,ADEMIR MANTOVANELLI,189.536,2372,12.51,99.1,0.733,-,29823895.49,26815998.49,29214.5,
Lu&iacute;s Ant&ocirc;nio,3527603,lu&iacute;s-antoniense,RODRIGO MELLO MARQUES,598.257,12265,20.50,99.4,0.731,-,126178670.04,109773381.20,99603.69,
Luizi&acirc;nia,3527702,luiziano,RAPHAEL SARAIVA BARRETO,166.576,4701,28.22,92.8,0.702,-,35799899.02,32823698.35,15851.42,
Lup&eacute;rcio,3527801,lupercense,CLEBER MENEGUCCI,155.171,3981,25.66,94.5,0.724,-,31267186.21,26125545.45,21340.47,
Lut&eacute;cia,3527900,luteciano,LAUDEMIR LEATI,475.226,2661,5.60,93.7,0.720,50,35270088.00,32193765.60,38571.53,
Macatuba,3528007,macatubense,ANDERSON FERREIRA,224.514,16829,74.96,99.3,0.770,12.42,128156917.26,129357781.20,37292.64,
Macaubal,3528106,macaubalense,ACACIO TARDOQUE FERREIRA,248.087,7481,30.15,97.9,0.743,-,46088119.31,45707335.01,24094.91,
Maced&ocirc;nia,3528205,macedoniense,REGINALDO ELOY MARCOMINI DOS REIS,327.567,3963,12.10,99.3,0.740,-,37885116.60,32857712.33,24669.23,
Magda,3528304,magdense,RODOLFO FERREIRA KAM&Aacute;,312.282,3165,10.14,96.5,0.753,38.46,39632169.17,38300158.54,33742.07,
Mairinque,3528403,mairinquense,CARLOS EDUARDO THOMAZ PEDROSO,210.149,50027,238.05,96.9,0.743,10.29,252377603.77,258429491.10,56474.15,
Mairipor&atilde;,3528502,mairiporense,WALID ALI HAMID,320.697,93853,292.65,98.1,0.788,10.54,528198255.86,563933049.60,22076.24,
Manduri,3528601,mandurinense,PAULO ROBERTO MARTINS,229.046,9871,43.10,98.9,0.739,-,58302631.53,48828820.07,29272.78,
Marab&aacute; Paulista,3528700,marabaense,APARECIDO NASCIMENTO SOBRAL,919.519,4573,4.97,99,0.677,-,42846010.66,43676508.18,25999.5,
Maraca&iacute;,3528809,maracaiense,PAULO EDUARDO DA SILVA,533.498,12673,23.75,98.3,0.771,9.43,93300506.70,82252614.75,36775.73,
Marapoama,3528858,marapoamense,LOUREN&Ccedil;O LORENCETI,111.267,3292,29.59,99.4,0.752,31.25,38927661.04,35921233.66,38648.5,
Mari&aacute;polis,3528908,mariapolense,RICARDO MITSURO WATANABE,186.544,3513,18.83,97.5,0.718,-,28957810.34,25357269.59,18663.17,
Mar&iacute;lia,3529005,mariliense,VINICIUS ALMEIDA CAMARINHA,1170.515,237627,203.01,97.8,0.798,15.29,1383250370.06,1510687108.00,40272.45,
Marin&oacute;polis,3529104,marinopolense,EVALDO RIBEIRO,77.827,1860,23.90,97.6,0.731,-,25892999.77,28639732.05,19070.41,
Martin&oacute;polis,3529203,martinopolense,VALDECI SOARES DOS SANTOS FILHO,1253.564,24881,19.85,98.1,0.721,7.69,140480861.88,129688198.50,28179.26,
Mat&atilde;o,3529302,matonense,APARECIDO FERRARI,524.899,79033,150.57,97.7,0.773,8.91,460572218.59,409618428.00,63716.37,
Mau&aacute;,3529401,mauaense,FRANCISCO MARCELO DE OLIVEIRA,61.937,418261,6753.01,97.4,0.766,13.21,1661556493.82,1568673962.00,43128.78,
Mendon&ccedil;a,3529500,mendoncino,JULIANO SOUZA DE OLIVEIRA,195.151,6159,31.56,98.1,0.744,39.47,58152806.31,51658811.37,66474.78,
Meridiano,3529609,meridianense,F&Aacute;BIO PASCHOALINOTO,228.199,4572,20.04,98.5,0.731,-,51832624.27,49656800.74,103289.4,
Mes&oacute;polis,3529658,mesopolense,ALEX ROCHA PIMENTEL,148.636,1952,13.13,100,0.724,-,31045188.85,29354159.37,42887.61,
Miguel&oacute;polis,3529708,miguelopense,JULIO FERREIRA DO CARMO,820.849,19441,23.68,98.6,0.741,8.77,143290398.30,137019786.80,45201.82,
Mineiros do Tiet&ecirc;,3529807,mineiros-tieteense,LUIZ GUSTAVO FERRAREZ,213.242,11230,52.66,98.3,0.730,-,59581392.75,59638292.81,17373.68,
Miracatu,3529906,miracatuense,VIN&Iacute;CIUS BRAND&Atilde;O DE QUEIROZ,1001.484,18553,18.53,97.1,0.697,28.57,120815226.40,115672154.00,23420.28,
Mira Estrela,3530003,mira-estrelense,GLEICE APARECIDA CASTREQUINI,216.825,3126,14.42,97.2,0.743,-,40784904.97,35296371.93,22515.72,
Mirand&oacute;polis,3530102,mirandopolense,EDERSON PANTALEAO DE SOUZA,917.694,27983,30.49,97.9,0.751,19.61,129364664.26,134938915.10,24753.46,
Mirante do Paranapanema,3530201,mirantense,EDUARDO QUESADA PIAZZALUNGA,1238.931,15917,12.85,98.8,0.724,24.39,117587447.14,110656418.10,32957.78,
Mirassol,3530300,mirassolense,EDSON ANTONIO ERMENEGILDO,243.228,63337,260.40,93.5,0.762,9.66,326992903.47,295996174.20,43778.54,
Mirassol&acirc;ndia,3530409,mirassolandense,C&Eacute;LIA APARECIDA FIAMENGHI DOS SANTOS MATOS,166.125,4669,28.11,96.9,0.738,-,37708102.18,35597992.94,42951.06,
Mococa,3530508,mocoquense,EDUARDO RIBEIRO BARISON,855.156,67681,79.14,98.9,0.762,6.99,310766549.88,313927627.50,44065.5,
Mogi das Cruzes,3530607,mogiano,MARIA LUISA PICCOLOMINI BERTAIOLLI,712.541,451505,633.65,97.7,0.783,12.98,2178329538.51,2502872298.00,43031.34,
Mogi Gua&ccedil;u,3530706,gua&ccedil;uano,RODRIGO FALSETTI,812.753,153658,189.06,97.9,0.774,12.06,846831199.81,881717174.80,44538.21,
Mogi Mirim,3530805,mogi-miriano,PAULO DE OLIVEIRA E SILVA,497.708,92558,185.97,97.4,0.784,5.5,668722600.54,658900253.10,67095.62,
Mombuca,3530904,mombucano,EVERTON TIAGO MORA PEDROSO,133.698,3722,27.84,97.8,0.719,-,36085959.47,36015938.49,35344.16,
Mon&ccedil;&otilde;es,3531001,mon&ccedil;olense,DOUGLAS ANT&Ocirc;NIO HONORATO,104.352,1937,18.56,100,0.772,-,35544568.23,30313250.87,25620.96,
Mongagu&aacute;,3531100,mongaguano,LUIZ BERBIZ DE OLIVEIRA,142.755,61951,433.97,98.3,0.754,12.8,396556630.81,395945184.70,21421.71,
Monte Alegre do Sul,3531209,monte-alegrense,JOSE RAFAEL VEZZAN,110.308,8627,78.21,98.3,0.759,13.7,52932743.15,50438445.25,30829.71,
Monte Alto,3531308,monte-altense,MARIA HELENA AGUIAR RETTONDINI,346.950,47574,137.12,98.6,0.768,17.24,262044565.27,250704589.50,47713.32,
Monte Apraz&iacute;vel,3531407,monte-aprazivelense,JO&Atilde;O ROBERTO CAMARGO,495.559,22280,44.96,98.8,0.785,18.6,125857998.74,118921665.70,29885.78,
Monte Azul Paulista,3531506,monte-azulense,MARDQUEU SILVIO FRAN&Ccedil;A,263.463,18151,68.89,98.6,0.753,9.9,144774305.48,129924443.00,33768.09,
Monte Castelo,3531605,monte-castelense,EDSON CARLOS OLIVEIRA DA SILVA,233.547,4222,18.08,98.2,0.741,-,37047554.03,38233480.23,30746,
Monteiro Lobato,3531704,lobatense,EDMAR JOS&Eacute; DE ARAUJO,332.742,4138,12.44,96.5,0.710,46.51,42026146.67,39381142.35,17520.67,
Monte Mor,3531803,monte-morense,MURILO ANT&Ocirc;NIO DE SOUSA RINALDO,240.566,64662,268.79,97.2,0.733,11.2,389299341.14,374198633.80,69972.02,
Morro Agudo,3531902,morro-agudense,LEANDRO C&Eacute;SAR SILVA VALADARES,1388.127,27933,20.12,95.9,0.712,9.52,237163419.90,253380462.00,36487.83,
Morungaba,3532009,morungabense,LUIS FERNANDO MIGUEL,146.752,13720,93.49,97.4,0.715,5.26,96349444.19,98931065.55,45445.18,
Motuca,3532058,motuquense,FABIO DE MENEZES CHAVES,228.700,4034,17.64,95.4,0.741,43.48,37202146.31,34985721.61,24983.62,
Murutinga do Sul,3532108,murutinguense,CRISTIANO ELEUT&Eacute;RIO SOARES DA SILVA,250.873,3737,14.90,96.4,0.726,62.5,36005567.99,32369365.41,19453.5,
Nantes,3532157,nantense,MARLLON JAFFER ALBANO DE OLIVEIRA,286.647,2660,9.28,98.7,0.714,-,38196293.29,36108643.17,44261.55,
Narandiba,3532207,narandibense,DANILLO CARVALHO DOS SANTOS,357.325,5713,15.99,98.9,0.718,12.99,63650411.29,54779526.91,129106.16,
Natividade da Serra,3532306,nativense,EVAIL AUGUSTO DOS SANTOS,833.372,6999,8.40,98.8,0.655,15.63,48461260.82,44621621.52,14098.9,
Nazar&eacute; Paulista,3532405,nazareano,AVANILDE APARECIDA GONZAGA CANEDO,326.254,18217,55.84,96.9,0.678,-,107016540.07,104067597.50,24667.18,
Neves Paulista,3532504,nevense,EDENILSON ALEXANDRE ROSSELLI,219.050,9699,44.28,99.7,0.754,-,54006533.23,51857816.00,30979.89,
Nhandeara,3532603,nhandearense,ANTONIO MARQUES DO NASCIMENTO JUNIOR,436.159,9852,22.59,97.7,0.751,-,68527393.45,68021828.62,31773.36,
Nipo&atilde;,3532702,nipoense,JOSE PEDRO RAMPIM,137.609,4750,34.52,99.2,0.713,44.78,33254643.71,32889343.76,17820.45,
Nova Alian&ccedil;a,3532801,nova-aliancense,JURANDIR BARBOSA DE MORAIS,217.515,6693,30.77,99.2,0.738,-,50466864.55,43938024.48,45514.97,
Nova Campina,3532827,nova campinense,ANTONIO ISAEL DE OLIVEIRA JUNIOR,385.375,8497,22.05,99.7,0.651,31.75,64328086.75,61764250.70,22192.26,
Nova Cana&atilde; Paulista,3532843,novacanaense,THAIS CRISTINA COSTA MOREIRA,124.473,2032,16.32,98.8,0.715,55.56,28157361.03,25284208.62,25386.3,
Nova Castilho,3532868,castilhense,MAICON GARCIA PIROLA,183.396,1062,5.79,100,0.756,-,32510589.03,26870231.17,47027.11,
Nova Europa,3532900,nova-europense,LIDIANE LUIZE RODRIGUES,160.250,9311,58.10,100,0.765,42.55,75298021.84,72823787.34,32768.54,
Nova Granada,3533007,granadense,LUIZ AUGUSTO SALVADOR,531.796,19419,36.52,98.6,0.739,8.47,96982195.07,85167876.03,23447.89,
Nova Guataporanga,3533106,guataporanguense,JOSE MAURO LOURENCETTI,34.158,2156,63.12,99.3,0.726,-,24240946.39,21386158.90,15762.88,
Nova Independ&ecirc;ncia,3533205,independentino,FERNANDO MACCHI SANTANA,265.029,4609,17.39,98,0.735,-,53175198.73,48459187.51,51548.89,
Novais,3533254,novaense,PAULO CESAR DIAS PINHEIRO,117.772,4412,37.46,100,0.719,-,38539861.87,36735076.17,12986.7,
Nova Luzit&acirc;nia,3533304,luzitaniense,MIGUEL JOS&Eacute; ARA&Uacute;JO JUNIOR,73.816,2837,38.43,98.6,0.743,-,29619864.66,30429667.36,14278.82,
Nova Odessa,3533403,novaodessense,CL&Aacute;UDIO JOS&Eacute; SCHOODER,73.788,62019,840.50,98.4,0.791,12.13,339645243.33,349853936.80,65145.09,
Novo Horizonte,3533502,novo-horizontino,FABIANO DE MELLO BELENTANI,931.743,38324,41.13,97.7,0.753,12.82,241698441.73,231526590.30,37973.31,
Nuporanga,3533601,nuporanguense,DANIEL VIANA MELO,348.265,7391,21.22,97.8,0.746,-,69181871.03,67795500.87,115407.02,
Ocau&ccedil;u,3533700,ocau&ccedil;uense,JO&Atilde;O BENEDITO COSTA E SILVA,301.036,4331,14.39,97.7,0.717,13.51,39305320.17,36947842.76,32921.81,
&Oacute;leo,3533809,oleense,JORD&Atilde;O ANTONIO VIDOTTO,198.938,2512,12.63,98.9,0.730,-,32013559.85,26590532.65,52419.92,
Ol&iacute;mpia,3533908,olimpiense,EUGENIO JOSE ZULIANI,802.555,55074,68.62,97.4,0.773,9.66,378028593.63,382061875.50,45985.63,
Onda Verde,3534005,onda-verdense,NILSON NEVES DE SOUZA,242.946,4771,19.64,98.7,0.738,19.23,47547555.85,41521478.51,46086.02,
Oriente,3534104,orientense,GERALDO MATHEUS MORIS,218.668,6085,27.83,97.2,0.770,14.49,41698666.46,37681461.71,19753.85,
Orindi&uacute;va,3534203,orindiuvense,MIRELI CRISTINA LEITE RUVI&Eacute;RI MARTINS,247.378,6024,24.35,99.3,0.767,-,61929222.06,57544500.78,87570.54,
Orl&acirc;ndia,3534302,orlandino,JORGE GABRIEL GRASI,291.765,38319,131.34,98.3,0.780,9.69,290751556.25,264146085.80,57728.08,
Osasco,3534401,osasquense,GERSON DIAS PESSOA,64.954,728615,11217.40,96,0.776,14.91,4501945152.97,4685442908.00,122765.64,
Oscar Bressane,3534500,bressanense,ANSELMO GIROTO,222.130,2470,11.12,96.7,0.749,66.67,31068213.97,26427569.93,43366.02,
Osvaldo Cruz,3534609,osvaldo-cruzense,VERA LUCIA ALVES,248.038,31272,126.08,97.6,0.762,6.37,141173813.68,141466385.40,32836.81,
Ourinhos,3534708,ourinhense,GUILHERME ANDREW GON&Ccedil;ALVES DA SILVA,295.818,103970,351.47,98.2,0.778,9.39,670871894.18,712859339.00,34406.86,
Ouroeste,3534757,ouroestense,SEBASTI&Atilde;O CARLOS SILVA,288.648,10294,35.66,99.7,0.770,10.87,105007650.55,102014884.80,51226.69,
Ouro Verde,3534807,ouro-verdense,JULIO CESAR DE MORI VECCHIATI,266.778,7779,29.16,97.3,0.692,40.4,46457700.94,43723831.08,15558.53,
Pacaembu,3534906,pacaembuense,JOAO FRANCISCO MUGNAI NEVES,339.375,14877,43.84,98.9,0.725,-,72597792.52,66062103.37,15195.79,
Palestina,3535002,palestinense,REINALDO APARECIDO DA CUNHA,697.701,11476,16.45,96.6,0.732,-,86250817.29,86347391.44,31646.21,
Palmares Paulista,3535101,palmarense,LUCAS APARECIDO DA ASSUM&Ccedil;&Atilde;O,82.125,9650,117.50,98.2,0.722,-,51295023.68,46700393.45,9964.11,
Palmeira d'Oeste,3535200,palmeirense,VALDIR SEMENSATI DE MORAES,318.740,8903,27.93,98.5,0.753,-,48538164.12,47371565.04,23443.85,
Palmital,3535309,palmitalense,LUIS GUSTAVO MENDES MORAES,548.407,19594,35.73,97.2,0.746,5.46,150202078.17,131234554.30,40347.04,
Panorama,3535408,panoramense,DANIEL GENOVA,356.050,14964,42.03,95.8,0.722,23.12,82519652.39,81673912.63,19933.87,
Paragua&ccedil;u Paulista,3535507,paragua&ccedil;uense,ANTONIO TAKASHI SASADA,1001.492,41120,41.06,99.4,0.762,13.57,293516970.20,262823727.00,39015.76,
Paraibuna,3535606,paraibunense,HELOISA ANTUNES DE FARIA SANTOS,809.576,17667,21.82,97.2,0.719,4.93,134714226.47,122107562.00,19220.43,
Para&iacute;so,3535705,paraisense,OSVALTE JOSE BOVONI,155.186,6099,39.30,99.1,0.749,33.33,57600244.69,57123945.08,42122.5,
Paranapanema,3535804,paranapanemense,RODOLFO HESSEL FANGANIELLO,1018.724,19395,19.04,98.1,0.717,14.04,145507036.49,132912475.30,45907.58,
Paranapu&atilde;,3535903,paranapuense,DANIEL JUNIOR DURAN PINATTO,140.354,4031,28.72,98.4,0.732,-,33553865.87,32916026.82,32360.15,
Parapu&atilde;,3536000,parapuense,MILTON MITIO IWAYAMA,366.664,10580,28.85,98.9,0.737,22.22,70001826.91,60940936.19,67842.13,
Pardinho,3536109,pardinhense,CRISTIANO CAMARGO MOREIRA,209.894,7153,34.08,98.3,0.727,29.13,59269415.25,59068331.51,55976.73,
Pariquera-A&ccedil;u,3536208,pariquerense,WAGNER BENTO DA COSTA,359.414,19233,53.51,97.1,0.736,12.61,94140402.31,106046050.60,29601.64,
Parisi,3536257,parasiano,OCLAIR BAR&Atilde;O BENTO,84.737,2892,34.13,99.6,0.721,-,32416119.50,30082448.25,24630.17,
Patroc&iacute;nio Paulista,3536307,patrocinense,M&Aacute;RIO MARCELO CARRARO BERTELLI,602.848,14512,24.07,97.8,0.730,39.11,103023807.95,88830702.30,91078.82,
Paulic&eacute;ia,3536406,pauliceiense,ANTONIO SIMONATO,374.091,7955,21.26,94,0.711,10.1,63677195.04,59406739.24,26544.4,
Paul&iacute;nia,3536505,paulinense,DANILO HENRIQUE MAC&Ecirc;DO DE BARROS,138.777,110537,796.51,97.9,0.795,14.8,2298800287.53,1936547504.00,457517.7,
Paulist&acirc;nia,3536570,paulistaniense,LUIZ CARLOS MARQUES,256.178,2090,8.16,97.5,0.718,-,31453436.24,28091916.10,26505.01,
Paulo de Faria,3536604,paulo-fariense,DIRCEU CASSIA FILHO,737.986,7400,10.03,98.5,0.725,13.51,66393852.47,65212987.91,30054.05,
Pederneiras,3536703,pederneirense,IVANA MARIA BERTOLINI CAMARINHA,727.482,44827,61.62,98.3,0.739,9.29,244403053.92,244785459.40,64521.62,
Pedra Bela,3536802,pedra-belense,VANDERLEI LOPES DA SILVA,158.587,6557,41.35,95.8,0.677,-,40403448.62,39469197.68,19271.43,
Pedran&oacute;polis,3536901,pedranopolense,FAUSTO LUANO ROSA,260.101,2787,10.72,100,0.742,-,34773157.67,33179202.17,32369.01,
Pedregulho,3537008,pedregulhense,CARLOS EDUARDO BARBOSA TEIXEIRA,712.604,15525,21.79,98.4,0.715,15,105676905.69,100795063.60,102593.26,
Pedreira,3537107,pedreirense,F&Aacute;BIO VINICIUS POLIDORO,108.817,43112,396.19,98.1,0.769,6.74,269791203.36,246353942.40,30658.23,
Pedrinhas Paulista,3537156,pedrinhense,FREDDIE COSTA NICOLAU,152.309,2804,18.41,97.3,0.774,29.41,40527685.12,36994047.19,56819.68,
Pedro de Toledo,3537206,toledense,PAULO EDUARDO ALVES FERREIRA,670.440,11281,16.83,99.3,0.696,43.96,67571621.04,60278612.68,15521.76,
Pen&aacute;polis,3537305,penapolense,CARLOS HENRIQUE ROSSI CATALANI,711.314,61679,86.71,98.7,0.759,23.53,354968484.26,351069357.20,32488.66,
Pereira Barreto,3537404,pereira-barretense,HERM&Iacute;NIO BARBOSA KOMATSU,974.247,24095,24.73,98.1,0.766,20.2,180314054.70,160644233.60,42339.32,
Pereiras,3537503,pereirense,OSMAR PASQUALINO RODRIGUES RAMOS JUNIOR,223.136,8737,39.16,96.8,0.736,-,48978628.86,45836615.94,35826.95,
Peru&iacute;be,3537602,peruibense,FELIPE ANTONIO COLA&Ccedil;O BERNARDO,326.216,68352,209.53,98.6,0.749,12.15,445757399.91,465798897.10,28211.36,
Piacatu,3537701,piacatuense,RICARDO FRANCISCO LEMES DA SILVA,232.488,5519,23.74,97.5,0.732,55.56,40102173.49,35889609.92,19534.68,
Piedade,3537800,piedadense,GERALDO PINTO DE CAMARGO FILHO,746.868,52970,70.92,95.6,0.716,13.01,224456214.77,229355630.90,28657,
Pilar do Sul,3537909,pilarense,CLAYTON ALVARO MACHADO,681.248,27619,40.54,93.8,0.690,24.59,145621457.21,129737568.10,43096.72,
Pindamonhangaba,3538006,pindamonhangabense,RICARDO ALBERTO PEREIRA PIORINO,731.355,165428,226.19,98.2,0.773,10.39,979027600.42,969611388.40,79951.7,
Pindorama,3538105,pindoramense,GERALDO FELIPPE JUNIOR,184.825,14542,78.68,97.5,0.737,-,93632680.84,90677330.91,28703.01,
Pinhalzinho,3538204,pinhalzinhense,SEBASTIAO ZANARDI,154.529,15224,98.52,97.8,0.725,7.81,78014422.60,79957037.59,20216.61,
Piquerobi,3538303,piquerobiense,ADRIANA CRIVELLI BIFFE,482.769,3264,6.76,99.4,0.711,-,38384106.44,36009131.91,18103.98,
Piquete,3538501,piquetense,ROMULO KAZIMIERZ LUSZCZYNSKI,175.996,12490,70.97,98.8,0.757,8.93,69050678.20,56546137.34,14661.29,
Piracaia,3538600,piracaiense,ANDR&Eacute; HENRIQUE ROG&Eacute;RIO,385.568,26029,67.51,98,0.739,13.93,148818584.56,155524174.60,23959.72,
Piracicaba,3538709,piracicabano,HELIO DONIZETE ZANATTA,1378.069,423323,307.19,97.5,0.785,10.28,2785829145.97,2562442081.00,84225.76,
Piraju,3538808,pirajuense,CARLOS ALBERTO CAMARGO LIMA,504.591,29436,58.34,98.3,0.758,6.76,157530308.02,153435480.40,30945.65,
Piraju&iacute;,3538907,pirajuiense,ROSALINA SONIA DOS SANTOS,823.758,22431,27.23,97.3,0.749,-,120271853.63,107042345.70,20820.31,
Pirangi,3539004,piranginense,VANDERLEI ROBSON DE OLIVEIRA,215.809,10885,50.44,97.8,0.756,-,62931977.31,59946549.18,31655.48,
Pirapora do Bom Jesus,3539103,piraporano,GREGORIO RODRIGUES PONTES MAGLIO,108.489,18370,169.33,97.5,0.727,4.24,121404957.57,110778533.60,42495.88,
Pirapozinho,3539202,pirapozense,LUCAS PADOVAN DOS SANTOS PAVANI,477.673,25348,53.07,98.8,0.776,11.67,131488203.13,123764635.90,33165.84,
Pirassununga,3539301,pirassununguense,FERNANDO LUBRECHET,727.118,73545,101.15,98.2,0.801,7.85,403538126.28,388213822.80,42833.73,
Piratininga,3539400,piratiningano,CARLOS ALESSANDRO FRANCO BORRO DE MATOS,402.409,15108,37.54,98.4,0.779,-,84175823.73,89042350.76,20048.02,
Pitangueiras,3539509,pitangueirense,DIMAS TADEU BOLZAN,430.638,33674,78.20,99,0.723,5.1,206681291.24,214937289.80,34369.55,
Planalto,3539608,planaltense,ROSIMEIRE BARBOSA SILVERIO,289.825,4389,15.14,99.2,0.719,27.78,51184011.62,49643559.35,36082.23,
Platina,3539707,platinense,DONIZETE APARECIDO FERREIRA DE LIMA,327.480,3025,9.24,98.5,0.719,31.25,41819238.79,35115722.07,33283.11,
Po&aacute;,3539806,poaense,SAULO DE OLIVEIRA SOUZA,17.264,103765,6010.48,97.6,0.771,11.9,469115441.10,447564869.60,31616.47,
Poloni,3539905,poloniense,ANDREIA LUZIA FACHINI BRAIT,135.119,5592,41.39,99.5,0.766,-,25025588.62,32278133.98,25044.23,
Pomp&eacute;ia,3540002,pompeiano,DIOGO MONTEFUSCO CESCHIM SILVA,784.674,20196,25.74,98.6,0.786,4.72,174599217.03,155059155.90,87425.49,
Ponga&iacute;,3540101,pongaiense,GILHIARD HENRIQUE DE BORTOLI,183.399,3395,18.51,97.4,0.755,-,35049114.03,30848764.74,27887.43,
Pontal,3540200,pontalense,JOS&Eacute; CARLOS NEVES SILVA,356.371,37607,105.53,94.5,0.725,18.44,209446351.65,219806756.70,28285.96,
Pontalinda,3540259,pantalindense,SISINIO DE OLIVEIRA LE&Atilde;O,209.525,4127,19.70,98.3,0.702,21.74,50488233.44,31684958.82,20773.37,
Pontes Gestal,3540309,pontes-gestalense,MARCEL DIAS LEITE,217.505,2387,10.97,97.8,0.732,-,40571564.66,46814083.31,49170.31,
Populina,3540408,populinense,JOAO CEZAR ROBLES BRANDINI,315.938,4127,13.06,99.6,0.714,-,37287453.27,38405860.91,28351.02,
Porangaba,3540507,porangabense,JO&Atilde;O CARLOS ALVES BARROS,265.689,10451,39.34,94.7,0.703,-,63298528.62,62409415.17,22903.9,
Porto Feliz,3540606,porto-felicense,C&Eacute;LIO PEIXOTO DOS SANTOS,556.706,56497,101.48,98.2,0.758,4.93,483196972.72,444056640.80,69921.89,
Porto Ferreira,3540705,ferreirense,ANDRE LUIS ANCHAO BRAGA,244.906,52649,214.98,98.1,0.751,12.82,348951161.29,330931937.80,43904.33,
Potim,3540754,potinense,EMERSON KIOGI TANAKA,44.643,20392,456.78,99.3,0.697,17.24,94451109.28,86113281.65,12047.78,
Potirendaba,3540804,potirendabano,GISLAINE MONTANARI FRANZOTTI,342.492,18496,54.00,98,0.747,9.66,124353648.75,118168380.20,35101.25,
Pracinha,3540853,pracinhense,LAERCIO BIASI,63.054,2578,40.89,100,0.696,-,24157828.90,22566288.16,9468.33,
Prad&oacute;polis,3540903,pradopolense,SAULO EMMANUEL ATIQUE FILHO,167.378,17078,102.03,96.3,0.733,6.67,142818280.23,139419231.30,49306.42,
Praia Grande,3541000,praia-grandense,ALBERTO PEREIRA MOUR&Atilde;O,149.652,349935,2338.32,96.9,0.754,11.39,2328741536.67,2482092717.00,25940.64,
Prat&acirc;nia,3541059,pratino,OSMIR JOS&Eacute; F&Eacute;LIX,175.100,5126,29.27,97.7,0.701,-,38438618.09,34796843.88,23527.63,
Presidente Alves,3541109,alvense,CRISTIANO DOS SANTOS,286.642,3804,13.27,98.9,0.735,-,31014175.57,28138187.39,19014.7,
Presidente Bernardes,3541208,bernardense,CLEBERSON DUARTE DE SOUZA,749.233,14490,19.34,98.5,0.757,8.2,81784742.36,78070195.07,25644.3,
Presidente Epit&aacute;cio,3541307,epitaciano,ANDR&Eacute; FERRAZ LIMA,1260.281,39505,31.35,98.8,0.750,13.12,203917724.08,219198126.70,29738.9,
Presidente Prudente,3541406,prudentino,MILTON CARLOS DE MELLO,560.637,225668,402.52,97.8,0.806,13.41,1132633063.16,1050986269.00,39845.11,
Presidente Venceslau,3541505,venceslauense,BARBARA MEDEIROS VILCHES,755.203,35201,46.61,98.6,0.763,3.56,189255867.80,198663114.40,20760.95,
Promiss&atilde;o,3541604,promissense,HAMILTON LUIS FOZ,779.200,35131,45.09,96.7,0.743,18.97,196564683.88,176943950.90,51330.11,
Quadra,3541653,quadrense,LHEONIDES DE OLIVEIRA ANDRADE,205.672,3405,16.56,98.3,0.678,-,38248156.14,36945838.93,37038.08,
Quat&aacute;,3541703,quataense,M&Aacute;RCIO BID&Oacute;IA,651.341,13163,20.21,98.7,0.738,6.29,101753262.35,99924316.91,57387.58,
Queiroz,3541802,queirozense,WALTER RODRIGO DA SILVA,234.914,3265,13.90,98.1,0.715,-,54835856.93,46904111.24,194914.13,
Queluz,3541901,queluzense,JOS&Eacute; CELSO BUENO,249.399,9159,36.72,98,0.722,8.06,73783922.22,79506588.09,28178.35,
Quintana,3542008,quintanense,FERNANDO ITAPU&Atilde; BRANCO NUNES,318.937,7038,22.07,98.1,0.732,-,49558618.70,43782746.73,41016,
Rafard,3542107,rafardense,FABIO DOS SANTOS,121.645,8965,73.70,98.3,0.745,9.71,61032059.10,62174566.86,48529.75,
Rancharia,3542206,ranchariense,HOMERO PINELLI SEVERO LINS,1587.498,28588,18.01,97.5,0.751,20,180459583.82,169981829.80,46459.21,
Reden&ccedil;&atilde;o da Serra,3542305,rendencense,JUCIMAR FERREIRA DA SILVA,309.441,4494,14.52,95.2,0.657,27.03,36572005.91,36402907.78,17461.44,
Regente Feij&oacute;,3542404,regentense,MARCO ANT&Ocirc;NIO PEREIRA DA ROCHA,263.280,20145,76.52,98.8,0.768,20,126211923.97,114290563.50,47932.82,
Regin&oacute;polis,3542503,reginopolitano,JEFFERSON AUGUSTO RODRIGUES BUAVA,410.406,7662,18.67,98.8,0.728,-,52960271.29,51765388.92,18401.03,
Registro,3542602,registrense,SAMUEL MOREIRA DA SILVA JUNIOR,722.201,59947,83.01,97.3,0.754,11.38,304653775.17,310042187.50,41751.4,
Restinga,3542701,restinguense,FELIPE TALVANI SONTINI,245.746,6404,26.06,98.6,0.705,48.19,47477925.37,47187952.98,27280.56,
Ribeira,3542800,ribeirense,ARI DO CARMOS SANTOS,335.759,3132,9.33,97,0.698,26.32,34764402.41,33289524.40,18699.17,
Ribeir&atilde;o Bonito,3542909,ribeir&atilde;o-bonitense,PAULO ANTONIO GOBATO VEIGA,471.553,10989,23.30,98.7,0.712,14.93,65596176.07,65507481.93,27794.44,
Ribeir&atilde;o Branco,3543006,ribeir&atilde;o-branquense,ANTONIO CARLOS CAMARGO RIBAS,697.500,18627,26.71,97.5,0.639,12.24,87186273.53,78562928.92,37255.94,
Ribeir&atilde;o Corrente,3543105,ribeir&atilde;o-correntense,ANA LOURINETE COSTA L&Ocirc;BO MONTANHER,148.332,4608,31.07,100,0.711,-,46819918.23,42038359.60,66664.82,
Ribeir&atilde;o do Sul,3543204,ribeir&atilde;o-sulense,ELIANA MARIA RORATO MANSO,203.208,4677,23.02,99,0.747,-,38751426.84,39911485.83,49451.73,
Ribeir&atilde;o dos &Iacute;ndios,3543238,ribeirindio,VALDECI JOSE FERNANDES,196.446,2025,10.31,98.6,0.721,-,29258133.37,26354062.79,21152.38,
Ribeir&atilde;o Grande,3543253,ribeir&atilde;o grandense,MARCELO LUIS NUNES,333.363,7450,22.35,96.8,0.705,12.82,49246992.49,49423936.44,15221.41,
Ribeir&atilde;o Pires,3543303,ribeir&atilde;o-pirense,LUIZ GUSTAVO PINHEIRO VOLPI,98.972,115559,1167.59,97.4,0.784,11.41,545843625.02,516196745.00,31068.87,
Ribeir&atilde;o Preto,3543402,ribeir&atilde;o-pretano,RICARDO AUGUSTO MACHADO DA SILVA,650.916,698642,1073.32,96.9,0.800,9.69,4209742708.41,4285286746.00,55484.91,
Riversul,3543501,riversulense,MARCOS ROBERTO DOS SANTOS,385.878,5599,14.51,95.9,0.664,-,43969085.53,42980451.73,17299.84,
Rifaina,3543600,rifainense,WILSON ALVES DA SILVA JUNIOR,162.508,4049,24.92,99.2,0.740,-,57841696.32,53733051.73,52357.63,
Rinc&atilde;o,3543709,rinconense,BRAZ RODRIGUES,316.639,9098,28.73,98.2,0.734,-,59724887.16,59729788.22,20883.52,
Rin&oacute;polis,3543808,rinopolense,GRAZIELA DE LIMA TOM&Eacute; TREVISAN,358.481,9259,25.83,98.6,0.723,-,55514866.27,48378392.56,35113.28,
Rio Claro,3543907,rio-clarense,GUSTAVO RAMOS PERISSINOTTO,498.422,201418,404.11,98.2,0.803,11.2,1354725671.37,1365493630.00,63209.08,
Rio das Pedras,3544004,rio-pedrense,MARCOS BUZETTO,226.657,31328,138.22,98.4,0.759,8.22,202587103.00,185092476.90,49338.49,
Rio Grande da Serra,3544103,riogranserrense ou  serrano ou riogransense,RICARDO AKIRA ONO AURIANI,36.341,44170,1215.43,98.2,0.749,10.73,158315631.53,138338961.50,18472.33,
Riol&acirc;ndia,3544202,riolandense,ANTONIO CARLOS SANTANA DA SILVA,631.897,10309,16.31,96.7,0.703,10.31,80339373.39,71617417.30,20921.21,
Rosana,3544251,rosanense,CLAUDEMIR PERES FRANCISCO DE OLIVEIRA,744.011,17440,23.44,98.1,0.764,9.95,137035826.53,136278610.80,121065.75,
Roseira,3544301,roseirense,FERNANDO AUGUSTO DE SIQUEIRA,129.847,10832,83.42,98.7,0.737,10.53,71083148.49,65756701.23,34421.96,
Rubi&aacute;cea,3544400,rubiacense,J&Uacute;LIO C&Eacute;SAR FELISMINO,236.484,2700,11.42,99.5,0.721,-,32393181.02,29301733.07,24710.59,
Rubin&eacute;ia,3544509,rubineiense,ALEX OLIVO,242.877,3833,15.78,100,0.759,-,42538623.15,39249054.81,32233.41,
Sabino,3544608,sabinense,FERNANDO HENRIQUE FLORINDO,305.285,5112,16.75,97.2,0.728,-,52275820.27,46042705.43,31123.73,
Sagres,3544707,sagrense,ROBERTO BATISTA PIRES,147.935,2474,16.72,99.2,0.730,31.25,27455746.73,25476068.90,22566.69,
Sales,3544806,salense,JOSEMAR FRANCISCO DE ABREU,308.555,6437,20.86,100,0.751,-,60652265.88,55249122.57,26150.29,
Sales Oliveira,3544905,salense,F&Aacute;BIO GODOY GRATON,305.776,11411,37.32,98.8,0.772,-,78458597.26,87099802.23,34473.89,
Sales&oacute;polis,3545001,salesopolense,RODOLFO RODRIGUES MARCONDES,424.997,15202,35.77,98.4,0.732,5.65,106155725.73,84928458.02,14499.33,
Salmour&atilde;o,3545100,salmourense,S&Ocirc;NIA CRISTINA JACON GABAU,172.934,4808,27.80,98.3,0.719,22.73,32744327.14,30783319.93,18037.04,
Saltinho,3545159,saltinhense,HELIO FRANZOL BERNARDINO,99.738,8161,81.82,96.8,0.791,-,55699979.20,55285034.16,44465.92,
Salto,3545209,saltense,JOS&Eacute; GERALDO GARCIA,133.057,134319,1009.48,98.4,0.780,13.15,663406583.94,710435597.50,77029.01,
Salto de Pirapora,3545308,saltopiraporense,MATHEUS MARUM DE CAMPOS,280.412,43748,156.01,98.6,0.729,22.73,255301721.73,252577624.20,47995.61,
Salto Grande,3545407,salto-grandense,MARIO LUCIANO ROSA,188.441,9050,48.03,96.5,0.704,11.36,62516358.00,53561739.50,29155.3,
Sandovalina,3545506,sandovalino ou sandovalinense,MARCOS MENDES DA SILVA,455.856,3645,8.00,98.2,0.709,21.28,60669366.91,55196573.69,72374.52,
Santa Ad&eacute;lia,3545605,santa-adeliense,CIRO CESAR COSTA,330.269,14018,42.44,100,0.760,13.07,84457761.84,81723434.92,24461,
Santa Albertina,3545704,santa-albertinense,GERSON FORMIGONI JUNIOR,272.692,6393,23.44,98.8,0.728,-,51469926.00,53100621.07,35584.96,
Santa B&aacute;rbara d'Oeste,3545803,barbarense,RAFAEL PIOVEZAN,271.030,183347,676.48,98.4,0.781,12.97,868742227.54,869946422.70,40073.67,
Santa Branca,3546009,santa-branquense,ADRIANO MARCHESANI LEVORIN,272.238,13975,51.33,98.8,0.735,-,89034166.37,87987531.68,20959.37,
Santa Clara d'Oeste,3546108,santa-clarense,JOS&Eacute; BASILIO DE FARIA,183.458,2598,14.16,98.5,0.733,-,39492119.15,35360595.35,45847.14,
Santa Cruz da Concei&ccedil;&atilde;o,3546207,santa-cruzense,CARLOS EDUARDO ARANHA DE ALBUQUERQUE,150.130,4277,28.49,99.6,0.790,33.33,43312491.23,40708712.48,35264.11,
Santa Cruz da Esperan&ccedil;a,3546256,santacruzense,MARCOS ANTONIO BAZILIO,148.062,2116,14.29,86.2,0.743,-,30377214.46,29077340.54,29296.72,
Santa Cruz das Palmeiras,3546306,palmeirense,LUIZ FERNANDO STOCCO,295.337,28864,97.73,97.3,0.728,14.66,134608174.41,129958676.60,18687.66,
Santa Cruz do Rio Pardo,3546405,santa-cruzense,OTACILIO PARRAS ASSIS,1114.747,46442,41.66,96.3,0.762,10.05,292864094.54,290270525.00,57811.23,
Santa Ernestina,3546504,santa-ernestinense,JOS&Eacute; CARLOS SIM&Atilde;O,134.421,6118,45.51,99.2,0.738,14.08,37686736.10,34897107.13,18714.85,
Santa F&eacute; do Sul,3546603,santa-f&eacute;-sulense,EVANDRO FARIAS MURA,206.537,34794,168.46,97.9,0.784,2.54,318634406.30,305346331.60,41007.46,
Santa Gertrudes,3546702,santa-gertrudense,LAZARO NOE DA SILVA,98.291,23611,240.22,98.3,0.737,-,247034652.17,218975592.60,139885.74,
Santa Isabel,3546801,isabelense,CARLOS AUGUSTO CHINCHILLA ALFONZO,363.332,53174,146.35,97.8,0.738,11.57,263343627.83,259972054.70,28340.36,
Santa L&uacute;cia,3546900,santa-luciense,ANTONIO CARLOS ABUABUD JUNIOR,153.860,7149,46.46,98.6,0.737,-,42525451.98,39537840.53,14751.7,
Santa Maria da Serra,3547007,serrense,JOSIAS ZANI NETO,252.621,5243,20.75,97.5,0.686,-,40180667.40,34805147.35,24297.18,
Santa Mercedes,3547106,mercedense,VALDIR VERONA,166.753,2956,17.73,98.8,0.739,32.26,34680181.52,29422440.77,23436.56,
Santana da Ponte Pensa,3547205,santanense-da-ponte-pensa,VAGNER HERNANDES,129.888,1670,12.86,100,0.773,-,29712226.62,23950725.58,27564.35,
Santana de Parna&iacute;ba,3547304,parnaibano,ELVIS LEONARDO CEZAR,179.949,154105,856.38,97.3,0.814,8.54,1669059966.00,1560953833.00,79579.96,
Santa Rita d'Oeste,3547403,santa-ritense,OSMAR SAMPAIO,209.800,2733,13.03,100,0.761,-,32433668.62,28878285.62,27518.08,
Santa Rita do Passa Quatro,3547502,santa-ritense,MARCELO SIMAO,754.141,24833,32.93,97.8,0.775,9.26,152654397.45,165965721.40,29877.17,
Santa Rosa de Viterbo,3547601,santa-rosense,OMAR NAGIB MOUSSA,288.576,23411,81.13,97.9,0.770,18.69,128764427.69,119518116.80,30914.1,
Santa Salete,3547650,saletense,J&Uacute;LIO CESAR MARTINS MILIATTI,79.192,1645,20.77,100,0.772,-,25175295.87,23077859.86,27025.83,
Santo Anast&aacute;cio,3547700,anastaciano,LUIZ INFANTE,552.876,17963,32.49,98.5,0.753,16.3,91406771.49,86582667.43,26650.73,
Santo Andr&eacute;,3547809,andreense,GILVAN FERREIRA DE SOUZA JUNIOR,175.782,748919,4260.50,97.4,0.815,10.23,3772410695.71,4141598594.00,45062.56,
Santo Ant&ocirc;nio da Alegria,3547908,alegriense,DENILSON DE CARVALHO,310.311,6775,21.83,97.5,0.702,-,48568322.04,47625640.41,30114.17,
Santo Ant&ocirc;nio de Posse,3548005,possense,JOS&Eacute; RICARDO CORTEZ,154.133,23244,150.80,97.3,0.702,10.71,174791356.94,177533693.60,78794.3,
Santo Ant&ocirc;nio do Aracangu&aacute;,3548054,aracanguaense,LUIZ CARLOS DOS REIS NONATO,1308.432,8379,6.40,98.9,0.757,29.85,83836705.15,79235083.06,33916.19,
Santo Ant&ocirc;nio do Jardim,3548104,jardinense,OSVALDO MOREIRA,109.956,6126,55.71,97,0.714,35.71,38509816.16,39772097.00,37602.53,
Santo Ant&ocirc;nio do Pinhal,3548203,pinhalense,ANDERSON JOSE MENDON&Ccedil;A,133.008,7133,53.63,98.3,0.706,24.1,55054801.67,58748836.96,21690.65,
Santo Expedito,3548302,expeditense,ANDERSON JOSE BETIO,94.465,3000,31.76,99.1,0.732,-,26446313.60,23497457.63,14964.67,
Sant&oacute;polis do Aguape&iacute;,3548401,santopolitano,GERSON ALVES DE LIMA JUNIOR,128.026,3899,30.45,98.6,0.740,21.28,36722740.91,33527675.37,16609.02,
Santos,3548500,santista,ROG&Eacute;RIO PEREIRA DOS SANTOS,281.033,418608,1489.53,98.2,0.840,7.99,4328935144.45,4591046005.00,55508.46,
S&atilde;o Bento do Sapuca&iacute;,3548609,sambentista,GILBERTO DONIZETI DE SOUZA,252.579,11674,46.22,98.5,0.720,-,66448190.38,68036068.39,37283.14,
S&atilde;o Bernardo do Campo,3548708,s&atilde;o-bernardense,MARCELO DE LIMA FERNANDES,409.532,810729,1979.65,97.6,0.805,8.97,6047597531.70,6038379292.00,68571.36,
S&atilde;o Caetano do Sul,3548807,sul-caetanense,ANACLETO CAMPANELLA JUNIOR,15.331,165655,10805.23,97.4,0.862,10.81,2344581626.89,2320378464.00,95640.71,
S&atilde;o Carlos,3548906,s&atilde;o-carlense,ANTONIO DONATO NETTO,1136.907,254857,224.17,97.9,0.805,13.04,1420885276.43,1413050783.00,55044.88,
S&atilde;o Francisco,3549003,s&atilde;o-francisquense,SEBASTI&Atilde;O DE OLIVEIRA BAPTISTA,75.579,2602,34.43,100,0.723,-,27943826.16,27328745.68,18189.76,
S&atilde;o Jo&atilde;o da Boa Vista,3549102,s&atilde;o-joanense,VANDERLEI BORGES DE CARVALHO,516.399,92547,179.22,97.2,0.797,5.42,561130548.83,599412792.90,44794.34,
S&atilde;o Jo&atilde;o das Duas Pontes,3549201,s&atilde;o-joanense,JOS&Eacute; CARLOS BARUCI J&Uacute;NIOR,129.462,2580,19.93,99.4,0.720,-,29161009.52,28274017.91,20591.79,
S&atilde;o Jo&atilde;o de Iracema,3549250,iracemense,LUIZ AUGUSTO TORRES,178.396,1846,10.35,98.1,0.748,-,30974994.26,26629224.67,26507.78,
S&atilde;o Jo&atilde;o do Pau d'Alho,3549300,s&atilde;o-joanense,LUCAS DE OLIVEIRA BARBOSA,117.665,2242,19.05,99.2,0.750,-,28592321.45,26901417.26,27920.27,
S&atilde;o Joaquim da Barra,3549409,joaquinense,WAGNER JOSE SCHMIDT,410.863,48558,118.19,96.7,0.762,10.29,273572985.77,247466039.40,41547.41,
S&atilde;o Jos&eacute; da Bela Vista,3549508,bela-vistense,WALTER C&Aacute;SSIO CARVALHO FACCIROLLI,276.952,7626,27.54,97.9,0.693,13.33,48006983.65,43681137.26,25749.88,
S&atilde;o Jos&eacute; do Barreiro,3549607,barreirense,LUIS EDUARDO SANTOS RIBEIRO,570.685,3853,6.75,95.5,0.684,-,46891898.17,44629605.67,15297.56,
S&atilde;o Jos&eacute; do Rio Pardo,3549706,rio-pardense,MARCIO CALLEGARI ZANETTI,419.684,52205,124.39,97.6,0.774,20.45,273821911.00,278656045.10,42952.13,
S&atilde;o Jos&eacute; do Rio Preto,3549805,rio-pretense,F&Aacute;BIO ROG&Eacute;RIO CANDIDO,431.944,480393,1112.17,98,0.797,9.79,2890331804.01,2977382094.00,44679.93,
S&atilde;o Jos&eacute; dos Campos,3549904,joseense,ANDERSON FARIAS FERREIRA,1099.409,697054,634.03,97.4,0.807,10.41,4265105527.41,4495678137.00,61315.88,
S&atilde;o Louren&ccedil;o da Serra,3549953,s&atilde;o-lourensano,FELIPE GEFERSON SEME AMED,186.456,16067,86.17,97.2,0.728,19.61,86006490.43,78122138.83,17697.76,
S&atilde;o Luiz do Paraitinga,3550001,luizense,ALEX EUZ&Eacute;BIO TORRES,617.315,10337,16.75,100,0.697,9.52,65146020.04,62497505.73,19098.4,
S&atilde;o Manuel,3550100,s&atilde;o-manuelense,ODIRLEI JOS&Eacute; F&Eacute;LIX,650.734,37289,57.30,97.3,0.744,7.11,202947806.94,209688723.60,32463.42,
S&atilde;o Miguel Arcanjo,3550209,s&atilde;o-miguelense,ELIAS RODRIGUES DE PAULA,930.339,32039,34.44,95.9,0.710,2.85,154362441.84,144680080.90,28853.83,
S&atilde;o Paulo,3550308,paulistano,RICARDO LUIS REIS NUNES,1521.202,11451999,7528.26,96,0.805,10.88,93231985324.05,106829213741.00,66872.84,
S&atilde;o Pedro,3550407,s&atilde;o-pedrense,THIAGO SILVERIO DA SILVA,611.278,38256,62.58,94.8,0.755,14.67,224020058.12,220906951.50,24418.31,
S&atilde;o Pedro do Turvo,3550506,s&atilde;o-pedrense,LUIZ FELIPE DE CASTRO TAVARES,731.221,7217,9.87,97.4,0.703,22.47,61693894.35,59927011.50,30342.39,
S&atilde;o Roque,3550605,s&atilde;o-roquense,MARCOS AUGUSTO ISSA HENRIQUES DE ARA&Uacute;JO,306.908,79484,258.98,97.6,0.768,4.42,541012648.09,546559210.90,37074.85,
S&atilde;o Sebasti&atilde;o,3550704,sebastianense,REINALDO ALVES MOREIRA FILHO,402.395,81595,202.77,98.2,0.772,11.7,2361066697.62,1885084091.00,174696.31,
S&atilde;o Sebasti&atilde;o da Grama,3550803,gramense,JOS&Eacute; FRANCISCO MARTHA,252.410,10441,41.37,98.3,0.701,10.53,58429251.66,57346964.24,35304.59,
S&atilde;o Sim&atilde;o,3550902,simonense,IZAIAS LEAO DE SOUZA,617.252,13442,21.78,99.8,0.766,-,97180688.66,92021811.32,32456.75,
S&atilde;o Vicente,3551009,vicentino,KAYO FELYPE NACHTAJLER AMADO,148.151,329911,2226.86,96.7,0.768,12.87,1490770864.27,1666649320.00,16506.51,
Sarapu&iacute;,3551108,sarapuiano,GUSTAVO DE SOUZA BARROS VIEIRA,352.592,10369,29.41,99,0.707,18.18,60878859.60,57998455.19,19433.04,
Sarutai&aacute;,3551207,sarutaiano,JO&Atilde;O ANTONIO FULONI,141.608,3704,26.16,98.7,0.688,20.41,35472666.08,31585674.93,26651.32,
Sebastian&oacute;polis do Sul,3551306,sebastianopolense,JOSE ANTONIO ABREU DO VALLE,167.848,3130,18.65,99,0.773,-,57856181.81,53682530.47,116133.14,
Serra Azul,3551405,serra-azulense,DEBORA CRISTINA RIBEIRO DA SILVA,283.144,12746,45.02,96.9,0.686,-,60517051.35,58513382.13,12785.98,
Serrana,3551504,serranense,LEONARDO CARESSATO CAPITELI,126.046,43909,348.36,97.5,0.729,11.07,230098765.61,220866402.10,29221.73,
Serra Negra,3551603,serrano ou serra-negrense,ELMIR KALIL ABI CHEDID,203.734,29894,146.73,97.8,0.767,7.91,192470714.54,180211139.70,28485.03,
Sert&atilde;ozinho,3551702,sertanezino,JOS&Eacute; ALBERTO GIMENEZ,403.089,126887,314.79,98.5,0.761,8.35,816627628.22,780495570.80,55352.42,
Sete Barras,3551801,barrense,ITALO DONIZETH COSTA ROBERTO,1062.699,12730,11.98,96.1,0.673,13.89,76356319.74,74153716.10,29783.21,
Sever&iacute;nia,3551900,severinense,GUILHERME AUGUSTO DE ALMEIDA SECCHIERI,140.460,14576,103.77,96,0.715,6.8,98209959.56,89748336.60,15258.78,
Silveiras,3552007,silveirense,EDSON MENDES MOTA,414.782,6186,14.91,98.2,0.678,14.08,48894283.01,48663499.80,14518.99,
Socorro,3552106,socorrense,MAURICIO DE OLIVEIRA SANTOS,449.029,40122,89.35,97.7,0.729,7.35,199139714.12,185217618.80,26870.22,
Sorocaba,3552205,sorocabano,RODRIGO MAGANHATO,449.872,723682,1608.64,98.1,0.798,10.44,4538071956.92,4415422994.00,64046.61,
Sud Mennucci,3552304,sud-mennucciano,JOS&Eacute; URBINO DOS SANTOS NETO,594.744,7355,12.37,98.3,0.747,-,68589425.87,60338578.29,29307.88,
Sumar&eacute;,3552403,sumareense,HENRIQUE STEIN SCIASCIO,153.465,279545,1821.56,97.7,0.762,10.46,1213907374.92,1129281240.00,55816.79,
Suzano,3552502,suzanense,PEDRO CHARLES SHIRAKAWA ISHI,206.236,307429,1490.67,96.7,0.765,11.34,1387161046.37,1230789065.00,48818.92,
Suzan&aacute;polis,3552551,suzanapolense,GERSO ANTONIO DE OLIVEIRA,330.587,3408,10.31,99.8,0.699,33.33,46943476.40,44932713.36,84169.56,
Tabapu&atilde;,3552601,tabapu&atilde;nense,SILVIO CESAR SARTORELLO,345.792,11323,32.75,98.4,0.735,10.64,77975921.35,75810030.46,22859.37,
Tabatinga,3552700,tabatinguense,VALTER VALENTIM CAMARGO,368.604,14769,40.07,96.5,0.704,16.67,86234448.09,83768560.90,20278.99,
Tabo&atilde;o da Serra,3552809,taboanense,DANIEL PLANA BOGALHO,20.388,273542,13416.81,96.9,0.769,12.73,1162079892.47,1211631253.00,34588.58,
Taciba,3552908,tacibense,IZIDORO ARCESTI RICCI,607.267,6260,10.31,99.3,0.723,-,62290820.32,54823659.75,29259.48,
Tagua&iacute;,3553005,tagua&iacute;no,EDER CARLOS FOGA&Ccedil;A DA CRUZ,145.332,12669,87.17,97.3,0.709,13.33,80098788.22,78185749.22,23824.33,
Taia&ccedil;u,3553104,taia&ccedil;uense,SUELI APARECIDA MENDES BIANCARDI,107.059,5677,53.03,97.8,0.710,20.41,39684789.73,36576763.66,17319.16,
Tai&uacute;va,3553203,taiuvense,MAURO VICENTE BERSI,132.459,6548,49.43,97.8,0.760,-,39404549.65,36011338.63,25108.07,
Tamba&uacute;,3553302,tambauense,LEONARDO TEIXEIRA SPIGA REAL,561.788,21435,38.15,97.7,0.731,4.26,133140083.30,127877605.30,30119.07,
Tanabi,3553401,tanabiense,ALEXANDRE SILVEIRA BERTOLINI,747.218,25265,33.81,99,0.748,7.66,146416719.23,142064710.30,50458.24,
Tapira&iacute;,3553500,tapiraiense,ARALDO TODESCO,755.101,7996,10.59,98.3,0.681,-,52744580.64,49903412.61,23966.14,
Tapiratiba,3553609,tapiratibense,RAMON JESUS VIEIRA,221.891,11816,53.25,98.2,0.751,11.24,72545053.44,71919141.81,23275.49,
Taquaral,3553658,taquaralense,ARI FERNANDO JACINTO,53.892,2619,48.60,98.2,0.759,-,30735733.83,28507298.39,16647.2,
Taquaritinga,3553708,taquaritinguense,FULVIO ZUPPANI,594.335,52260,87.93,98.2,0.748,17.08,292431117.48,297730908.50,28846.24,
Taquarituba,3553807,taquaritubense,&Eacute;DER MIANO PEREIRA,448.515,24350,54.29,97.8,0.701,14.55,152635840.43,152216213.70,42424.52,
Taquariva&iacute;,3553856,taquarivaiense,RUBENS CARLOS SOUTO DE BARROS,231.792,6876,29.66,99.4,0.679,-,52262739.86,49120384.30,61548.88,
Tarabai,3553906,tarabaiense,RUBENS PINAFFI JUNIOR,201.385,6536,32.46,99.2,0.726,31.75,47204715.33,47714951.44,22125.16,
Tarum&atilde;,3553955,tarumaense,ADRIANA BALEJO PIEDADE DA SILVA,302.913,14882,49.13,99,0.753,5.41,123435718.53,106935251.70,58396.99,
Tatu&iacute;,3554003,tatuiano,MIGUEL LOPES CARDOSO JUNIOR,523.749,123942,236.64,97.6,0.752,10.66,579242876.67,583655302.40,40892.85,
Taubat&eacute;,3554102,taubateano,SERGIO LUIZ VICTOR JUNIOR,625.003,310739,497.18,98.1,0.800,11.05,1875900686.65,2050748613.00,50495.56,
Tejup&aacute;,3554201,tejupaense,VALTER BORANELLI,296.189,4127,13.93,98.4,0.668,-,39281961.67,36865945.02,31023.44,
Teodoro Sampaio,3554300,teodorense,CLAUDIO EVANGELISTA DA SILVA JUNIOR,1555.803,22173,14.25,97.1,0.741,20,131593656.79,129785942.30,26801.81,
Terra Roxa,3554409,terra-roxense,ROGERIO RAFAEL FURLINI,221.541,7904,35.68,98.9,0.749,-,45325619.57,44697022.79,18410.36,
Tiet&ecirc;,3554508,tieteense,JOS&Eacute; CARLOS REGONHA JUNIOR,404.396,37663,93.13,97.1,0.778,9.11,244271457.42,252500860.80,50258.52,
Timburi,3554607,timburiense,CRISTIANO DA CUNHA AMORIM,196.790,2464,12.52,99.7,0.710,-,33158222.79,29148105.69,25047.71,
Torre de Pedra,3554656,torrepedrense,CIRO LUIZ PEDROSO,71.348,2046,28.68,98.4,0.714,-,27548000.75,26067649.46,15524.93,
Torrinha,3554706,torrinhense,ARI RODOLFO BUZATO,315.267,9335,29.61,96.4,0.744,-,57864033.92,54634840.32,28177.45,
Trabiju,3554755,trabijuense,MARCELO RODRIGUES FONSECA,63.421,1682,26.52,98.4,0.722,52.63,25439857.65,23141585.36,25639,
Trememb&eacute;,3554805,tremembeense,CLEMENTE ANTONIO DE LIMA NETO,191.094,51173,267.79,97.8,0.785,8.85,228221598.67,210423186.70,18591.56,
Tr&ecirc;s Fronteiras,3554904,trifonteirano,FL&Aacute;VIO LUIZ RENDA DE OLIVEIRA,151.594,6804,44.88,98.8,0.753,-,39218686.96,36593318.73,20839.4,
Tuiuti,3554953,tuiutiense,ALEXANDRE TADEU GON&Ccedil;ALVES,126.731,6778,53.48,97.3,0.728,-,36584291.15,36158745.93,25756.65,
Tup&atilde;,3555000,tup&atilde;ense,RENAN VICTOR PONTELLI,627.986,63928,101.80,97.3,0.771,6.69,304668577.03,294665886.60,33732.18,
Tupi Paulista,3555109,tupiense,JULIANO VIGILATO GUIRO,244.770,15854,64.77,99.4,0.769,-,83827383.75,82725707.84,21720.31,
Turi&uacute;ba,3555208,turiubano,JORGE AUGUSTO MOLINA,153.235,1818,11.86,100,0.751,66.67,30257846.64,29035274.17,27877.78,
Turmalina,3555307,turmalinense,PRISCILLA TATIANA DIAS MASSONI,147.797,1669,11.29,97.1,0.736,-,30345247.37,28861349.68,44206.07,
Ubarana,3555356,ubaranense,VANDERLEI RODRIGUES DA CRUZ,209.861,5365,25.56,99.7,0.700,18.18,52454184.20,50367765.63,32774.2,
Ubatuba,3555406,ubatubano,FLAVIA COMITTE DO NASCIMENTO,708.105,92981,131.31,97.7,0.751,10.53,662585496.51,618940133.80,29152.88,
Ubirajara,3555505,ubirajarense,LEILA ALVIM BORDIM,282.179,5132,18.19,98.9,0.727,27.4,37207576.70,33413557.56,23709.14,
Uchoa,3555604,uchoense,JOS&Eacute; CLAUDIO MARTINS,252.434,10394,41.18,98.2,0.721,31.25,70409269.24,72224314.54,39430.92,
Uni&atilde;o Paulista,3555703,uni&atilde;o-paulistense,KENDREA ALVES PAPILE CAVAT&Atilde;O,79.056,1603,20.28,96.8,0.749,-,28772978.13,24474460.53,30538.05,
Ur&acirc;nia,3555802,uraniense,IVAN SOUBHIA GARCIA,209.262,8833,42.21,100,0.746,11.76,43983529.37,46008286.77,31344.02,
Uru,3555901,uruense,ROBSON EDUARDO FORTE,146.901,1387,9.44,95.1,0.712,-,28263799.10,24553136.27,40623.52,
Urup&ecirc;s,3556008,urupeense,ROBERTO CACCIARI FILHO,323.916,13744,42.43,99.1,0.745,22.06,91094946.94,86706349.96,34609.7,
Valentim Gentil,3556107,valentim-gentilense,CLAUDINEI CARVASSAN RODRIGUES,149.741,14098,94.15,98.8,0.735,6.02,78374985.54,77129122.62,31863.26,
Valinhos,3556206,valinhense,FRANKLIN DUARTE DE LIMA,148.538,126373,850.78,97.2,0.819,11.35,1017742943.31,1076608998.00,59842.76,
Valpara&iacute;so,3556305,valparaisense,CARLOS ALEXANDRE PEREIRA,857.661,24241,28.26,98,0.725,11.72,165044886.16,149980939.20,45529.09,
Vargem,3556354,vargense,LEODECIO ALVES DE LIMA,142.595,10512,73.72,98.1,0.699,8.2,53980520.38,58222282.56,14148.82,
Vargem Grande do Sul,3556404,vargem-grandense,CELSO LUIS RIBEIRO,267.178,40133,150.21,98.8,0.737,8.6,205333833.97,216650320.20,29684.07,
Vargem Grande Paulista,3556453,vargem-grandense,PITER APARECIDO DOS SANTOS,42.489,50415,1186.54,97.2,0.770,8.96,305049741.12,321818139.30,53359.16,
V&aacute;rzea Paulista,3556503,varzino,RODOLFO WILSON RODRIGUES BRAGA,35.120,115771,3296.44,96.9,0.759,13.16,469574174.09,500887314.50,31913.34,
Vera Cruz,3556602,vera-cruzense,RODOLFO SILVA DAVOLI,247.716,10176,41.08,99,0.754,9.09,59211460.88,47961690.34,22231.9,
Vinhedo,3556701,vinhedense,DARIO PACHECO DE MORAIS,80.950,76540,945.52,97.5,0.817,5.68,873081884.20,864024627.20,154054.53,
Viradouro,3556800,viradourense,NILTON AUGUSTO ALVES FILHO,217.726,17414,79.98,98.4,0.739,9.48,111367231.42,106845539.10,23190.53,
Vista Alegre do Alto,3556909,vista-alegrense,NELSON ANTONIO ROZANI,95.429,8109,84.97,100,0.744,13.89,61446127.49,57451056.05,46388.5,
Vit&oacute;ria Brasil,3556958,vitoriabrasiliense,PAULO HENRIQUE MIOTTO,49.832,1794,36.00,98.5,0.725,38.46,24589607.12,21669151.00,24394.51,
Votorantim,3557006,votorantinense,WEBER MAGANHATO JUNIOR,184.186,127923,694.53,97.8,0.767,12.57,591225865.31,640504674.00,31487.9,
Votuporanga,3557105,votuporanguense,JORGE AUGUSTO SEBA,420.703,96634,229.70,98.8,0.790,10.25,581132723.45,527043868.20,40190.41,
Zacarias,3557154,zacariense,HEDER JEAN BRUNO DE OLIVEIRA,319.056,2692,8.44,98.6,0.729,-,45559837.13,41378926.32,46763.19,
Chavantes,3557204,chavantense,LUIZ FILIPE DE PAULA JACINTO,188.727,12211,64.70,98.6,0.729,21.74,68861543.65,67976116.60,21448.28,
Estiva Gerbi,3557303,estivense,MARCIO ROBERTO PAVAN,74.144,11295,152.34,98.6,0.740,-,77692260.01,66308785.40,33843.06,