Paran&aacute; | Todos os Munic&iacute;pios
Munic&iacute;pio [-],C&oacute;digo [-],Gent&iacute;lico [-],Prefeito [2025],&Aacute;rea Territorial - km&sup2; [2023],Popula&ccedil;&atilde;o residente - pessoas [2022],Densidade demogr&aacute;fica - hab/km&sup2; [2022],Escolariza&ccedil;&atilde;o &lt;span&gt;6 a 14 anos&lt;/span&gt; - % [2010],IDHM &lt;span&gt;&Iacute;ndice de desenvolvimento humano municipal&lt;/span&gt; [2010],Mortalidade infantil - &oacute;bitos por mil nascidos vivos [2022],Total de receitas brutas realizadas - R$ [2023],Total de despesas brutas empenhadas - R$ [2023],PIB per capita - R$ [2021],
Abati&aacute;,4100103,abatiense,SONIA APARECIDA DE SOUZA CHAVES,228.717,7241,31.66,96.5,0.687,-,47733587.01,41659546.03,30140.55,
Adrian&oacute;polis,4100202,adrianopolitano ou adrianopolense,VANDIR DE OLIVEIRA ROSA,1349.311,6256,4.64,95.8,0.667,14.29,53663341.32,48779622.82,63631.39,
Agudos do Sul,4100301,agudense-do-sul ou agudense,GENEZIO GON&Ccedil;ALVES DA LUZ,192.261,10233,53.22,96.3,0.660,-,56439846.05,48989315.67,22674.09,
Almirante Tamandar&eacute;,4100400,tamandareense,CAMILO DANIEL LOVATO,194.228,119825,616.93,95.6,0.699,11.47,422273302.05,363215435.00,15947.74,
Altamira do Paran&aacute;,4100459,altamirense,ELZA APARECIDA DA SILVA,386.945,3590,9.28,97.5,0.667,23.26,39337787.13,31516744.42,67332.6,
Alt&ocirc;nia,4100509,altoniano,DIEGO JARDIM PERGO,661.560,18742,28.33,99.7,0.721,9.71,102531584.00,94730535.72,20747.69,
Alto Paran&aacute;,4100608,alto-paranaense,CLAUDEMIR JOIA PEREIRA,407.719,13909,34.11,96,0.696,6.06,88937859.66,78405848.81,29192.99,
Alto Piquiri,4100707,alto-piquirense,GIOVANE MENDES DE CARVALHO,447.666,9727,21.73,97.7,0.676,8.33,64484961.27,55707732.46,42092.67,
Alvorada do Sul,4100806,alvoradense-do-sul,MARCOS ANTONIO GASPARELLI,424.250,10326,24.34,97.4,0.708,-,100435694.04,87951715.04,29176.4,
Amapor&atilde;,4100905,amaporense,MARCOS MARIN,384.735,4762,12.38,98.3,0.669,37.04,48799577.83,38976608.85,18911.54,
Amp&eacute;re,4101002,amperense,DOUGLAS DIEMS MOROCKOSKI POTRICH,298.349,19620,65.76,99.3,0.709,7.38,121709989.45,102310509.80,38549.37,
Anahy,4101051,anaiense,ARILSON BATISTA DE SOUZA,102.895,2918,28.36,97.4,0.695,-,35959309.48,30151826.53,41475.92,
Andir&aacute;,4101101,andiraense,EDNYRA APARECIDA SANCHES BUENO DE GODOY FERREIRA,235.944,19878,84.25,99.1,0.725,19.7,143168119.00,128408460.40,41191.94,
&Acirc;ngulo,4101150,angulense,ALEXANDRE DE SOUSA PROFETA,106.021,3235,30.51,100,0.721,-,48203982.04,36630284.54,52613.12,
Antonina,4101200,antoninense,ROZANE MARISTELA BENEDETTI OSAKI,891.582,18091,20.29,97.6,0.687,-,132839332.30,121095621.80,37048.49,
Ant&ocirc;nio Olinto,4101309,antoniolintense,FABIO STANISZEWSKI MACHIAVELLI,469.620,7018,14.94,98.6,0.656,-,44936514.59,41324262.18,31445.78,
Apucarana,4101408,apucaranense,RODOLFO MOTA DA SILVA,556.990,130134,233.64,97.8,0.748,13.82,601344879.13,549055470.40,28189.54,
Arapongas,4101507,araponguense,RAFAEL FELIPE CITA,382.215,119138,311.70,97.3,0.748,4.61,673729889.87,544208248.20,39149.76,
Arapoti,4101606,arapotiense,IRANI JOSE BARROS,1358.176,25777,18.98,97.7,0.723,13.62,196137764.40,170719640.00,50824.66,
Arapu&atilde;,4101655,arapuense,MANOEL SALVADOR,217.371,3527,16.23,97.1,0.676,21.28,38679814.57,30829812.33,51561.44,
Araruna,4101705,ararunense,GUSTAVO FRAN&Ccedil;A DOS SANTOS,493.191,14485,29.37,99.1,0.704,26.46,87394811.75,72686581.27,39018.11,
Arauc&aacute;ria,4101804,araucariano,LUIZ GUSTAVO BOTOGOSKI,469.240,151666,323.22,97.4,0.740,8.2,1953563420.60,1625304742.00,170125.52,
Ariranha do Iva&iacute;,4101853,ariranhense do iva&iacute;,THIAGO EPIFANIO DA SILVA,234.075,2329,9.95,99.4,0.670,38.46,36936098.57,29115337.11,63664.72,
Assa&iacute;,4101903,assaiense,MICHEL ANGELO BOMTEMPO,440.347,13797,31.33,98,0.728,6.62,76026353.68,60797441.88,36478.15,
Assis Chateaubriand,4102000,assis-chateaubriense,MARCEL HENRIQUE MICHELETTO,980.727,36808,37.53,98.6,0.729,9.03,216579291.66,196172972.60,49040.24,
Astorga,4102109,astorgano,SUZIE APARECIDA PUCILLO ZANATTA,434.792,25475,58.59,97.4,0.747,15.67,157424552.33,144634091.90,33567.88,
Atalaia,4102208,atalaiense,CARLOS EDUARDO ARMELIN MARIANI,137.663,3980,28.91,99.6,0.736,58.82,47041193.33,38683942.19,45806.54,
Balsa Nova,4102307,balsa-novense,CLEVER APARECIDO IAVOLSKI POLETTO,348.926,13395,38.39,87.4,0.696,24.24,84282386.83,74995728.70,69966.95,
Bandeirantes,4102406,bandeirantense,JAELSON RAMALHO MATTA,445.192,31273,70.25,97.8,0.727,13.19,159561521.94,141389472.60,33274.08,
Barbosa Ferraz,4102505,barbosense,CARLOS ROSA ALVES,538.636,10795,20.04,98.2,0.696,26.32,68857516.39,61716054.01,26524.95,
Barrac&atilde;o,4102604,barraconense,JORGE LUIZ SANTIN,161.213,9759,60.53,95.3,0.706,-,67490002.53,59403039.42,25538.63,
Barra do Jacar&eacute;,4102703,barrense,LUIZ FABIANO ZANATTA,115.855,2814,24.29,98.7,0.744,-,36139452.38,30509305.11,53994.67,
Bela Vista da Caroba,4102752,bela-vistense,GELSON MAFFI,148.107,4031,27.22,99.5,0.681,21.28,33368063.84,29759689.44,31414.33,
Bela Vista do Para&iacute;so,4102802,bela-vistense,FABRICIO PASTORE,242.689,14833,61.12,97.3,0.716,6.45,107287796.28,94399536.58,34014.05,
Bituruna,4102901,biturenense,RODRIGO ROSSONI,1234.946,15533,12.58,98.2,0.667,11.76,170732792.54,121441585.00,33658.71,
Boa Esperan&ccedil;a,4103008,boa-esperansense,JOEL CELSO BUSCARIOL,302.739,4558,15.06,99,0.720,47.62,55334271.81,45358447.41,71587.36,
Boa Esperan&ccedil;a do Igua&ccedil;u,4103024,boaesperencense,GIVANILDO TRUMI,151.797,2455,16.17,98.3,0.700,-,39560681.89,37077907.86,58521.93,
Boa Ventura de S&atilde;o Roque,4103040,boa venturense,NESTOR KENEAR,608.179,6378,10.28,97.5,0.655,14.71,72276502.66,59704617.43,56993.31,
Boa Vista da Aparecida,4103057,boa-vistense,EDUARDO JOSE HENRICHS,266.175,7924,29.77,99.2,0.670,-,69015033.59,55446895.89,24632.62,
Bocai&uacute;va do Sul,4103107,bocaiuvense,JOAO DE LIMA,825.665,13299,16.11,95.1,0.640,23.67,66104755.25,62351244.33,21066.48,
Bom Jesus do Sul,4103156,bonjesuense,HELIO JOSE SURDI,176.129,3980,22.60,99.4,0.697,97.56,43439792.02,32427213.03,33318.79,
Bom Sucesso,4103206,bom-sucessense,ROSANA FERREIRA LOPES,322.755,6581,20.39,95.5,0.686,14.71,54036265.93,50544365.34,22143.17,
Bom Sucesso do Sul,4103222,bomsucessense do sul,MAICO DIOGO FAVERSANI,195.931,3202,16.34,98.3,0.742,25,47339237.11,36884047.54,92499.86,
Borraz&oacute;polis,4103305,borrazopolitano,ADILSON LUCCHETTI,334.378,7735,23.13,99,0.717,-,50125118.80,49538094.99,39060.72,
Braganey,4103354,braganense,VALDIR ZIELINSKI,343.321,4854,14.14,98,0.701,-,44478531.18,35867495.62,45249.28,
Brasil&acirc;ndia do Sul,4103370,brasilandiense,ALEX ANTONIO CAVALCANTE,291.036,3708,12.74,97.8,0.681,23.26,44896009.20,36032895.60,109465.23,
Cafeara,4103404,cafearense,ELTON F&Aacute;BIO LAZARETTI,185.800,2627,14.14,99.5,0.693,-,35295969.05,31138479.10,38364.98,
Cafel&acirc;ndia,4103453,cafelandense,JUNIOR MOTTER,274.904,18997,69.10,98,0.748,11.45,153557010.27,131069967.80,103778.69,
Cafezal do Sul,4103479,cafezalense,PEDRO MINORU INOUE,335.392,4473,13.34,98.4,0.692,20,46802973.03,38483894.17,37483.08,
Calif&oacute;rnia,4103503,californiano,PAULO S&Eacute;RGIO CHILEIDE,141.817,8710,61.42,97.2,0.722,10.2,50020795.13,37951783.55,29304.69,
Cambar&aacute;,4103602,cambaraense,WALCIR JOAQUIM,366.153,23212,63.39,97.3,0.721,4.24,136733523.33,117139154.00,32034.21,
Camb&eacute;,4103701,cambeense,CONRADO ANGELO SCHELLER,495.375,107208,216.42,97.5,0.734,7.93,521656680.79,467021841.40,46520.49,
Cambira,4103800,cambirense,ANA L&Uacute;CIA DE OLIVEIRA,164.786,9460,57.41,97.5,0.725,9.09,55553853.38,44122039.05,35173.74,
Campina da Lagoa,4103909,campinense-da-lagoa,GIANNY JOSE GRACIOSO BENTO,796.614,15723,19.74,97.3,0.704,14.56,96487130.54,79010296.34,41647.39,
Campina do Sim&atilde;o,4103958,campineiro do sim&atilde;o,ANDR&Eacute; JUNIOR DE PAULA,448.424,3936,8.78,98.4,0.630,14.29,54626976.84,39440041.60,39254.11,
Campina Grande do Sul,4104006,campinense-do-sul,LUIZ CARLOS ASSUN&Ccedil;&Atilde;O,539.245,47825,88.69,98,0.718,12.95,292971859.96,250224675.60,49376.42,
Campo Bonito,4104055,campo-bonitense,MARIO WEBER,433.832,4027,9.28,97.4,0.681,-,47412888.26,40498855.39,60821.41,
Campo do Tenente,4104105,tenentiano,WEVERTON WILLIAN VIZENTIN,304.488,7508,24.66,98.7,0.686,-,41469791.56,39700821.67,32185.94,
Campo Largo,4104204,campo-larguense,MAURICIO ROBERTO RIVABEM,1243.551,136327,109.63,97.7,0.745,8.35,681362213.46,638471265.70,42257.57,
Campo Magro,4104253,campomagrense,RILTON BOZA,275.352,30160,109.53,96.1,0.701,14.71,145918254.12,132409390.00,17964.99,
Campo Mour&atilde;o,4104303,mour&atilde;oense,JO&Atilde;O DOUGLAS FABR&Iacute;CIO,749.637,99432,132.64,98.2,0.757,10.08,662254919.75,654494624.30,53562.73,
C&acirc;ndido de Abreu,4104402,c&acirc;ndido-abreuense,RENAN MENCK ROMANICHEN,1510.160,15244,10.09,98.1,0.629,5.52,89140622.47,80201936.88,28869.34,
Cand&oacute;i,4104428,candoianos,ALDOINO GOLDONI FILHO,1512.786,14973,9.90,93.8,0.635,15.38,122170161.84,101912613.20,52715.43,
Cantagalo,4104451,cantagalense,JOAO KONJUNSKI,568.054,10933,18.74,96,0.635,11.3,67033603.60,63685040.87,25184.85,
Capanema,4104501,capanemense,NEIVOR KESSLER,419.036,20481,48.88,98.2,0.706,3.66,125500812.09,112878979.70,57726.48,
Capit&atilde;o Le&ocirc;nidas Marques,4104600,le&ocirc;nidas-marquesiense,MAXWELL SCAPINI,280.063,14648,52.30,98.2,0.716,9.57,94872118.70,88781239.32,79030.78,
Carambe&iacute;,4104659,carambiense,ELISANGELA PEDROSO DE OLIVEIRA NUNES,649.679,23283,35.84,98.2,0.728,5.81,181002531.27,158806215.00,65176.2,
Carl&oacute;polis,4104709,carlopolitano,NILTON DOUGLAS DE MEIRA,451.418,16905,37.45,98.1,0.713,20.92,62570765.07,45326035.87,31871.53,
Cascavel,4104808,cascavelense,RENATO DA SILVA,2091.199,348051,166.44,98.1,0.782,7.39,1922352184.05,1847768082.00,46976.49,
Castro,4104907,castrense,REINALDO CARDOSO,2531.503,73075,28.87,97.2,0.703,10.28,431920688.18,388821771.10,50347.9,
Catanduvas,4105003,catanduvense,ADEMAR LUIZ BURCKHARDT,580.421,10446,18.00,97.8,0.678,8.62,73796918.29,61557217.24,35091.66,
Centen&aacute;rio do Sul,4105102,centenariense,MELQUIADES TAVIAN JUNIOR,371.834,10832,29.13,97.9,0.668,28.57,53262990.59,48828521.91,40960.07,
Cerro Azul,4105201,cerro-azulense,EDSON CORDEIRO DO NASCIMENTO,1341.189,16134,12.03,92.9,0.573,-,93257518.67,88585252.47,22652.48,
C&eacute;u Azul,4105300,c&eacute;u-azulense,LAURINDO SPEROTTO,1179.449,11087,9.40,98.4,0.732,9.71,89916060.33,81215412.58,79412.65,
Chopinzinho,4105409,chopinzinhense,&Aacute;LVARO D&Ecirc;NIS CENI SCOLARO,959.692,21085,21.97,98.1,0.740,10.07,169803221.32,142004597.00,47651.2,
Cianorte,4105508,cianortense,MARCO ANTONIO FRANZATO,811.665,79527,97.98,98.2,0.755,5.15,501252665.51,505423433.40,35771.57,
Cidade Ga&uacute;cha,4105607,cidade-gauchense ou citadino,ALEXANDRE LUCENA,403.045,11467,28.45,98.5,0.718,17.24,64834991.41,58024462.14,33349.14,
Clevel&acirc;ndia,4105706,clevelandense,RAFAELA MARTINS LOSI,703.638,15070,21.42,96,0.694,4.26,100997068.03,87522383.33,51273.61,
Colombo,4105805,colombense,HELDER LUIZ LAZAROTTO,197.580,232212,1175.28,96.6,0.733,9.47,793788197.82,783965583.00,22842.86,
Colorado,4105904,colorado,ROSIMEIRE CHIQUIM,407.568,22896,56.18,98.1,0.730,14.34,168514753.08,149335077.60,32809.41,
Congonhinhas,4106001,congonhinhense,JOSE OLEGARIO RIBEIRO LOPES,535.963,8320,15.52,98.7,0.668,26.09,64112326.97,56856463.96,32108.39,
Conselheiro Mairinck,4106100,mairinquense,JOSELEI APARECIDO DE CARVALHO,204.705,3461,16.91,98.7,0.707,-,33204438.82,26569963.95,39176.79,
Contenda,4106209,contendense,ANTONIO ADAMIR DIGNER,299.037,19128,63.97,99.6,0.681,22.22,111328961.46,106886310.00,29222.03,
Corb&eacute;lia,4106308,corbeliano,THIAGO DAROSS STEFANELLO,529.137,17470,33.02,97.9,0.738,8.55,129470433.75,114126998.40,62009.98,
Corn&eacute;lio Proc&oacute;pio,4106407,procopense,RAPHAEL DIAS SAMPAIO,635.100,45206,71.18,98.7,0.759,6.71,257496617.96,259500899.30,37882.76,
Coronel Domingos Soares,4106456,domingosoarense,MARIA ANTONIETA DE ARAUJO ALMEIDA,1556.186,5649,3.63,95.9,0.600,19.8,67942738.08,57163796.93,42947.64,
Coronel Vivida,4106506,coronel-vividense,ANDERSON MANIQUE BARRETO,684.417,23331,34.09,97.5,0.723,15.97,146983069.66,127557464.10,43433.82,
Corumbata&iacute; do Sul,4106555,corumbataiense,ALEXANDRE DONATO,164.341,3760,22.88,97,0.638,25.64,33376682.50,30727869.45,28866.17,
Cruzeiro do Igua&ccedil;u,4106571,cruzeirense,RENI KOVALSKI,161.862,4133,25.53,98.4,0.709,28.57,44508741.22,39228087.70,41898.39,
Cruzeiro do Oeste,4106605,cruzeirense,ARMANDO CERCI JUNIOR,775.984,23831,30.71,97.7,0.717,3.91,132333433.29,123073789.40,40998.59,
Cruzeiro do Sul,4106704,cruzeirense-do-sul,MARCOS C&Eacute;SAR SUGIGAN,259.103,4494,17.34,98.5,0.713,-,42945801.68,41661099.76,46357.24,
Cruz Machado,4106803,cruz-machadense,CARLOS NOWAK,1478.350,15978,10.81,96.9,0.664,5.03,105426204.80,89871777.10,26907.14,
Cruzmaltina,4106852,cruzmaltinense,MAUR&Iacute;CIO BUENO DE CAMARGO,312.299,2892,9.26,99.3,0.666,-,38014025.27,32053839.03,52273.46,
Curitiba,4106902,curitibano,EDUARDO PIMENTEL SLAVIERO,435.277,1773718,4078.53,97.6,0.823,8.59,11977392150.13,12878850988.00,49907.02,
Curi&uacute;va,4107009,curiuvense,CHRISTIANO GIUNTA BORGES,576.263,13647,23.68,98.7,0.656,-,85320027.37,78214436.97,18055.67,
Diamante do Norte,4107108,diamantense,ELIEL DOS SANTOS CORREA,242.887,5142,21.17,97.2,0.723,23.81,50428234.27,40208647.75,59944.36,
Diamante do Sul,4107124,sul-diamantino,DARCI TIRELLI,347.233,3171,9.13,99.4,0.608,-,32418940.53,29084993.83,21926.22,
Diamante D'Oeste,4107157,diamantense,AMARILDO APARECIDO DA SILVA,309.110,4557,14.74,98.2,0.644,-,31347998.44,33506969.46,24255.65,
Dois Vizinhos,4107207,duovizinhense,LUIS CARLOS TURATTO,418.648,44869,107.18,98.4,0.767,17,310584036.45,265974382.20,48921.89,
Douradina,4107256,douradinense,OBERDAM JOS&Eacute; DE OLIVEIRA,420.604,9161,21.78,97.2,0.724,10,59935519.70,51006627.36,93597.1,
Doutor Camargo,4107306,camarguense,DOUGLAS RIBEIRO DO PRADO,118.279,6327,53.49,98.6,0.746,-,41521065.32,40210252.54,33469.25,
En&eacute;as Marques,4107405,en&eacute;as-marquense,EDSON LUPATINI,192.203,5999,31.21,99.3,0.752,22.73,60435573.83,49749270.32,52715.48,
Engenheiro Beltr&atilde;o,4107504,engenheiro-beltrense,ADALMIR JOS&Eacute; GARBIM J&Uacute;NIOR,467.470,12454,26.64,97.8,0.730,58.82,79759845.66,76161344.46,40584.18,
Esperan&ccedil;a Nova,4107520,esperan&ccedil;anovense,EVERTON BARBIERI,141.286,1849,13.09,98.5,0.689,-,37654684.86,30654048.27,39954.49,
Entre Rios do Oeste,4107538,entrerriense,JAIR BOKORNI,120.967,4575,37.82,100,0.761,13.51,79488428.27,64729873.67,67333.74,
Espig&atilde;o Alto do Igua&ccedil;u,4107546,espig&atilde;oense,AGENOR BERTONCELO,326.440,4797,14.69,97.9,0.636,-,51473378.64,43584121.21,40911,
Farol,4107553,farolense,OCLECIO DE FREITAS MENESES,289.232,3039,10.51,97.1,0.715,35.71,43072815.59,34927830.30,72035.16,
Faxinal,4107603,faxinalense,HERMES ANTONIO SANTA ROSA,715.943,16389,22.89,96.3,0.687,12.61,99935970.47,89554089.43,28779.4,
Fazenda Rio Grande,4107652,fazendense,MARCO ANTONIO MARCONDES SILVA,116.678,148873,1275.93,95.8,0.720,13.01,626603491.28,510841545.60,31927.39,
F&ecirc;nix,4107702,fenexense,EURIPEDES MOLINA TASCA JUNIOR,234.099,4492,19.19,99.1,0.716,-,37846871.36,31847633.77,44967.52,
Fernandes Pinheiro,4107736,fernandespinheirense,OZIEL NEIVERT,406.500,6255,15.39,96.5,0.645,-,62893656.95,45263810.16,45649.28,
Figueira,4107751,figueirense,VALDECIR GARCIA,129.769,8062,62.13,98.1,0.677,36.14,44269066.90,34801642.42,21181.49,
Flora&iacute;,4107801,floraiense,EDNA DE LOURDES CARPINE CONTIN,191.133,4792,25.07,97,0.745,-,37486195.87,36226382.16,49000.9,
Flor da Serra do Sul,4107850,sulflorense,VALMOR FELIPE JUNIOR,255.721,4364,17.07,98.7,0.682,29.85,58109932.93,43901548.02,39855.65,
Floresta,4107900,florestense,ROGERIO PEREIRA MENDES,158.226,10458,66.10,98.8,0.736,-,74756781.75,65024163.84,39148.52,
Florest&oacute;polis,4108007,florestopolitano,ONICIO DE SOUZA,246.853,11446,46.37,97.2,0.701,8.33,66378647.28,54986514.23,38640.04,
Fl&oacute;rida,4108106,floridense,ANTONIO EMERSON SETTE,83.046,2652,31.93,96.3,0.732,54.05,39175340.42,29719791.08,29746.95,
Formosa do Oeste,4108205,formosense-do-oeste,ORIVALDO MUNICELLI,275.901,7635,27.67,96.4,0.723,-,61340897.86,47273459.76,58437.29,
Foz do Igua&ccedil;u,4108304,igua&ccedil;uense,JOAQUIM SILVA E LUNA,609.192,285415,468.51,96.4,0.751,14.18,1617301201.47,1605146827.00,73534.49,
Francisco Alves,4108320,alvense,ALIRIO JOS&Eacute; MISTURA,321.898,8116,25.21,98.6,0.669,-,55979446.03,39402410.32,48899.41,
Francisco Beltr&atilde;o,4108403,beltronense,ANTONIO PEDRON,735.111,96666,131.50,98.8,0.774,8.69,570243307.56,545186154.40,39597.05,
Foz do Jord&atilde;o,4108452,fozjordense,FRANCISCO CLEI DA SILVA,235.382,4926,20.93,96.4,0.645,26.67,52380047.81,39626525.78,41213.59,
General Carneiro,4108502,carneirense,JOEL RICARDO MARTINS FERREIRA,1071.183,11062,10.33,96.7,0.652,11.83,74423860.19,67297495.82,32611.06,
Godoy Moreira,4108551,godoense,PRIMIS DE OLIVEIRA,131.012,2977,22.72,100,0.675,-,39212171.69,27937022.42,25416.43,
Goioer&ecirc;,4108601,goio-erense,PEDRO ANT&Ocirc;NIO DE OLIVEIRA COELHO,564.163,28437,50.41,97.4,0.731,20.13,164111797.17,148852374.20,37392.3,
Goioxim,4108650,goioxinhense,EDER DOS SANTOS,702.959,6566,9.35,98.1,0.641,9.8,53703330.22,42290195.63,44184.49,
Grandes Rios,4108700,grande-riense,WILLIAM JOS&Eacute; GON&Ccedil;ALVES,314.198,5641,17.95,96.1,0.658,-,42115932.56,35756855.07,32114.19,
Gua&iacute;ra,4108809,guairense,GILEADE GABRIEL OSTI,563.742,32097,56.94,95.9,0.724,11.31,247348091.96,222765728.50,34033.18,
Guaira&ccedil;&aacute;,4108908,guaira&ccedil;aense,MARCELO ALVES DE OLIVEIRA,493.940,6587,13.34,96.9,0.693,10.1,52696128.49,46980450.77,41008.09,
Guamiranga,4108957,guamiranguense,MARCELO LEITE,244.795,7856,32.09,97.5,0.669,9.8,60308625.16,47837802.20,33226.19,
Guapirama,4109005,guapiramense,PEDRO DE OLIVEIRA,189.100,4626,24.46,98.6,0.702,14.08,35755722.94,36714652.64,46978.22,
Guaporema,4109104,guaporemense,GILBERTO CASTIGLIONI,201.150,2191,10.89,98.4,0.719,38.46,33679918.61,30554157.18,34904.03,
Guaraci,4109203,guaraciense,MARCOS ANT&Ocirc;NIO DE SOUZA,211.680,4748,22.43,99.3,0.698,18.18,50479346.03,41708864.50,40288.15,
Guarania&ccedil;u,4109302,guarania&ccedil;uano,JURACI RONALDO CAZELLA,1238.320,13735,11.09,96.9,0.677,6.02,108967245.10,93774450.40,42780.95,
Guarapuava,4109401,guarapuavano,DENILSON BAITALA,3168.087,182093,57.48,97.1,0.731,9.24,967823992.22,878174222.30,45219.68,
Guaraque&ccedil;aba,4109500,guaraque&ccedil;abano,ALESSANDRO CARNEIRO SOARES TRUCHINSKI,2011.357,7430,3.69,95.3,0.587,-,48937280.34,41682137.85,15643.19,
Guaratuba,4109609,guaratubano,MAURICIO LENSE,1326.670,42062,31.70,97.8,0.717,11.67,282198578.53,252105586.50,25866.35,
Hon&oacute;rio Serpa,4109658,hon&oacute;rio serpense,JO&Atilde;O CARLOS GARBIN,502.214,4941,9.84,99.1,0.683,-,54294521.43,46677983.85,59356.44,
Ibaiti,4109708,ibaitiense,ROBERTO REGAZZO,898.221,28830,32.10,96.5,0.710,5.46,168632000.37,134720776.90,27578.3,
Ibema,4109757,ibemense,VIVIANE COMIRAN,145.446,6218,42.75,98,0.685,-,40902205.67,37300155.47,28551.26,
Ibipor&atilde;,4109807,ibiporanense,JOS&Eacute; MARIA FERREIRA,297.742,51603,173.31,96.8,0.726,12.78,406930706.07,339753883.10,59501.61,
Icara&iacute;ma,4109906,icaraimense,DEVAIR FABRIS,675.240,8991,13.32,97.8,0.666,7.63,54257778.26,55346938.00,32253.35,
Iguara&ccedil;u,4110003,iguara&ccedil;uense,CLAUDIO APARECIDO BERNIN,164.983,5338,32.35,98.3,0.758,-,45897742.65,42465766.43,47491.38,
Iguatu,4110052,iguatuense,MARTINHO LUCAS DE GODOY,106.937,2144,20.05,96.7,0.703,58.82,32940751.96,27737603.99,37319.79,
Imba&uacute;,4110078,imbauense,DAYANE SOVINSKI RODRIGUES,330.734,14249,43.08,97.2,0.622,15.71,66278296.35,59284940.75,20535.37,
Imbituva,4110102,imbituvense,BERTOLDO ROVER,756.535,29924,39.55,95.9,0.660,4.41,179665119.57,151175037.50,38757,
In&aacute;cio Martins,4110201,in&aacute;cio-martinense,EDMUNDO VIER,936.208,9670,10.33,94.5,0.600,6.8,85295464.92,66410713.57,23903.16,
Inaj&aacute;,4110300,inajaense,JO&Atilde;O EDER AGUILAR,194.704,2536,13.02,98.6,0.705,-,25664545.30,22363531.72,18680.84,
Indian&oacute;polis,4110409,indianopolitano,PAULO CEZAR RIZZATO MARTINS,122.622,4448,36.27,100,0.724,-,56131928.83,40774714.23,113474.61,
Ipiranga,4110508,ipiranguense,DOUGLAS DAVI CRUZ,900.721,14142,15.70,97.4,0.652,38.67,108329646.97,86882270.89,40139.66,
Ipor&atilde;,4110607,ipor&atilde;ense,ROBERTO DA SILVA,647.894,15746,24.30,99.2,0.706,12.12,111499028.11,113245505.00,43768.84,
Iracema do Oeste,4110656,iracemense,ELZA HAASE RODRIGUES,81.538,2343,28.74,98.3,0.707,-,32224557.76,26888804.54,87715.1,
Irati,4110706,iratiense,EMILIANO AUGUSTO ROCHA GOMES,999.517,59250,59.28,98.5,0.726,7.83,333931997.42,288983474.20,37212.5,
Iretama,4110805,iretamense,SAME SAAB,570.459,10684,18.73,98.7,0.665,24.39,85479519.82,71150066.33,35316.65,
Itaguaj&eacute;,4110904,itaguajeense,RENATO FELIX DE SOUZA,194.353,4481,23.06,98.9,0.707,-,37609922.26,35200900.80,27517.51,
Itaipul&acirc;ndia,4110953,itaipulandiense,LINDOLFO MARTINS RUI,330.846,11485,34.71,99.2,0.738,19.61,223940856.06,188244552.00,45291.86,
Itambarac&aacute;,4111001,itambaracaense,AMARILDO TOSTES,207.342,5908,28.49,99.5,0.694,-,86044425.34,66644930.50,34321.07,
Itamb&eacute;,4111100,itambenense,ANANIAS SOARES VIEIRA,243.822,6111,25.06,99.2,0.746,17.54,43404449.37,39109216.17,37372.99,
Itapejara d'Oeste,4111209,itapejarense,VILMAR SCHMOLLER,254.014,12344,48.60,100,0.731,6.94,86792436.16,72857054.03,61623.39,
Itaperu&ccedil;u,4111258,itaperu&ccedil;uense,EDILSON RUIZ DE FREITAS,322.991,31217,96.65,94.9,0.637,18,125877834.08,109083153.00,21258.32,
Ita&uacute;na do Sul,4111308,itaunense,GILSON JOS&Eacute; DE GOIS,128.870,3572,27.72,93.6,0.656,-,37573159.77,28784175.70,32503.7,
Iva&iacute;,4111407,ivaiense,ORLI ANTONIO CAMARGO DE CRISTO,607.848,13229,21.76,97.2,0.651,-,79745999.55,73868091.96,35427.84,
Ivaipor&atilde;,4111506,ivaipor&atilde;nense,LUIZ CARLOS GIL,436.989,32720,74.88,98.3,0.730,16.04,159523930.14,177316079.10,29727.09,
Ivat&eacute;,4111555,ivateense,DENILSON VAGLIERI PREVITAL,410.156,6831,16.65,98.1,0.706,14.29,51075405.20,45495344.25,24589.82,
Ivatuba,4111605,ivatubense,VARLEI VERCEZI,96.661,2708,28.02,99.2,0.766,-,39641936.00,29109168.11,43529.53,
Jaboti,4111704,jabotiense,REGIS WILLIAM SIQUEIRA RODRIGUES,139.277,5427,38.97,97.6,0.718,-,45599248.68,39212191.20,30019.41,
Jacarezinho,4111803,jacarezinhense,MARCELO JOSE BERNARDELI PALHARES,602.528,40375,67.01,98.1,0.743,7.66,201000883.63,187914450.80,40697.5,
Jaguapit&atilde;,4111902,jaguapit&atilde;ense,EDISON RODRIGUES DE ALMEIDA,475.004,15122,31.84,98.9,0.715,18.96,110034292.52,94804456.03,75709.97,
Jaguaria&iacute;va,4112009,jaguariaivense,JOS&Eacute; SLOBODA,1453.066,35141,24.18,98,0.743,12.12,204987308.97,194147865.70,50833.4,
Jandaia do Sul,4112108,jandaiense-do-sul,BENEDITO JOSE PUPIO,187.600,21408,114.12,99.2,0.747,8.06,108626716.94,102598435.90,37131.72,
Jani&oacute;polis,4112207,janiopolitano,EIDES GUEDES,335.650,5870,17.49,99,0.696,-,52317271.59,47780576.55,48899.02,
Japira,4112306,japirense,HARIEL VIEIRA FOGA&Ccedil;A,187.802,4972,26.47,98.3,0.696,41.67,38903463.71,30902265.62,33157.3,
Japur&aacute;,4112405,japuraense,ADRIANA CRISTINA POLIZER,165.185,9144,55.36,98.4,0.712,36.14,69982817.53,60905741.93,33552.33,
Jardim Alegre,4112504,jardim-alegrense,MOISES LNORTOVZ DOS SANTOS,413.386,12004,29.04,98.1,0.689,7.09,76417632.98,61779527.76,33805.27,
Jardim Olinda,4112603,jardinolindense,WEVERTON JOS&Eacute; DOS SANTOS LIMA,128.515,1343,10.45,97.5,0.682,-,36469363.48,26454979.97,43584.29,
Jataizinho,4112702,jatainhense,WILSON FERNANDES,159.178,11813,74.21,97.9,0.687,6.54,62525248.19,67150854.18,22283.34,
Jesu&iacute;tas,4112751,jesuitense,EDICARLOS GRIZOTTO DE OLIVEIRA,247.496,10506,42.45,97.6,0.705,20.62,67877200.13,53803783.64,53568.47,
Joaquim T&aacute;vora,4112801,tavorense,GELSON MANSUR NASSAR,289.173,11945,41.31,97.4,0.700,16.76,78778832.57,73136745.81,56092.66,
Jundia&iacute; do Sul,4112900,jundiaiense-do-sul,PAULO ROBERTO PEDRO,320.816,3333,10.39,99,0.688,29.41,34965258.95,39597325.96,39430.86,
Juranda,4112959,jurandense,JOELMA DAMASCENO DEMENECK,354.364,7771,21.93,98.2,0.708,11.24,59324744.33,46381091.89,60870.69,
Jussara,4113007,jussarense,MOACIR LUIZ PEREIRA VALENTINI,210.869,6690,31.73,97,0.718,62.5,71283225.84,59766841.56,57314.41,
Kalor&eacute;,4113106,kaloreense,WASHINGTON LUIZ DA SILVA,193.299,4582,23.70,95.9,0.721,-,38075423.72,35005501.14,41457.2,
Lapa,4113205,lapeano,DIEGO TIMBIRUSSU RIBAS,2093.859,45003,21.49,98.8,0.706,16.89,295153709.64,249591199.40,58401.14,
Laranjal,4113254,laranjaense,MAYCON LOPES SIMIONI,559.439,5600,10.01,97.2,0.585,-,50310139.08,47943576.05,19763.62,
Laranjeiras do Sul,4113304,laranjeirense-do-sul,JAISON RODRIGO MENDES,673.689,32227,47.84,96.3,0.706,7.78,181321800.04,174184250.00,31951.5,
Le&oacute;polis,4113403,leopolense,LEOMAR MONTEIRO,344.918,3752,10.88,98.8,0.707,-,42229330.68,36802464.03,58364.13,
Lidian&oacute;polis,4113429,lidianopolitano,APARECIDO BUZATO,151.456,3938,26.00,99.4,0.680,-,36806063.33,30573783.67,39839.41,
Lindoeste,4113452,lindo-estense,SILVIO DE SOUZA,347.093,5175,14.91,98.9,0.666,23.26,39215695.45,36504713.21,44761.21,
Loanda,4113502,loandense,JOSE MARIA PEREIRA FERNANDES,722.497,23225,32.15,97.9,0.725,24.46,145524383.51,133427692.50,29837.55,
Lobato,4113601,lobatense,FABIO CHICAROLI,240.904,4601,19.10,98.8,0.744,51.28,46171242.55,42624582.85,44449.25,
Londrina,4113700,londrinense,JOS&Eacute; TIAGO CAMARGO DO AMARAL,1652.569,555965,336.42,97.3,0.778,11.77,3210822530.55,3512362840.00,40636.89,
Luiziana,4113734,luizianense,EDSON LISS,916.839,6690,7.30,98.1,0.668,-,77019022.29,58026744.63,75776.65,
Lunardelli,4113759,lunardelliense,LUIZ WANDERLEI MARSON SARDI,199.213,4872,24.46,98.5,0.690,-,36397758.99,33620197.89,30292.4,
Lupion&oacute;polis,4113809,lupionopolense,JOS&Eacute; CARLOS TIB&Eacute;RIO,121.066,4813,39.76,98.5,0.710,-,38140857.21,35401772.81,26466.49,
Mallet,4113908,malletense,PEDRO KOWALCZYK,760.224,13428,17.66,98.5,0.708,12.5,85159562.77,77905012.69,55371.69,
Mambor&ecirc;,4114005,mamborense,SEBASTI&Atilde;O ANTONIO MARTINEZ,788.061,13452,17.07,98.8,0.719,7.19,102387617.24,85379408.14,61489.61,
Mandagua&ccedil;u,4114104,mandagua&ccedil;uense,JOSE ROBERTO MENDES,294.019,31457,106.99,96.8,0.718,7.5,139344006.74,125070695.70,29426.09,
Mandaguari,4114203,mandaguariense,IVON&Eacute;IA DE ANDRADE APARECIDO FURTADO,335.814,36716,109.33,98.7,0.751,11.21,196759117.70,190460065.10,53014.37,
Mandirituba,4114302,mandiritubense,FELIPE CLAUDINO MACHADO,379.179,27439,72.36,94.7,0.655,2.77,147861739.32,132759593.40,23966.47,
Manfrin&oacute;polis,4114351,manfrinopolitano,AMARILDO ALVES CARNEIRO,215.779,2770,12.84,98.3,0.645,-,38058674.85,29209924.72,33366.74,
Mangueirinha,4114401,mangueirinhense,LEANDRO DORINI,1055.458,16603,15.73,97.6,0.688,4.33,161490952.14,139845034.00,107007.02,
Manoel Ribas,4114500,manoel-ribense,JOSE CARLOS DA SILVA CORONA,571.135,14240,24.93,95.6,0.716,13.51,78890357.78,68515371.29,39322.07,
Marechal C&acirc;ndido Rondon,4114609,rondonense,ADRIANO BACKES,745.748,55836,74.87,98.5,0.774,5.46,394042306.83,353558400.70,54115.26,
Maria Helena,4114708,maria-helenense,MARLON RANCER MARQUES,486.224,5865,12.06,97.8,0.703,-,47581666.51,46229893.72,24040.1,
Marialva,4114807,marialvense,FLAVIA CHERONI DA SILVA BRITA,475.564,41851,88.00,99.2,0.735,8.94,260163408.37,236185824.10,73526.3,
Maril&acirc;ndia do Sul,4114906,marilandense,WALMIR PERES,384.424,8677,22.57,98.7,0.691,9.8,58134735.56,53334832.34,53048.12,
Marilena,4115002,marilenense,CELIO LELIS DA MATA,232.363,7253,31.21,98.5,0.681,32.61,50752372.01,44802210.35,24602.47,
Mariluz,4115101,mariluzense,PAULO ARMANDO DA SILVA ALVES,433.170,9847,22.73,99.1,0.639,17.54,64787637.64,62639026.31,27537.3,
Maring&aacute;,4115200,maringaense,SILVIO MAGALHAES BARROS II,487.012,409657,841.16,98.4,0.808,6.45,2843955756.26,2511012842.00,51908.79,
Mari&oacute;polis,4115309,mariopolitano,MARIO EDUARDO LOPES PAULEK,230.365,6371,27.66,97.5,0.698,43.48,75970046.17,66106850.01,66104.97,
Marip&aacute;,4115358,maripaense,RODRIGO ANDRE SCHANOSKI,283.793,6555,23.10,99.6,0.758,-,68467791.36,56795229.42,85964.22,
Marmeleiro,4115408,marmeleirense,JANDER LUIZ LOSS,387.612,15901,41.02,98.1,0.722,4.72,90012744.58,74907294.37,44085.52,
Marquinho,4115457,marquinhense,ELIO BOLZON JUNIOR,518.648,4504,8.94,99.4,0.614,-,49280360.36,40777376.46,26024.98,
Marumbi,4115507,marumbiense,ELAINE MARIA FERREIRA COSTA,208.470,4699,22.54,97.1,0.721,15.87,39174829.92,32662062.98,22126.59,
Matel&acirc;ndia,4115606,matelandiense,GABRIEL DA SILVA CADINI,639.746,18450,28.84,98.8,0.725,3.86,142603393.30,112401558.70,60024.71,
Matinhos,4115705,matinhense,EDUARDO ANTONIO DALMORA,117.899,39259,332.99,98.7,0.743,7.86,286569568.10,264277241.70,24992.19,
Mato Rico,4115739,mato-riquense,EDELIR DE JESUS RIBEIRO DA SILVA,394.533,3267,8.28,97.1,0.632,34.48,46102665.39,39679377.23,39211.07,
Mau&aacute; da Serra,4115754,mauaense da serra,GIVANILDO LOPES,108.324,9383,86.62,98.6,0.652,23.81,68842639.93,54132063.10,33993.16,
Medianeira,4115804,medianeirense,ANTONIO FRAN&Ccedil;A BENJAMIM,328.732,54369,165.39,98.7,0.763,6.49,315921963.10,280988764.60,52026.64,
Mercedes,4115853,mercedense,LAERTON WEBER,197.136,5931,30.09,99.6,0.740,-,71895349.09,64156816.52,49534.82,
Mirador,4115903,miradorense,FABIANO MARCOS DA SILVA TRAVAIN,221.708,2238,10.09,97.2,0.680,-,29534930.68,25730289.08,58094.56,
Miraselva,4116000,miraselvano,JOAO MARCOS FERRER,90.294,1966,21.77,99.6,0.748,-,1255153.37,24177468.49,29302.32,
Missal,4116059,missalense,ADILTO LUIS FERRARI,324.397,11064,34.11,97.5,0.711,8.13,128008689.83,110615747.00,43570.31,
Moreira Sales,4116109,moreira-salense,LUIZ ANTONIO VOLPATO,353.772,11175,31.59,98.3,0.675,-,83648459.44,72733105.42,25586.92,
Morretes,4116208,morretense,SEBASTI&Atilde;O BRINDAROLLI JUNIOR,684.580,18309,26.74,96.6,0.686,14.71,78183752.02,78563407.18,23612.37,
Munhoz de Melo,4116307,munhozense,&Aacute;UREO GOMES,137.018,3951,28.84,98.4,0.726,-,48807300.55,39046596.75,33946.78,
Nossa Senhora das Gra&ccedil;as,4116406,gracense,CLODOALDO APARECIDO RIGIERI,185.769,3669,19.75,97.1,0.709,17.86,37306095.80,32428300.07,24826.1,
Nova Alian&ccedil;a do Iva&iacute;,4116505,ivaiense,ULISSES DE SOUZA,131.272,1323,10.08,97.5,0.717,-,26755178.68,21485478.66,33292.16,
Nova Am&eacute;rica da Colina,4116604,nova-americanense,TANIA CRISTINA DA SILVA BASSO,129.476,3280,25.33,97.8,0.698,-,21514740.37,1.00,28507.42,
Nova Aurora,4116703,nova-aurorense,JOSE APARECIDO DE PAULA E SOUZA,470.642,13765,29.25,95.8,0.733,6.49,112235474.74,103129960.20,80918.59,
Nova Cantu,4116802,nova-cantuense,AIRTON ANTONIO AGNOLIN,555.488,6790,12.22,96.8,0.658,30,51290027.70,47151939.89,72116.33,
Nova Esperan&ccedil;a,4116901,nova-esperancense,JOAO EDUARDO PASQUINI,401.587,26585,66.20,98.7,0.722,13.2,152879434.61,143122951.00,33612.53,
Nova Esperan&ccedil;a do Sudoeste,4116950,novaesperancense,JAIME DA SILVA STANG,208.472,5597,26.85,98.6,0.714,-,52346892.85,43017154.42,32869.52,
Nova F&aacute;tima,4117008,fatimense,RENATA MONTENEGRO BALAN XAVIER,283.423,7225,25.49,99.3,0.688,13.7,50505885.35,42532645.75,38786.71,
Nova Laranjeiras,4117057,nova laranjeirense,FABIO ROBERTO DOS SANTOS,1210.205,12074,9.98,95.5,0.642,20.62,74186178.12,59828736.46,26898.21,
Nova Londrina,4117107,nova-londrinense,LUIZ GUSTAVO MAIOR BONO,269.389,12923,47.97,98.6,0.758,16.67,91436146.97,79661729.38,33588.39,
Nova Ol&iacute;mpia,4117206,novaolimpiense,LUIZ LAZARO SORVOS,136.347,5833,42.78,98.8,0.710,16.39,52151727.65,48185148.51,18682.89,
Nova Santa B&aacute;rbara,4117214,b&aacute;rbaraense,CLAUDEMIR VAL&Eacute;RIO,76.887,4184,54.42,97.6,0.680,18.87,37185779.69,31017670.07,25733.07,
Nova Santa Rosa,4117222,nova-santa-rosense,LARI HITZ,204.665,8322,40.66,99.5,0.731,-,74256863.59,64661677.10,52914.12,
Nova Prata do Igua&ccedil;u,4117255,pratense,ELIZETE CAVAZIN,352.565,12699,36.02,97.9,0.716,-,84575269.33,81125258.64,46729.6,
Nova Tebas,4117271,nova-tebense,PEDRO LOUREN&Ccedil;O,545.686,6848,12.55,97.5,0.651,22.47,62427416.11,53757406.98,36140.29,
Novo Itacolomi,4117297,itacolomiense,JOAO PEDRO MAGON,161.411,3125,19.36,97.9,0.710,27.03,41050543.05,33009596.57,32234.85,
Ortigueira,4117305,ortigueirense,ARY DE OLIVEIRA MATTOS,2429.520,24192,9.96,95.1,0.609,29.59,262115586.92,283145687.10,125166.19,
Ourizona,4117404,ourizonense,JANILSON MARCOS DONASAN,176.457,3187,18.06,96.9,0.720,26.32,42406345.88,31771080.74,48701.95,
Ouro Verde do Oeste,4117453,ouro-verdense,LUCIAN ALUISIO DIERINGS,293.042,6785,23.15,98.8,0.709,11.49,55295248.20,44229254.57,52789.8,
Pai&ccedil;andu,4117503,pai&ccedil;anduense,ISMAEL BATISTA,171.379,45962,268.19,97.2,0.716,11.65,168361580.77,150774179.80,25035.43,
Palmas,4117602,palmense,DANIEL RICARDO LANGARO,1557.903,48247,30.97,92.8,0.660,18.5,204082502.57,196412984.50,30790.74,
Palmeira,4117701,palmeirense,ALTAMIR SANSON,1470.072,33855,23.03,95.5,0.718,8.62,224628428.17,219715909.90,48142.63,
Palmital,4117800,palmitalense,ROBERTO CARLOS ROSSI,817.647,13033,15.94,97,0.639,12.58,88199847.03,78935920.54,25939.77,
Palotina,4117909,palotinense,RODRIGO RIBEIRO,651.238,35011,53.76,99.4,0.768,9.29,315104501.46,279310786.70,86939.78,
Para&iacute;so do Norte,4118006,paraisense-do-norte,CARLOS ALBERTO VIZZOTTO,204.564,13245,64.75,97.7,0.746,-,91288838.16,78409132.17,26547.42,
Paranacity,4118105,paranacitense,JOSE CLAUDIO BATISTA,348.631,9557,27.41,99,0.717,-,59046593.86,54940117.03,27859.98,
Paranagu&aacute;,4118204,parnanguara,ADRIANO RAMOS,822.838,145829,177.23,98,0.750,10.38,1020102407.61,874275476.00,86717.02,
Paranapoema,4118303,paranapoemense,SIDNEI FRAZATTO,175.875,2398,13.63,98.5,0.709,-,33895815.91,27423669.31,28083.2,
Paranava&iacute;,4118402,paranavaiense,MAUR&Iacute;CIO GEHLEN,1202.266,92001,76.52,98.7,0.763,15.86,496642673.71,432701812.10,35548.61,
Pato Bragado,4118451,pato bragadense,JOHN JEFERSON WEBER NODARI,135.600,5733,42.28,100,0.747,16.67,86972419.76,72854448.82,42312.81,
Pato Branco,4118501,pato-branquense,GERI NATALINO DUTRA,539.108,91836,170.35,98.7,0.782,7.53,611475228.67,591347591.70,53648.87,
Paula Freitas,4118600,paula-freitense,SEBASTI&Atilde;O ALGACIR DALPRA,421.409,5666,13.45,98,0.717,31.75,48274309.18,41654724.01,74045.21,
Paulo Frontin,4118709,frontinense,IRENEU INACIO ZACHARIAS,363.351,6343,17.46,99.4,0.708,-,52746470.84,44813199.72,53483.78,
Peabiru,4118808,peabiruense,JOS&Eacute; MARCOS GON&Ccedil;ALVES LOPES,468.594,13346,28.48,98,0.723,37.27,81845917.38,74106781.55,32407.58,
Perobal,4118857,perobalense,CRISTIANO CEZAR MERLINI DE ALBUQUERQUE,409.050,7189,17.57,98.1,0.713,-,59390348.85,49875907.54,45512.01,
P&eacute;rola,4118907,perolense,VALDETE CARLOS OLIVEIRA GONCALVES DA CUNHA,236.186,11878,50.29,99.4,0.700,-,80838640.22,82150425.93,31537,
P&eacute;rola d'Oeste,4119004,p&eacute;rolatense,EDSOM LUIZ BAGETTI,205.279,6221,30.31,99.1,0.726,-,57734050.56,48978794.53,38184.61,
Pi&ecirc;n,4119103,pienense,MAICON GROSSKOPF,254.792,13655,53.59,97.5,0.694,15.23,113233067.81,88547406.46,70453.65,
Pinhais,4119152,pinhaense,ROSA MARIA DE JESUS COLOMBO,60.871,127019,2086.76,97.2,0.751,12.12,785819358.57,704444838.80,59079.55,
Pinhal&atilde;o,4119202,pinhalense ou pinhal&atilde;oense,LUIZ EDUARDO DE CASTRO VANZELI,220.625,6566,29.76,99.4,0.697,-,44662931.69,41053695.78,39773.88,
Pinhal de S&atilde;o Bento,4119251,pinhalense,PAULO FALCADE DE OLIVEIRA,97.463,2761,28.33,99.6,0.695,-,31844469.77,25282878.49,29268.85,
Pinh&atilde;o,4119301,pinh&atilde;oense,VALDECIR BIASEBETTI,2001.588,29886,14.93,96,0.654,11.93,192150108.18,159837580.70,54851.08,
Pira&iacute; do Sul,4119400,piraiense,HENRIQUE DE OLIVEIRA CARNEIRO,1345.418,23651,17.58,97.5,0.708,12.82,161022085.40,142587331.40,46229,
Piraquara,4119509,piraquarense,MARCUS MAURICIO DE SOUZA TESSEROLLI,227.042,118730,522.94,96.5,0.700,8.1,525301060.54,420755612.30,13213.37,
Pitanga,4119608,pitanguense,DIRCEU MORAES,1693.402,33567,20.18,99,0.702,15.66,210703853.83,194747697.50,38430.52,
Pitangueiras,4119657,pitangueirense,SAMUEL TEIXEIRA,123.229,3046,24.72,100,0.710,34.48,32425340.99,28524228.53,36948.03,
Planaltina do Paran&aacute;,4119707,planaltinense,CELSO MAGGIONI,356.192,4070,11.43,100,0.705,30.3,40764552.63,38321356.99,24276.36,
Planalto,4119806,planaltense,LUIZ CARLOS BONI,346.241,14374,41.51,99.8,0.706,16,93922569.20,80410854.19,31778.1,
Ponta Grossa,4119905,ponta-grossense,ELIZABETH SILVEIRA SCHMIDT,2054.732,358371,174.41,98.2,0.763,12.44,1512692558.80,1417408403.00,54316.58,
Pontal do Paran&aacute;,4119954,pontalense,RUDISNEY GIMENES FILHO,200.410,30425,151.81,97.4,0.738,12.31,200966028.94,194336533.00,22903.26,
Porecatu,4120002,porecatuense,AGAMEMNON AUGUSTO ARAUJO PADUAN,291.663,11624,39.85,96.9,0.738,26.79,75934691.01,64986755.69,44031.43,
Porto Amazonas,4120101,porto-amazonense,ELIAS JOCID GOMES DA COSTA,186.581,4098,21.96,97.8,0.700,18.18,42112830.32,42103996.34,33301.6,
Porto Barreiro,4120150,porto barreirense,EMANOEL VANDERLEI VOLFF,361.021,3110,8.61,99.5,0.688,-,57196447.82,46028676.88,54269.08,
Porto Rico,4120200,porto-riquense,VALTER BATISTA DOS SANTOS,217.676,3182,14.62,97.1,0.735,-,62764830.36,50411631.65,42532.26,
Porto Vit&oacute;ria,4120309,porto-vitoriense,FABIANO JOS&Eacute; GLAAB,213.013,3562,16.72,98,0.685,19.61,35591237.51,30218815.60,24340.57,
Prado Ferreira,4120333,prado ferreirense,SILVIO ANTONIO DAMACENO,152.876,3709,24.26,97.8,0.710,19.23,32249343.97,25269703.62,44913.54,
Pranchita,4120358,pranchitano,RONIMAR ELEANDRO SARTOR,226.140,5737,25.37,99.6,0.752,14.49,57410353.21,52628984.07,65434.42,
Presidente Castelo Branco,4120408,castelo-branquense,JO&Atilde;O PERICLES MARTINATI,155.734,4336,27.84,99,0.713,-,39924568.35,32252655.31,27323.94,
Primeiro de Maio,4120507,primaiense,BRUNO EDUARDO SANTA ROSA BAUERMAMM ESTEVAM,414.442,10082,24.33,97.2,0.701,20,73782113.53,67254354.94,33335.27,
Prudent&oacute;polis,4120606,prudentopolitano,ADELMO LUIZ KLOSOWSKI,2247.141,49393,21.98,97,0.676,6.6,251741721.05,221332823.40,29782.6,
Quarto Centen&aacute;rio,4120655,quarto centenariense,WILSON AKIO ABE,321.875,4201,13.05,98.3,0.710,22.73,50335607.17,37081118.66,82131.21,
Quatigu&aacute;,4120705,quatiguaense,IZILDA GLEICIANY RODRIGUES CARRO,112.689,8099,71.87,99,0.714,-,48330796.89,43790883.94,28269.42,
Quatro Barras,4120804,quatro-barrense,LORENO BERNARDO TOLARDO,180.471,24191,134.04,97.1,0.742,6.76,205154873.33,187345991.20,80039.23,
Quatro Pontes,4120853,quatro pontense,CESAR ALEXANDRE SEIDEL,114.393,4480,39.16,99.2,0.791,20.83,52882644.23,43386260.34,62721.52,
Quedas do Igua&ccedil;u,4120903,quedas-igua&ccedil;uense,RAFAEL CIRYLLO CHIAPETTI ALVES DE MOURA,821.503,30738,37.42,97.1,0.681,8.83,175792476.50,143650317.80,42255.94,
Quer&ecirc;ncia do Norte,4121000,querenciano,ALEX SANDRO FERNANDES,914.763,10685,11.68,99.1,0.688,-,81557127.88,73641396.19,21471.28,
Quinta do Sol,4121109,quinta-solense,LEONARDO LAZZARETTI ROMERO,326.177,5001,15.33,96.1,0.715,-,39530958.31,36349120.91,57939.58,
Quitandinha,4121208,quitandinhense,JOS&Eacute; RIBEIRO DE MOURA,447.024,18398,41.16,98.4,0.680,-,112593923.27,94420857.62,26262.3,
Ramil&acirc;ndia,4121257,ramilandiense,EDSON DOS SANTOS,237.196,4221,17.80,97.8,0.630,18.52,40634717.84,32069371.62,25285.9,
Rancho Alegre,4121307,alegrense,FLAVIO HENRIQUE PEREIRA,167.646,3512,20.95,98.3,0.707,25,33522262.92,28563547.87,49378.6,
Rancho Alegre D'Oeste,4121356,rancho alegrense,EVERTON C&Aacute;SSIO ZANUTO,241.386,2618,10.85,98.6,0.704,43.48,32005969.10,26542943.50,90246.03,
Realeza,4121406,realezense,PAULO CEZAR CASARIL,353.416,19247,54.46,97.4,0.722,8.33,108220948.87,108598893.10,43774.47,
Rebou&ccedil;as,4121505,reboucense,LAERCIO ANTONIO CIPRIANO,481.840,14514,30.12,98.3,0.672,11.98,90222142.80,74718653.55,35785.75,
Renascen&ccedil;a,4121604,renascenseano,FABIELI MANFREDI,425.273,6845,16.10,97.7,0.733,-,62674696.75,48321991.96,62394.97,
Reserva,4121703,reservense,LUCAS MACHADO RIBEIRO,1635.535,24573,15.02,96.2,0.618,20.71,146576139.24,126145579.30,28122.36,
Reserva do Igua&ccedil;u,4121752,reservense do igua&ccedil;u,VITORIO ANTUNES DE PAULA,834.232,6553,7.86,98.3,0.648,-,69191365.56,58756706.48,31998.12,
Ribeir&atilde;o Claro,4121802,ribeir&atilde;o-clarense,LISANDRO JOS&Eacute; N&Eacute;IA BAGGIO,629.224,12364,19.65,98.2,0.716,31.5,86604290.58,79754871.58,36125.48,
Ribeir&atilde;o do Pinhal,4121901,ribeiro-pinhalense,DARTAGNAN CALIXTO FRAIZ,374.732,13060,34.85,98.5,0.701,11.83,60877014.54,55767815.80,26269.94,
Rio Azul,4122008,rio-azulense,LEANDRO JASINSKI,599.056,14025,23.41,96.2,0.687,5.92,100931034.86,80787548.07,47275,
Rio Bom,4122107,rio-bonense,MOIS&Eacute;S JOS&Eacute; DE ANDRADE,177.836,3197,17.98,100,0.729,-,37883968.96,30869453.98,33008.65,
Rio Bonito do Igua&ccedil;u,4122156,rio bonitense,SEZAR AUGUSTO BOVINO,681.406,13929,20.44,97.6,0.629,4.95,107832250.40,77698546.65,33349.16,
Rio Branco do Iva&iacute;,4122172,riobranquense,PEDRO TABORDA DESPLANCHES,376.109,3808,10.12,97.2,0.640,21.74,44495825.87,34994054.48,28043.39,
Rio Branco do Sul,4122206,rio-branquense,KARIME FAYAD,811.425,37558,46.29,93.9,0.679,1.98,162160252.14,151731009.00,42153.61,
Rio Negro,4122305,rio-negrense,ALESSANDRO CRISTIAN VON LINSINGEN,604.138,31324,51.85,98.2,0.760,3.04,185387981.66,163903638.60,37477.75,
Rol&acirc;ndia,4122404,rolandense,AILTON APARECIDO MA&Iacute;STRO,459.024,71670,156.14,97.5,0.739,15.92,395729397.94,367555543.50,52447.59,
Roncador,4122503,roncadorense,MARILIA PEROTTA BENTO GON&Ccedil;ALVES,742.121,11251,15.16,98.7,0.681,12.58,90186886.89,71823019.91,63312.92,
Rondon,4122602,rondonense,ROBERTO APARECIDO CORREDATO,555.125,9097,16.39,97,0.713,15.27,57135794.89,52282348.74,36225.59,
Ros&aacute;rio do Iva&iacute;,4122651,rosariense,ANIZIO CESAR LINO SILVA,377.470,5435,14.40,96.8,0.662,17.24,36374232.14,28212417.54,28266.01,
Sab&aacute;udia,4122701,sabaudiense,EDSON HUGO MANUEIRA,190.329,8822,46.35,98.6,0.740,8.93,64643008.42,61394401.73,101429.37,
Salgado Filho,4122800,salgadense,VOLMAR DUARTE,181.015,4075,22.51,98.3,0.700,18.87,41170217.85,31764439.24,36692.89,
Salto do Itarar&eacute;,4122909,saltense-do-itarar&eacute;,CLAUDECI JOS&Eacute; DE OLIVEIRA,200.520,5192,25.89,98.5,0.704,-,36320940.24,30100277.14,21322.09,
Salto do Lontra,4123006,salto-lontrense,FERNANDO ALBERTO CADORE,312.717,15223,48.68,96.5,0.718,5.85,90846166.74,85979821.29,35429.43,
Santa Am&eacute;lia,4123105,ameliense,ANTONIO CARLOS TAMAIS,78.045,3394,43.49,96.9,0.653,25.64,20253118.96,20399006.73,31442.18,
Santa Cec&iacute;lia do Pav&atilde;o,4123204,pavonense,CLAUDIO COVRE,105.076,3365,32.02,97.7,0.723,-,30329418.43,27121309.48,47193.99,
Santa Cruz de Monte Castelo,4123303,monte-castelense,WILLIAN CEZAR VIEGA,442.013,8613,19.49,98.7,0.710,10.1,51318819.70,47527949.35,48684.56,
Santa F&eacute;,4123402,santa-feense,EDSON PALOTTA NETTO,276.241,11378,41.19,97.9,0.705,9.26,78913196.90,64999093.01,25928.17,
Santa Helena,4123501,santa-helenense,CLADEMAR JOAO MARASKIN,754.701,25492,33.78,99.4,0.744,16.9,352488008.79,357299724.60,54197.49,
Santa In&ecirc;s,4123600,santa-ineense,ADENILSON PACHECO,156.935,1748,11.14,100,0.717,-,20798124.71,16035425.70,32841.43,
Santa Isabel do Iva&iacute;,4123709,santa-isabelense,JO&Atilde;O CARLOS DA SILVA MENDES,349.497,8912,25.50,100,0.720,21.28,64538599.78,56464315.03,29837.51,
Santa Izabel do Oeste,4123808,santa-izabelense,JEAN PIERR CATTO,321.182,14070,43.81,97.1,0.696,14.08,103560758.78,84118738.34,31293.06,
Santa L&uacute;cia,4123824,santaluciense,SILVANO TORTELLI,126.813,3644,28.74,97.1,0.687,-,39575472.87,31142160.03,36922.32,
Santa Maria do Oeste,4123857,santa-mariense,OSCAR DELGADO,819.288,9934,11.87,95.5,0.609,28.99,68562168.89,57277553.84,29026.17,
Santa Mariana,4123907,santa-marianense,JOSE MARCELO PIOVAN GUIMARAES,427.193,11066,25.90,98.2,0.700,14.39,68276837.17,59129893.69,42791.96,
Santa M&ocirc;nica,4123956,moniquense,LUAN GUSTAVO FRAZATTO,259.957,3356,12.91,99.7,0.704,28.57,47077274.63,40768263.33,22463.39,
Santana do Itarar&eacute;,4124004,santanense,ELCIO JOS&Eacute; VIDAL,251.269,5514,21.94,97.5,0.687,-,51297091.63,39685165.48,34909.63,
Santa Tereza do Oeste,4124020,santa-terezense,AMARILDO RIGOLIN,326.190,13174,40.39,97.7,0.705,-,87426522.79,80133717.02,57894.02,
Santa Terezinha de Itaipu,4124053,itaipuense,ANTONIO LUIZ BENDO,268.258,24262,90.44,99.6,0.738,25.27,174968778.73,142245901.90,28728.52,
Santo Ant&ocirc;nio da Platina,4124103,platinense,GILSON DE JESUS ESTEVES,721.472,44369,61.50,96.2,0.718,8.76,173976164.47,159870874.90,32377.92,
Santo Ant&ocirc;nio do Caiu&aacute;,4124202,santo-antoniense,JOS&Eacute; GABRIEL GON&Ccedil;ALVES FACHIANO,219.068,2493,11.38,98,0.696,-,33424466.69,30816725.16,20707.25,
Santo Ant&ocirc;nio do Para&iacute;so,4124301,santo-antoniense,DEVANIR MARTINELLI,167.014,2125,12.72,97.7,0.716,-,30519621.28,26093294.30,52081.94,
Santo Ant&ocirc;nio do Sudoeste,4124400,santo-antoniense,RICARDO ANTONIO ORTINA,325.651,23673,72.69,96.6,0.671,7.49,138437672.58,123830918.10,31852.54,
Santo In&aacute;cio,4124509,santo-inaciense,GENY VIOLATTO,280.133,6181,22.06,99.3,0.739,-,55982240.97,47717908.45,98142.7,
S&atilde;o Carlos do Iva&iacute;,4124608,s&atilde;o-carlense,PAULO FRANCISCO MARINHO DUTRA,225.079,6587,29.27,98.2,0.682,-,50714190.49,41088797.47,56894.74,
S&atilde;o Jer&ocirc;nimo da Serra,4124707,jeronimense,VENICIUS DJALMA ROSA,823.774,10830,13.15,96.2,0.637,23.62,66441785.43,57455244.38,29122.78,
S&atilde;o Jo&atilde;o,4124806,s&atilde;o-joanense,CLOVIS MATEUS CUCCOLOTTO,388.059,11886,30.63,97.6,0.727,20.98,86491301.00,83372691.13,87991.12,
S&atilde;o Jo&atilde;o do Caiu&aacute;,4124905,caiuense,STEFAN TOM&Eacute; PAUKA,304.413,5586,18.35,95,0.664,-,43765599.36,34222742.86,26569.18,
S&atilde;o Jo&atilde;o do Iva&iacute;,4125001,s&atilde;o-joanense,F&Aacute;BIO HIDEK MIURA,353.331,10667,30.19,98.7,0.693,-,64977149.25,54635748.95,36497.91,
S&atilde;o Jo&atilde;o do Triunfo,4125100,triunfense,MARIO CEZAR DA SILVA,720.407,13726,19.05,96.9,0.629,6.45,86683434.65,78058480.98,37735.83,
S&atilde;o Jorge d'Oeste,4125209,s&atilde;o-jorgense ou jorgense,GELSON COELHO DO ROS&Aacute;RIO,379.545,9378,24.71,98.9,0.722,23.08,93670595.53,80394374.43,52566.77,
S&atilde;o Jorge do Iva&iacute;,4125308,s&atilde;o-jorgense,AGNALDO CARVALHO GUIMAR&Atilde;ES,315.088,5168,16.40,98.4,0.743,23.81,54262122.86,45339931.07,72507.92,
S&atilde;o Jorge do Patroc&iacute;nio,4125357,patrocinense,RONALDO TINTI,406.413,6504,16.00,97.2,0.676,-,67754887.45,55277541.32,26281.08,
S&atilde;o Jos&eacute; da Boa Vista,4125407,boa-vistense,JOSE LAZARO FERRAZ,399.667,6040,15.11,99.2,0.671,30.3,38494002.36,35299548.82,37579.8,
S&atilde;o Jos&eacute; das Palmeiras,4125456,s&atilde;o-joseliense,FRANCO MARIA ALVES CABRAL,182.419,3957,21.69,99.5,0.713,18.52,35473071.25,30547734.78,27502.48,
S&atilde;o Jos&eacute; dos Pinhais,4125506,s&atilde;o-joseense,MARGARIDA MARIA SINGER,946.049,329628,348.28,97.4,0.758,7.04,1855037818.78,1665902153.00,80717.4,
S&atilde;o Manoel do Paran&aacute;,4125555,s&atilde;o manoelense,VITOR HUGO RODRIGUES,95.381,2138,22.42,97.8,0.725,-,40468653.40,33863657.23,28799.62,
S&atilde;o Mateus do Sul,4125605,s&atilde;o-mateuense,FERNANDA GARCIA SARDANHA,1341.714,42366,31.58,97.6,0.719,5.77,249176471.48,215240697.30,32181.24,
S&atilde;o Miguel do Igua&ccedil;u,4125704,s&atilde;o-miguelense,BOAVENTURA MANOEL JOAO MOTTA,851.917,29122,34.18,99,0.704,17.5,241480542.42,225273581.40,53082.67,
S&atilde;o Pedro do Igua&ccedil;u,4125753,S&atilde;o pedrense,JACIR DANELLI,308.324,5784,18.76,97.3,0.683,-,48516854.01,39462664.68,43023.44,
S&atilde;o Pedro do Iva&iacute;,4125803,ivaiense,RILDO BERNARDES DE CAMARGO,322.692,8690,26.93,97.6,0.717,-,63324400.36,53707403.01,33318.9,
S&atilde;o Pedro do Paran&aacute;,4125902,s&atilde;o-pedrense,VANDERLEI CAETANO DE CASTRO,250.654,2661,10.62,100,0.704,-,40727676.32,33387139.14,39882.77,
S&atilde;o Sebasti&atilde;o da Amoreira,4126009,amoreirense,EXILAINE GASPAR,226.872,8063,35.54,99,0.715,11.11,45298354.26,42434049.73,33860.14,
S&atilde;o Tom&eacute;,4126108,s&atilde;o-tomeense,JO&Atilde;O PAULO TRAVASSOS RADDI,218.623,5232,23.93,98.7,0.725,-,43382257.13,42765815.44,28293.49,
Sapopema,4126207,sapopemense,PAULO MAXIMIANO DE SOUZA JUNIOR,677.609,6695,9.88,96.7,0.655,11.24,48461142.42,43309142.85,22942.31,
Sarandi,4126256,sarandiense,CARLOS ALBERTO DE PAULA J&Uacute;NIOR,103.501,118455,1144.48,96.3,0.695,14.08,505417797.92,434716350.30,20962.06,
Saudade do Igua&ccedil;u,4126272,saudadense,ROGERIO GALLINA,152.084,6108,40.16,99,0.699,10.53,65996117.09,55692178.20,140973.05,
Seng&eacute;s,4126306,sengeano,GERSON NUNES DA SILVA,1441.333,17270,11.98,97.7,0.663,8.66,122664112.42,108238506.80,34196.93,
Serran&oacute;polis do Igua&ccedil;u,4126355,serranopolitano,GILBERTO MARSARO,482.394,5007,10.38,100,0.762,14.93,60547982.88,48742886.36,65324.84,
Sertaneja,4126405,sertanejano,SAMUEL CARLOS DO PRADO,444.492,5616,12.63,99.6,0.725,-,62188071.14,53681521.28,80884.23,
Sertan&oacute;polis,4126504,sertanopolense,ANA RUTH SECCO MATTESCO,505.532,15930,31.51,97.1,0.723,-,116705463.94,105363528.60,41980.09,
Siqueira Campos,4126603,siqueirense,LUIZ HENRIQUE GERMANO,278.035,22811,82.04,97.5,0.704,-,134072277.98,112139264.80,32901.6,
Sulina,4126652,sulinense,GILBERTO JO&Atilde;O ROSSI,170.759,3440,20.15,99.2,0.693,-,43137566.31,34072233.66,55046.1,
Tamarana,4126678,tamaranense,LUZIA HARUE SUZUKAWA,472.155,10707,22.68,94.4,0.621,-,82177887.40,77750768.70,25633.93,
Tamboara,4126702,tamboarense,GIOVANE MONTEIRO DA SILVA,193.346,4880,25.24,98.3,0.731,-,35478600.43,32103187.50,24312.5,
Tapejara,4126801,tapejarense,RONALDO ADRIANO VILAS BOAS,591.399,15869,26.83,98.3,0.703,5.59,117161441.31,105575303.10,30138.8,
Tapira,4126900,tapirense,RONALD ROG&Eacute;RIO LOPES SMARZARO,434.371,5745,13.23,99.2,0.697,15.38,45977360.14,40894442.62,28143.29,
Teixeira Soares,4127007,teixeira-soarense,IVANOR LUIZ MULLER,902.793,9547,10.57,96.8,0.671,7.19,89030835.30,78633477.83,48305.51,
Tel&ecirc;maco Borba,4127106,tel&ecirc;maco-borbense,RITA MARA DE PAULA ARAUJO,1382.860,75042,54.27,98.4,0.734,7.68,472443787.00,397192979.20,60971.64,
Terra Boa,4127205,terra-bonense,VALTER PERES,320.850,17568,54.75,98.8,0.728,19.05,124968719.31,101495188.30,32908.97,
Terra Rica,4127304,terra-riquense,AGNALDO DE SOUZA COSTA,700.599,14842,21.18,98.8,0.710,6.17,121098100.36,111776377.00,22058.69,
Terra Roxa,4127403,terra-roxense,IVAN REIS DA SILVA,800.807,18119,22.63,97.7,0.714,17.62,144056575.89,112854381.50,50881.4,
Tibagi,4127502,tibagiano,RILDO EMANOEL LEONARDI,2977.933,19961,6.70,96.6,0.664,7.78,193526072.65,145537760.70,69611.31,
Tijucas do Sul,4127601,tijuquense / tijucano,JOS&Eacute; ALTAIR MOREIRA,671.889,17621,26.23,97.2,0.636,14.56,121571457.21,110864555.30,33328.52,
Toledo,4127700,toledano,MARIO CESAR COSTENARO,1198.049,150470,125.60,98.8,0.768,10.92,1028344232.88,892895749.10,51745.73,
Tomazina,4127809,tomazinense,CEZAR BUENO DE MELO,591.438,8426,14.25,98.4,0.699,-,55201564.89,44866033.78,42105.95,
Tr&ecirc;s Barras do Paran&aacute;,4127858,tribarrense,GERSO FRANCISCO GUSSO,505.505,11135,22.03,98.3,0.681,13.25,83248326.12,74192542.12,36223.55,
Tunas do Paran&aacute;,4127882,tunense,MARCO ANTONIO BALD&Atilde;O,668.478,6219,9.30,97.4,0.611,9.71,52106543.39,43348656.51,15551.33,
Tuneiras do Oeste,4127908,tuneirense,GUERINO MENDON&Ccedil;A DOS SANTOS,698.871,8067,11.54,97.7,0.695,11.24,61637730.85,51058364.00,27492.5,
Tup&atilde;ssi,4127957,tup&atilde;ssiense,JOSE CARLOS MARIUSSI,299.769,8077,26.94,98.5,0.730,24.69,67170849.76,56317765.67,53232.85,
Turvo,4127965,turvense,ANTONIO MARCOS SEGURO,938.966,14231,15.16,97.5,0.672,9.66,108689261.13,86419090.98,46362.98,
Ubirat&atilde;,4128005,ubiratense,FABIO DE OLIVEIRA DALECIO,652.581,24749,37.92,97.7,0.739,6.73,172558552.13,147372834.30,82368.19,
Umuarama,4128104,umuaramense,ANTONIO FERNANDO SCANAVACA,1234.537,117095,94.85,97.9,0.761,9.25,698923922.38,677540115.10,36183.64,
Uni&atilde;o da Vit&oacute;ria,4128203,uni&atilde;o-vitoriense,ARY CARNEIRO JUNIOR,719.998,55033,76.43,98.2,0.740,14.65,299346614.59,322486527.40,33607.71,
Uniflor,4128302,uniflorense,MAYCON RODRIGO RODRIGUES DE SOUZA,94.819,2136,22.53,98.3,0.720,55.56,33170497.87,29010226.62,38081.98,
Ura&iacute;,4128401,uraiense,ANGELO TARANTINI FILHO,237.810,10406,43.76,98.6,0.721,-,61027963.19,54217214.70,32748.89,
Wenceslau Braz,4128500,brazense,LUIZ CARLOS VIDAL,397.916,19188,48.22,98.2,0.687,7.41,106314847.42,98817957.22,36742.11,
Ventania,4128534,ventaniense,JOSE LUIZ BITTENCOURT,819.334,9681,11.82,95.7,0.650,-,71076991.16,60716510.11,28338.49,
Vera Cruz do Oeste,4128559,vera-cruzense,EDNEI SGOBI,327.090,8215,25.12,97.7,0.699,-,57457591.41,49544334.85,40663.64,
Ver&ecirc;,4128609,vereense,PAULO ROBERTO WEISSHEIMER,311.801,7932,25.44,98.1,0.720,-,72807640.92,56481200.40,70446.49,
Alto Para&iacute;so,4128625,altoparaisense,LUIZ ELISEU DOS SANTOS,967.772,3055,3.16,99.4,0.678,17.54,48650572.17,38802811.29,43223.91,
Doutor Ulysses,4128633,ulyssense,ESEQUIEL BESTEL JUNIOR,777.482,5697,7.33,94.4,0.546,-,39842388.62,34292330.78,17958.74,
Virmond,4128658,virmondense,FERNANDO MIERZVA,249.065,3811,15.30,99.5,0.722,-,36632020.53,37883890.63,46837.97,
Vitorino,4128708,vitorinense,MARCIANO VOTTRI,308.218,9706,31.49,97.4,0.702,7.94,66537191.09,62558887.74,72445.13,
Xambr&ecirc;,4128807,xambrense,DECIO JARDIM,359.712,5798,16.12,98.6,0.706,14.49,48862197.36,40837562.92,21426.52,