Goi&aacute;s | Todos os Munic&iacute;pios
Munic&iacute;pio [-],C&oacute;digo [-],Gent&iacute;lico [-],Prefeito [2025],&Aacute;rea Territorial - km&sup2; [2023],Popula&ccedil;&atilde;o residente - pessoas [2022],Densidade demogr&aacute;fica - hab/km&sup2; [2022],Escolariza&ccedil;&atilde;o &lt;span&gt;6 a 14 anos&lt;/span&gt; - % [2010],IDHM &lt;span&gt;&Iacute;ndice de desenvolvimento humano municipal&lt;/span&gt; [2010],Mortalidade infantil - &oacute;bitos por mil nascidos vivos [2022],Total de receitas brutas realizadas - R$ [2023],Total de despesas brutas empenhadas - R$ [2023],PIB per capita - R$ [2021],
Abadia de Goi&aacute;s,5200050,abadiense,WANDER SARAIVA DE CARVALHO,143.357,19128,133.43,97.2,0.708,7.63,83624420.93,78679879.19,38622,
Abadi&acirc;nia,5200100,abadianense,ITAMAR VIEIRA GOMES,1044.555,17232,16.50,94.3,0.689,-,92098618.68,84083240.17,21334.94,
Acre&uacute;na,5200134,acreunense,CLAUDIOMAR CONTIN PORTUGAL,1566.742,21568,13.77,97.1,0.686,25.32,136048865.44,128249974.70,46315.9,
Adel&acirc;ndia,5200159,adelandense,EDSON VIEIRA DE PAULA,115.385,2297,19.91,100,0.702,-,23591346.41,20844838.31,19400.94,
&Aacute;gua Fria de Goi&aacute;s,5200175,&aacute;gua-friense,VIRGINIA ANGELICA SANTOS CASTRO,2023.636,4954,2.45,97.4,0.671,38.46,36749811.58,46544860.28,91260.12,
&Aacute;gua Limpa,5200209,&aacute;gua-limpense,JOS&Eacute; CARLOS GUIMAR&Atilde;ES FILHO,458.836,1858,4.05,97.4,0.722,-,28714371.50,24601249.76,35293.9,
&Aacute;guas Lindas de Goi&aacute;s,5200258,&aacute;guas lindense,LUCAS DE CARVALHO ANTONIETTI,191.817,225693,1176.61,96.6,0.686,10.88,582401590.50,580827941.30,11052.96,
Alex&acirc;nia,5200308,alexaniense,WARLEY FERREIRA GOUVEIA,846.876,27008,31.89,97,0.682,17.46,176447139.09,162542051.40,39776.23,
Alo&acirc;ndia,5200506,aloandense,RENATO BATISTA DA SILVA,102.094,1973,19.33,98.1,0.697,-,23470375.43,25092901.63,32251.19,
Alto Horizonte,5200555,alto horizontino,DIOGO RODRIGUES DE SOUSA,500.342,6072,12.14,97,0.719,19.8,164304913.71,158009519.30,188378.9,
Alto Para&iacute;so de Goi&aacute;s,5200605,alto-paraisense,MARCUS ADILSON RINCO,2594.998,10306,3.97,98,0.713,12.74,64187711.33,59566748.56,38319.04,
Alvorada do Norte,5200803,alvoradense,DAVID MOREIRA DE CARVALHO,1268.347,8446,6.66,98,0.660,9.62,46831208.16,48089854.87,19317.45,
Amaralina,5200829,amaralinense,D&Aacute;SIO MARQUES FERREIRA,1343.742,3268,2.43,92.2,0.609,-,31975486.22,28939881.15,28148.86,
Americano do Brasil,5200852,americanense-do-Brasil,RAPHAEL DE OLIVEIRA CARVALHO,133.834,5259,39.29,97.4,0.700,-,30228940.79,26599319.16,14694.5,
Amorin&oacute;polis,5200902,amorinopolense,GUSTAVO SILVA DE OLIVEIRA,406.930,3007,7.39,98.4,0.681,-,22732581.35,26160647.98,39489.53,
An&aacute;polis,5201108,anapolino,MARCIO AURELIO CORREA,935.672,398869,426.29,96.3,0.737,15.03,2082795834.96,2054801261.00,44860.34,
Anhanguera,5201207,anhanguerino,MARCELO MARTINS DE PAIVA,55.569,924,16.63,100,0.725,-,24408435.54,20127359.86,18523.83,
Anicuns,5201306,anicuense,PAULO C&Eacute;SAR JOS&Eacute; DO NASCIMENTO,976.038,18503,18.96,98.4,0.714,13.64,92897283.29,92872586.56,23178.92,
Aparecida de Goi&acirc;nia,5201405,aparecidense,LEANDRO VILELA VELLOSO,279.954,527796,1885.30,95.3,0.718,15.4,2105755070.81,2180954477.00,28213.26,
Aparecida do Rio Doce,5201454,riodocense,EDY CARLOS GON&Ccedil;ALVES,603.254,2907,4.82,93.3,0.693,-,41546934.18,37154294.33,44491.53,
Apor&eacute;,5201504,aporeano,LEONARDO DE MORAES CARVALHO,2899.237,4325,1.49,99.1,0.693,14.08,55802058.61,50352391.70,92759.84,
Ara&ccedil;u,5201603,ara&ccedil;uense,MILTON LEMES DE PAULA,149.776,3799,25.36,99,0.693,-,33087648.16,28369026.28,21303.17,
Aragar&ccedil;as,5201702,aragarcense,RICARDO GALVAO DE SOUSA,661.677,18390,27.79,98.3,0.732,25.38,85652499.68,73976539.57,13606.58,
Aragoi&acirc;nia,5201801,aragoianense,WALDIR BATISTA RIOS,218.125,11890,54.51,98,0.684,14.93,59274606.05,58633280.79,16321.67,
Araguapaz,5202155,araguapaense,FRANCISCO DEURISTOM GON&Ccedil;ALVES DA SILVA,2188.100,7153,3.27,97.8,0.674,44.44,39321733.78,38321606.41,23107.53,
Aren&oacute;polis,5202353,arenopolino,DELMIRO DE OLIVEIRA CANO,1075.535,2946,2.74,100,0.687,-,33637425.65,30872696.48,90406.19,
Aruan&atilde;,5202502,aruanense,ARLIRIO ANTUNES BARBOSA,3054.773,8300,2.72,97.5,0.675,60.61,72083714.28,55131004.34,28236.14,
Auril&acirc;ndia,5202601,aurilandense,MARIA APARECIDA MAGALH&Atilde;ES FURTADO MAC&Ecirc;DO,565.514,3284,5.81,97.5,0.700,37.04,23682075.92,35443264.00,27190.95,
Avelin&oacute;polis,5202809,avelinopense,ANTONIO MARCOS BARBOSA,170.228,2868,16.85,97.9,0.660,28.57,28320342.12,24864653.79,28342.24,
Baliza,5203104,balizense,ILSON PEREIRA DE CARVALHO,1780.173,3351,1.88,98.6,0.655,32.26,31945648.26,27681811.31,22746.12,
Barro Alto,5203203,barro-altense,ALVARO MACHADO DE FREITAS,1080.268,10371,9.60,99,0.742,19.11,188161608.92,159152050.00,135151.35,
Bela Vista de Goi&aacute;s,5203302,bela-vistense,EUR&Iacute;PEDES JOS&Eacute; DO CARMO,1274.034,34445,27.04,98.3,0.716,18.65,167029351.42,151205633.60,47766.93,
Bom Jardim de Goi&aacute;s,5203401,bom-jardinense,EDIO NAVARINI,1901.137,7826,4.12,98.1,0.670,10.64,45104944.20,41555805.94,28911.53,
Bom Jesus de Goi&aacute;s,5203500,bom-jesuense,DANIEL VIEIRA RAMOS JUNIOR,1405.605,23958,17.04,98.4,0.701,6.58,151604620.62,135004207.70,47168.42,
Bonfin&oacute;polis,5203559,bonfinopolino,LUCAS MOREIRA DE CARVALHO,121.915,10296,84.45,98.8,0.683,-,45146382.07,42541456.65,11970.13,
Bon&oacute;polis,5203575,bonopolino,DEOCLECIANO ARAUJO DE LIRA,1635.319,3299,2.02,98.1,0.630,21.74,39008591.60,33252284.12,34206.22,
Brazabrantes,5203609,brazabrantino,MARCIO ANT&Ocirc;NIO MACHADO,125.326,3992,31.85,99.2,0.701,21.28,28959659.24,25643254.98,24615.27,
Brit&acirc;nia,5203807,britaniense,MARIA DO DISTERRO DOS SANTOS,1458.459,5695,3.90,97.6,0.672,37.04,33615681.56,38699796.00,34067.31,
Buriti Alegre,5203906,buriti-alegrense,GARIBALDO FERREIRA DE SANTANA NETO,901.932,10495,11.64,96.9,0.710,36.04,64443918.05,61924638.28,49155.71,
Buriti de Goi&aacute;s,5203939,buritiense,&Aacute;TILA R&Uacute;BIA DE DEUS,202.576,2732,13.49,99.4,0.687,-,34722683.09,29415425.36,23098.87,
Buritin&oacute;polis,5203962,buritinopolense,MARCILENE BASTISTA DE BRITO COSTA,246.075,3145,12.78,98.7,0.704,-,38314293.99,30312919.26,27169.84,
Cabeceiras,5204003,cabeceirense,JACO ISIDORO ROTTA,1126.434,7560,6.71,96.4,0.668,49.5,50392135.45,42462960.14,58772.45,
Cachoeira Alta,5204102,cachoeira-altense,MARCELO BATISTA DE PAULA,1657.226,11513,6.95,98,0.710,9.26,68557093.58,61584074.43,21932.48,
Cachoeira de Goi&aacute;s,5204201,cachoeirense,MICHAEL PEREIRA DOS SANTOS,424.490,1405,3.31,100,0.727,-,25666726.16,25048345.99,29093.26,
Cachoeira Dourada,5204250,cachoeirense-do-sul,RODRIGO RODRIGUES ALMEIDA,528.281,7782,14.73,98.8,0.698,-,87282109.29,77990748.55,8685.14,
Ca&ccedil;u,5204300,ca&ccedil;uense,KELSON SOUZA VILARINHO,2254.340,13774,6.11,98.7,0.730,7.14,117823267.47,107020526.70,54740.81,
Caiap&ocirc;nia,5204409,caiaponiense,ARGEMIRO RODRIGUES SANTOS NETO,8627.961,16513,1.91,97.2,0.693,5.71,120239302.45,123339359.20,42563.87,
Caldas Novas,5204508,calda-novense,KLEBER LUIZ MARRA,1608.523,98622,61.31,97.3,0.733,7.29,533760618.67,526060282.10,31527.54,
Caldazinha,5204557,caldazinhense,SOLANGE MARIA GOUVEIA CASTRO,251.720,4507,17.90,93.3,0.685,-,30901020.77,29164328.10,21702.16,
Campestre de Goi&aacute;s,5204607,campestrino,ESMERALDO CORREIA GUIMAR&Acirc;ES,272.734,3755,13.77,97.7,0.653,-,31208582.82,28036107.06,19862.56,
Campina&ccedil;u,5204656,campina&ccedil;uense,DOUGLAS ADYEL RIBEIRO DE FARIA,1978.386,3708,1.87,93.5,0.631,-,43741200.54,37280398.64,30457.5,
Campinorte,5204706,campinortense,CLEOMAR MARTINS DE ARAUJO,1064.541,12510,11.75,99.1,0.688,19.74,60073478.03,57538624.02,25855.05,
Campo Alegre de Goi&aacute;s,5204805,campo-alegrense,DOUGLAS GRUPIONI SERT&Oacute;RIO,2450.111,7422,3.03,98.7,0.694,12.2,70814205.17,62958554.29,107398.29,
Campo Limpo de Goi&aacute;s,5204854,campolimpense,GRACIELE MARTA DO NASCIMENTO,156.113,8081,51.76,97.2,0.661,16,44167675.60,38953934.55,20415.37,
Campos Belos,5204904,campo-belense,PABLO GEOVANNI MOREIRA BATISTA,735.126,18108,24.63,99.4,0.692,3.58,83817352.77,86397893.21,15667.6,
Campos Verdes,5204953,campo-verdense,ROG&Eacute;RIO SOUZA QUEIROZ,443.125,4005,9.04,97,0.654,24.39,38697316.29,37678177.78,36924.53,
Carmo do Rio Verde,5205000,carmo-rio-verdino,GERALDO DOS REIS OLIVEIRA,419.821,9710,23.13,99.4,0.713,-,37199966.43,51326958.44,47391.43,
Castel&acirc;ndia,5205059,castelandense,EDNALDO ANDRADE MIGUEL,299.228,2985,9.98,92.8,0.701,66.67,36875536.36,33742879.17,27104.65,
Catal&atilde;o,5205109,catalano,VELOMAR GON&Ccedil;ALVES RIOS,3826.370,114427,29.90,97.1,0.766,17.91,499226001.01,791895596.60,87685.74,
Catura&iacute;,5205208,caturaiense,ALEXANDRE TIAGO MOURA,205.065,5184,25.28,98,0.664,55.56,28306895.98,26359882.66,19635.13,
Cavalcante,5205307,cavalcantense,VILMAR SOUZA COSTA,6948.780,9583,1.38,92.9,0.584,13.7,38009913.76,56162663.81,39322.37,
Ceres,5205406,ceresino,EDMARIO DE CASTRO BARBOSA,213.070,22046,103.47,99.3,0.775,12.61,122866436.92,147539188.70,32787.08,
Cezarina,5205455,cezarinense,VALTENIR GON&Ccedil;ALVES DA SILVA,417.080,8090,19.40,97.8,0.711,-,55864525.78,55063372.14,43779.36,
Chapad&atilde;o do C&eacute;u,5205471,chapadense,VINICIUS MARCONDES CAMARGO TERIN,2184.077,12870,5.89,93.3,0.742,8.7,190264401.11,164860656.90,202715.24,
Cidade Ocidental,5205497,ocidentalense,LUIZ GONZAGA VIANA FILHO,389.985,91767,235.31,97.2,0.717,15.23,270817719.73,265733206.80,13528.98,
Cocalzinho de Goi&aacute;s,5205513,cocalzinhense,ALESSANDRO OTONE BARCELOS,1785.339,25016,14.01,95.2,0.657,13.51,106935849.13,93225299.59,21006.17,
Colinas do Sul,5205521,colinense,ONOFRE APARECIDO PAULISTA,1707.519,4030,2.36,95.2,0.658,85.71,36116964.99,33032654.86,21095.95,
C&oacute;rrego do Ouro,5205703,corregorino,DANILO MARCOS DOS SANTOS,458.077,2454,5.36,97.2,0.686,-,31210912.95,27894415.27,32995.73,
Corumb&aacute; de Goi&aacute;s,5205802,corumbaense,FRANCISCO ALESSANDRO FERNANDES,1064.833,10562,9.92,96.6,0.680,-,48146148.45,45462542.70,23188.22,
Corumba&iacute;ba,5205901,corumbaibense,WISNER ARA&Uacute;JO DE ALMEIDA,1864.277,9164,4.92,95.5,0.698,-,79739639.04,73610215.59,70839.08,
Cristalina,5206206,cristalinense,LUIS OT&Aacute;VIO BIAZOTO MASSA,6153.921,62337,10.13,95.6,0.699,12.37,377866000.66,349408991.70,74974.64,
Cristian&oacute;polis,5206305,cristianopolino,JULIANA IZABEL DE PAULA COSTA,221.624,3504,15.81,98.7,0.688,-,40711190.26,33080241.42,40548.09,
Crix&aacute;s,5206404,crixasense,ALLAN PAES XAVIER,4673.039,17065,3.65,96.7,0.708,4.85,147604337.61,131927301.90,40809.95,
Crom&iacute;nia,5206503,crominiense,FERNANDO LUCAS CARDOSO,364.918,3883,10.64,95.7,0.706,-,25505996.11,30273671.17,28790.65,
Cumari,5206602,cumarino,RAFAEL MEIRELLES DE MELO,568.365,2927,5.15,99.7,0.737,-,31253972.69,30011674.76,34350.06,
Damian&oacute;polis,5206701,damianopolino,DENI SANTANA RODRIGUES,417.625,3770,9.03,100,0.654,-,33416322.06,29064275.10,13621.15,
Damol&acirc;ndia,5206800,damolandense,ROGERIO LABANCA NETO,86.057,2724,31.65,98.6,0.697,-,27217393.56,23085440.66,17831.38,
Davin&oacute;polis,5206909,davinopolino,VANUSA APARECIDA BENTO GOMES,482.857,1902,3.94,98.5,0.716,-,41276355.31,35517758.04,278454.66,
Diorama,5207105,dioramense,ALTAMIRO JOS&Eacute; DE LIMA,685.382,2062,3.01,100,0.729,-,22937536.33,25788617.79,39096.53,
Doverl&acirc;ndia,5207253,doverlandense,AMILCAR MACHADO PEREIRA JUNIOR,3227.558,6956,2.16,96.4,0.668,25.64,63226330.58,59431801.08,55878.01,
Edealina,5207352,edealinense,DOLORES CRISTINA LEANDRO NEVES,598.218,4001,6.69,98.6,0.702,-,54643027.84,52468449.66,110169.39,
Ed&eacute;ia,5207402,edeiense,CARLA FARIA DE FREITAS,1469.099,11747,8.00,98.2,0.739,6.94,95258485.77,91343578.44,73518.51,
Estrela do Norte,5207501,estrela-nortense,EDMAR DE ASSIS SILVA,301.139,3205,10.64,97.8,0.707,-,38415858.60,33603820.67,22992.23,
Faina,5207535,fainense,CREONIR BORGES DE OLIVEIRA,1949.685,7070,3.63,97.9,0.650,-,45454259.27,45168199.40,25676.74,
Fazenda Nova,5207600,fazenda-novense,MARCUS VINICIUS AZEREDO COSTA,1279.107,5877,4.59,88.5,0.685,-,36037122.21,32999232.43,27855.7,
Firmin&oacute;polis,5207808,firminopolense,JOSE AIRTON DE OLIVEIRA,422.340,10419,24.67,98.1,0.732,20.2,56318243.56,45530825.27,20002.51,
Flores de Goi&aacute;s,5207907,florense,ALTRAN LOPES AVELAR NERY,3695.106,13744,3.72,96.6,0.597,10.31,74065357.41,62176856.05,14409.16,
Formosa,5208004,formosense,SIMONE DIAS RIBEIRO DE MELO,5804.292,115901,19.97,96.6,0.744,11.79,430385811.37,469584925.00,25836.62,
Formoso,5208103,formosense,HALISON MAC&Ecirc;DO DOS SANTOS,843.420,4660,5.53,96.8,0.715,-,37504564.31,39208747.86,27249.74,
Gameleira de Goi&aacute;s,5208152,gameleirense,WIVVIANE DE CARVALHO DUARTE TELES,588.328,3456,5.87,99.5,0.659,-,38801793.53,32617149.19,79664.33,
Divin&oacute;polis de Goi&aacute;s,5208301,divinopolino,ISTEINER ABREU ALVES DE OLIVEIRA,828.874,4457,5.38,97.1,0.653,-,33920137.59,29768838.51,19506.41,
Goian&aacute;polis,5208400,goianapolino,JEOVA LEITE CARDOSO,166.642,13967,83.81,96.4,0.703,11.36,67945733.59,58585369.20,26244.18,
Goiandira,5208509,goiandirense,ALLISON HENRIQUE BARBOSA PEIXOTO,569.917,4973,8.73,98.6,0.760,-,38425753.69,34307657.06,35786.48,
Goian&eacute;sia,5208608,goianesiense,RENATO MENEZES DE CASTRO,1547.319,73707,47.64,98,0.727,15.08,340830250.91,332554062.40,26209.49,
Goi&acirc;nia,5208707,goianiense,SANDRO DA MABEL ANT&Ocirc;NIO SCODRO,729.296,1437366,1970.90,96.4,0.799,10.17,8149700839.88,8341825493.00,38483.54,
Goianira,5208806,goianirense,CLEYTON AMARAL DAVID BENTO,213.772,71916,336.41,97.6,0.694,18.74,258349098.76,245177794.40,23827.46,
Goi&aacute;s,5208905,goiano,ADERSON LIBERATO GOUVEA,3108.423,24071,7.74,98.2,0.709,8.7,132549283.24,121927729.90,34522.53,
Goiatuba,5209101,goiatubense,ALBERTO LOPES RIBEIRO,2479.591,35664,14.38,96.9,0.725,10.03,207392992.01,333728948.50,63235.88,
Gouvel&acirc;ndia,5209150,gouvelandense,FAUSTO CAIADO BARBOSA,827.373,4390,5.31,98.8,0.674,18.87,52902479.43,47398438.59,27875.01,
Guap&oacute;,5209200,guapoense,FRANK ESTEVAN FAUSTO DOS SANTOS OLIVEIRA,514.178,19545,38.01,96.8,0.697,17.94,84539587.53,78243607.87,24473.26,
Guara&iacute;ta,5209291,guaraitense,HEBER DE LIMA FERNANDES,205.533,2188,10.65,98.4,0.687,-,25656058.64,23218884.61,27385.52,
Guarani de Goi&aacute;s,5209408,guaraniense,JANEZIO PEREIRA DA SILVA,1221.054,4085,3.35,97.2,0.637,24.39,37984735.58,32559976.33,22647.9,
Guarinos,5209457,guarinense,JJUNIO ANTONIO BARBOSA,593.188,2161,3.64,98.1,0.652,-,20168059.26,22073864.83,38276.46,
Heitora&iacute;,5209606,heitoraiense,ESMAEL PEREIRA DUARTE,228.615,3354,14.67,97,0.694,-,22483995.59,19182934.81,22414.5,
Hidrol&acirc;ndia,5209705,hidrolandense,JOS&Eacute; D&Eacute;LIO ALVES J&Uacute;NIOR,952.122,27742,29.14,97.1,0.706,17.44,172701033.19,150839450.20,58986.49,
Hidrolina,5209804,hidrolinense,ELI GON&Ccedil;ALVES SIQUEIRA,583.756,3545,6.07,98,0.677,30.3,30991066.61,28427435.33,25432.76,
Iaciara,5209903,iaciarense,WAGNER NERY SAMPAIO,1547.183,10584,6.84,97.2,0.644,10.58,57906250.76,53429675.32,15934.79,
Inaciol&acirc;ndia,5209937,inaciolandense,CL&Aacute;UDIO HENRIQUE CAIXETA,689.201,5954,8.64,98.4,0.692,33.9,49754848.30,47551399.63,37852.64,
Indiara,5209952,indiarense,MARCONI MACIEL DE MELO MATIAS,955.419,17061,17.86,96.8,0.701,-,99983752.42,111567187.20,41116.41,
Inhumas,5210000,inhumense,JOS&Eacute; ESSADO NETO,614.887,52204,84.90,98.4,0.720,14.08,231769569.51,219676005.40,26208.47,
Ipameri,5210109,ipamerino,JANIO PACHECO,4382.863,25548,5.83,97.4,0.701,19.69,203033767.04,192760199.80,88777.75,
Ipiranga de Goi&aacute;s,5210158,ipiranguense,BALTAZAR LUIZ DA SILVA,244.209,2919,11.95,98.1,0.696,-,32552169.63,30180736.71,24183.63,
Ipor&aacute;,5210208,iporaense,MAYSA PERES CUNHA PEIXOTO,1027.249,35684,34.74,98.4,0.743,11.21,175196695.83,158947473.80,27844.57,
Israel&acirc;ndia,5210307,israelandense,ADELICIA MOURA DA COSTA,579.190,2560,4.42,99.5,0.711,-,27681273.13,24904493.04,25779.67,
Itabera&iacute;,5210406,itaberino,RITA DE C&Aacute;SSIA SOARES MENDON&Ccedil;A,1461.916,44734,30.60,97.5,0.719,16.89,237354311.01,207954842.30,40717.25,
Itaguari,5210562,itaguarino,HELIO MARCOS VIEIRA DE LIMA,142.652,4963,34.79,98.4,0.693,26.32,31397531.85,27905972.44,20950.72,
Itaguaru,5210604,itaguaruense,JOAQUIM FERNANDO MOREIRA ARA&Uacute;JO,241.029,4904,20.35,99,0.718,-,36365854.12,31610443.32,20077.23,
Itaj&aacute;,5210802,itajaense,LUCAS MACHADO FERREIRA,2082.737,4380,2.10,98,0.691,-,44930376.35,43547924.45,29804.12,
Itapaci,5210901,itapacino,FABIO MARCOS DE OLIVEIRA,952.998,21087,22.13,97.5,0.725,15.69,94852243.40,95939880.47,22957.92,
Itapirapu&atilde;,5211008,itapirapuano,C&Aacute;SSIO ROBERTO HIL&Aacute;RIO DA SILVA,2047.874,8007,3.91,98.1,0.677,-,45751737.27,37258710.82,50746.28,
Itapuranga,5211206,itapuranguense,GERALDO PAULO FERNANDES,1281.404,26113,20.38,99.2,0.726,6.25,124508421.94,112440441.60,21625.79,
Itarum&atilde;,5211305,itarumaense,LUIZ HENRIQUE DE ASSIS,3437.367,6101,1.77,95.2,0.693,12.35,56463766.48,48078057.58,44273.04,
Itau&ccedil;u,5211404,itau&ccedil;uense,CLAYTON PEREIRA DE MELO,383.066,7736,20.19,95.7,0.718,38.46,63038962.94,58683495.93,24446.39,
Itumbiara,5211503,itumbiarense,DIONE JOSE DE ARAUJO,2447.014,107970,44.12,97.9,0.752,11.94,641754935.92,623491677.40,49832.28,
Ivol&acirc;ndia,5211602,ivolandense,VALDESSON VIEIRA J&Uacute;NIOR,1260.841,2693,2.14,97.1,0.704,41.67,36601888.80,30160628.71,60836.45,
Jandaia,5211701,jandaiense,DANILO FERREIRA GOMES,863.087,6272,7.27,99.6,0.707,40,55488177.53,51549999.50,71123.73,
Jaragu&aacute;,5211800,jaraguense,PAULO VITOR AVELAR,1848.947,45223,24.46,96.4,0.699,9.09,180557398.33,183282898.20,17633.06,
Jata&iacute;,5211909,jataiense,GENEILTON FILHO DE ASSIS,7178.792,105729,14.73,97.5,0.757,13.32,694278510.91,606216120.20,77472,
Jaupaci,5212006,jaupacino,EDVALDO BATISTA GUIMAR&Atilde;ES FILHO,528.783,2924,5.53,100,0.689,-,26003609.90,23540145.96,29246.5,
Jes&uacute;polis,5212055,jesupolino,ADRIANO PEIXOTO OLIVEIRA,115.211,2123,18.43,92.5,0.649,-,30820566.45,26993115.75,15883.46,
Jovi&acirc;nia,5212105,jovianiense,MAX PEREIRA BARBOSA,446.258,7159,16.04,96.8,0.706,-,58047492.96,50608743.09,46127.55,
Jussara,5212204,jussariano,MARIA IDALI DA SILVA BONTEMPO,4092.339,19620,4.79,97.6,0.743,8.44,141758222.41,133135934.30,37965.38,
Lagoa Santa,5212253,lagoense,ADIVAIR GON&Ccedil;ALVES DE MACEDO,463.289,1390,3.00,98.5,0.740,-,28492801.04,21178449.56,30915.65,
Leopoldo de Bulh&otilde;es,5212303,leopoldense,ROBERTA C&Acirc;NDIDA CAETANO,476.137,8745,18.37,97.3,0.659,10.99,52577570.88,50238097.13,44788.08,
Luzi&acirc;nia,5212501,luzianiense,DIEGO VAZ SORGATTO,3962.107,209129,52.78,97,0.701,12.01,250388773.30,617884946.80,25322.67,
Mairipotaba,5212600,mairipotabense,LINDOMAR CLAUDINO BESSA,468.029,2561,5.47,99.3,0.745,-,22515434.09,27585782.51,37444.08,
Mamba&iacute;,5212709,mambaiense,EDER ORNELAS LACERDA,858.270,8124,9.47,96.4,0.626,-,44800702.93,38448246.90,11591.02,
Mara Rosa,5212808,mararrosense,FLAVIO DIVINO MAURICIO DE MOURA,1695.463,10700,6.31,98.3,0.691,16.67,71281434.24,79206641.76,31540.79,
Marzag&atilde;o,5212907,marzagonense,SOLIMAR CARDOSO DE SOUZA,225.518,2758,12.23,98.8,0.699,-,33369579.01,26427114.89,30283.73,
Matrinch&atilde;,5212956,matrinchaense,IV&Acirc;NIA ALVES FERNANDES,1150.503,4042,3.51,97.9,0.679,-,39061878.64,34249668.78,39493.54,
Mauril&acirc;ndia,5213004,maurilandense,WANDERVAL SILVA MARTINS,389.959,10304,26.42,97.5,0.677,15.38,63801632.69,63643557.27,17016.16,
Mimoso de Goi&aacute;s,5213053,mimosense,RAFAEL BRUNO MOREIRA DE ATAIDES,1380.701,2614,1.89,99.6,0.665,-,23166105.43,23762017.80,96137.29,
Mina&ccedil;u,5213087,mina&ccedil;uense,CARLOS ALBERTO LEREIA DA SILVA,2854.137,27075,9.49,98.6,0.707,2.91,207181562.48,196408514.20,45467.16,
Mineiros,5213103,mineirense,ALEOMAR DE OLIVEIRA REZENDE,9042.844,70081,7.75,97.3,0.718,9.52,623126880.68,582571876.50,47334.97,
Moipor&aacute;,5213400,moiporaense,WILSON JOS&Eacute; FERREIRA,452.314,1685,3.73,99.6,0.696,-,24735247.93,19149012.27,36192.97,
Monte Alegre de Goi&aacute;s,5213509,monte-alegrense,FELIPI DE SOUSA CAMPOS,3119.860,6692,2.14,95.7,0.615,8.7,34328928.44,31122170.82,13730.33,
Montes Claros de Goi&aacute;s,5213707,montes-clarense,JOSE VILMAR MACIEL,2900.397,8756,3.02,99.6,0.707,11.24,71040588.83,66269743.78,62061.41,
Montividiu,5213756,montividiuense,EDSON BUENO COUTINHO,1869.581,12521,6.70,98.4,0.733,6.21,123103869.29,102383208.80,115134.24,
Montividiu do Norte,5213772,montividense,CLEMERSON LOPES DA SILVA,1337.232,3779,2.83,96.8,0.613,-,31259268.82,27531439.24,23981.14,
Morrinhos,5213806,morrinhense,MAYCLLYN MAX CARREIRO RIBEIRO,2846.299,51351,18.04,97.9,0.734,1.61,230257162.64,224954374.10,39557.81,
Morro Agudo de Goi&aacute;s,5213855,morro-agudense,DENY LELES APARECIDO ROSA,282.333,2456,8.70,99.7,0.695,38.46,32253540.87,26466125.71,24727.92,
Moss&acirc;medes,5213905,mossamedino,MARTA MARIA CAETANO DE ALMEIDA CUNHA,684.882,4654,6.80,99.2,0.706,-,49604060.82,39103138.25,31996.24,
Mozarl&acirc;ndia,5214002,mozarlandense,LUCIJANE FREIRES ALENCAR CARLOS DA SILVA,1738.516,14750,8.48,97.5,0.683,-,89261889.85,100443456.50,63757.4,
Mundo Novo,5214051,mundo-novense,MARLENE LOUREN&Ccedil;O,2141.534,6189,2.89,97.7,0.634,11.49,39679679.53,36079152.53,39830.62,
Mutun&oacute;polis,5214101,mutunopolitano,LUIZ MARTINS DE OLIVEIRA,955.069,3564,3.73,98.7,0.680,38.46,31113048.31,30941602.57,23050.68,
Naz&aacute;rio,5214408,nazarinense,JO&Atilde;O BATISTA CARVALHO,281.147,8189,29.13,98.8,0.710,-,51501742.23,49791846.48,29537.06,
Ner&oacute;polis,5214507,neropolino,LUIZ ALBERTO FRANCO ARAUJO,204.713,31932,155.98,97.8,0.721,18.1,226284728.55,227381764.10,33014.91,
Niquel&acirc;ndia,5214606,niquelandense,CARLOS EDUARDO MOREIRA,9846.293,34964,3.55,97.8,0.715,13.23,144878859.34,200340847.30,27445.17,
Nova Am&eacute;rica,5214705,nova-americano,CL&Eacute;BER JUNIO DE SOUZA,209.432,2337,11.16,99.4,0.678,66.67,31742725.22,25180395.92,20692.74,
Nova Aurora,5214804,nova-aurorense,JO&Atilde;O PIMENTA DE P&Aacute;DUA J&Uacute;NOR,307.335,2101,6.84,100,0.747,45.45,27595648.33,21955677.86,31766.48,
Nova Crix&aacute;s,5214838,nova-crixaense,RODRIGO BARBOSA TAVARES,7308.681,12815,1.75,96.7,0.643,-,100281167.85,90884837.14,48273.7,
Nova Gl&oacute;ria,5214861,nova-glorino,LUIZ JOSE DA SILVA,411.753,8310,20.18,99.2,0.681,11.76,34330744.36,30086269.44,17507.08,
Nova Igua&ccedil;u de Goi&aacute;s,5214879,nova igua&ccedil;uense,JOSE RIBEIRO DE ARAUJO,625.625,3010,4.81,96.5,0.655,52.63,26406016.06,23727072.25,20913.15,
Nova Roma,5214903,nova-romano,ELEUSES RODRIGUES GONZAGA,2136.725,3076,1.44,97.9,0.634,34.48,29685720.80,30781257.20,20753.97,
Nova Veneza,5215009,nova-venezino,VALDEMAR BATISTA COSTA,122.354,9481,77.49,98,0.718,17.09,54289851.55,48642272.24,19352.83,
Novo Brasil,5215207,novo-brasilense,GABRIEL GOMES ALVES DE CASTRO,649.349,3527,5.43,98.7,0.699,-,32493544.33,29907236.69,30714.96,
Novo Gama,5215231,novo-gamense,CARLOS ALVES DOS SANTOS,192.285,103804,539.84,95.7,0.684,12.35,296189969.58,275796657.90,9645.45,
Novo Planalto,5215256,planaltense,EUDES RODRIGUES DE ARA&Uacute;JO,1254.491,3716,2.96,91.4,0.658,-,38891936.33,35439127.12,34940.56,
Orizona,5215306,orizonense,FELIPE ANTONIO DIAS,1971.265,16399,8.32,99.2,0.715,-,85336790.55,87720903.58,59249.42,
Ouro Verde de Goi&aacute;s,5215405,ouro-verdense,RODRIGO PEREIRA FONSECA,208.804,4057,19.43,98.8,0.719,23.81,35281137.46,32801807.67,40772.28,
Ouvidor,5215504,ouvidorense,C&Eacute;BIO MACHADO DO NASCIMENTO,411.318,7200,17.50,98.7,0.747,11.24,104992626.98,104131663.00,111007.81,
Padre Bernardo,5215603,padre-bernardense,JOSELEIDE L&Aacute;ZARO LUIZ DA SILVA,3142.615,34967,11.13,96.1,0.651,25.29,150816566.24,138190541.10,30051.96,
Palestina de Goi&aacute;s,5215652,palestinense,ALTENIAS GON&Ccedil;ALVES DE SOUSA,1318.047,3132,2.38,98.6,0.713,-,34385702.81,29135359.68,49911.27,
Palmeiras de Goi&aacute;s,5215702,palmeirense,OSVALDO CASSIANO DE FARIA,1537.196,31858,20.72,96.7,0.698,8.79,178945162.33,163894447.80,59193.38,
Palmelo,5215801,palmelino,RENATO DAMASIO RESENDE,59.809,2259,37.77,97.8,0.730,-,30665107.39,27281510.52,23403.91,
Palmin&oacute;polis,5215900,palminopolino,FRANC HELVIS VAZ,393.326,3851,9.79,99.6,0.722,-,36380287.81,35942552.26,61499.64,
Panam&aacute;,5216007,panamenho,RENE DA MOTA OLIVEIRA,432.204,2455,5.68,98.9,0.686,-,31669626.36,28656128.07,42327.07,
Paranaiguara,5216304,paranaiguarense,JOS&Eacute; CARLOS BARBOSA,1153.415,7607,6.60,98.9,0.711,11.24,55650529.59,59851533.42,23154.98,
Para&uacute;na,5216403,paraunense,FLAVIO AUGUSTO NEGRAO DE MORAES,3786.578,10659,2.81,98.8,0.672,6.49,131246296.03,113158862.60,141965.55,
Perol&acirc;ndia,5216452,perolandense,GRETE ELISA BALZ ROCHA,1033.657,2964,2.87,99.2,0.676,-,60275775.74,48840876.69,224457.66,
Petrolina de Goi&aacute;s,5216809,petrolinense,TIAGO PACHECO DE JESUS,530.490,9573,18.05,98.3,0.712,-,46093388.94,51302684.81,17458.09,
Pilar de Goi&aacute;s,5216908,pilarense,TIAGO JAPIASSU BATISTA DO NASCIMENTO ANDRADE,906.048,2328,2.57,98.1,0.684,38.46,39339390.04,32002057.09,90276.06,
Piracanjuba,5217104,piracanjubense,LENIZIA ALVES CANEDO,2374.232,24883,10.48,97.8,0.721,16.95,131355656.49,120910162.40,50483.15,
Piranhas,5217203,piranhense,FABIO LASSERRE SOUSA BORGES,2045.088,11712,5.73,98,0.721,18.69,70926061.97,65040386.92,59972.94,
Piren&oacute;polis,5217302,pirenopolino,NIVALDO ANT&Ocirc;NIO DE MELO,2200.369,26690,12.13,97.8,0.693,16.72,72078679.74,107667365.80,25391.73,
Pires do Rio,5217401,piresino,HUGO S&Eacute;RGIO BATISTA,1077.641,32373,30.04,97.7,0.744,14.89,156203126.04,148557845.10,44033.84,
Planaltina,5217609,planaltinense,CRISTIOM&Aacute;RIO DE SOUSA MEDEIROS,2558.924,105031,41.04,96.4,0.669,7.96,387041816.21,372831563.80,15906.74,
Pontalina,5217708,pontalinense,EDSON GUIMARAES DE FARIA,1434.289,18309,12.77,92.3,0.687,15.31,96796093.98,88226965.60,40069.82,
Porangatu,5218003,porangatuense,VANUZA PRIMO DE ARA&Uacute;JO VALADARES,4825.287,44317,9.18,98,0.727,13.62,235377891.21,246332452.10,31180.63,
Porteir&atilde;o,5218052,porteirense,JO&Atilde;O HENRIQUE SILVA,606.262,4070,6.71,94,0.684,-,48624906.65,40482503.43,55908.76,
Portel&acirc;ndia,5218102,portelandense,MARLY DAVID REZENDE RODRIGUES,553.411,3280,5.93,97.7,0.654,22.73,41852446.97,34220483.38,91091.58,
Posse,5218300,possense,PAULO CEZAR KRAUSPENHAR,2076.990,34914,16.81,95.7,0.659,14.2,155711408.28,167372297.00,18552.12,
Professor Jamil,5218391,jamilense,NEY FABIO DE NOVAES,356.292,3649,10.24,98.6,0.684,-,23488711.69,28203092.59,22449.72,
Quirin&oacute;polis,5218508,quirinopolino,ANDERSON DE PAULA SILVA,3786.026,48447,12.80,97.2,0.740,11.27,287455339.92,298185357.30,41843.87,
Rialma,5218607,rialmense,LUCAS SILVA CHAVES,268.291,12165,45.34,99.7,0.727,40,60723400.02,56791740.04,28691.24,
Rian&aacute;polis,5218706,rianapolino,GILBER ROQUE PEREIRA DE MIRANDA,157.379,3980,25.29,98.6,0.693,-,29814778.59,25913888.62,17221.78,
Rio Quente,5218789,rio-quentense,ANA PAULA LIMA DE OLIVEIRA MACHADO,244.655,3864,15.79,99,0.731,-,65231805.91,59196366.76,68973.42,
Rio Verde,5218805,rio-verdense ou rio-verdino,WELLINGTON SOARES CARRIJO FILHO,8374.254,225696,26.95,97,0.754,9.56,1893570127.89,1869418867.00,65948.14,
Rubiataba,5218904,rubiatabense,WEBER SIVIRINO DA COSTA,750.659,19788,26.36,98.9,0.719,4.08,111397003.40,107121541.80,28277.26,
Sanclerl&acirc;ndia,5219001,sanclerlandense,JOS&Eacute; LAGARES DA CRUZ,509.402,7918,15.54,99.4,0.736,-,36180376.78,46852731.76,28513.05,
Santa B&aacute;rbara de Goi&aacute;s,5219100,santa-barbarense,JOB MARTINS DE DEUS,140.957,6149,43.62,99.4,0.706,-,41645520.49,35839434.03,22997.54,
Santa Cruz de Goi&aacute;s,5219209,santa-cruzano,&Acirc;NGELO NATAL DA PAZ,1109.007,3002,2.71,99.3,0.688,76.92,37370537.46,32040858.68,106126.79,
Santa F&eacute; de Goi&aacute;s,5219258,santa-feense,VICTOR FERREIRA PARENTE,1164.186,4951,4.25,98.7,0.713,-,43020073.75,39143428.67,46582.9,
Santa Helena de Goi&aacute;s,5219308,santa-helenense,IRIS MARTINS PARREIRA,1142.337,38492,33.70,97.3,0.724,12.45,156052115.45,210967870.30,41603.02,
Santa Isabel,5219357,santa-isabelense,LEVINO DE SOUZA SILVA,812.756,3538,4.35,97.2,0.683,-,33369759.18,33210785.95,32236.34,
Santa Rita do Araguaia,5219407,santa-ritense,CARLOS TADEU ROCHA VIEIRA,1357.197,5924,4.36,94.3,0.714,14.08,42012792.06,40784597.99,22497.6,
Santa Rita do Novo Destino,5219456,santaritense,ROBERTO JO&Atilde;O DE OLIVEIRA,970.448,2689,2.77,95.5,0.634,50,29292647.19,25925890.64,32686.66,
Santa Rosa de Goi&aacute;s,5219506,santa-rosense,ULISSES ALVES DE BRITO,166.440,2820,16.94,98.2,0.701,-,30639539.44,29571073.81,31047.5,
Santa Tereza de Goi&aacute;s,5219605,santerezino,LEIA MENDONCA DOS REIS BORGES,789.544,3293,4.17,95.1,0.665,48.78,33174996.04,28059788.31,27303.62,
Santa Terezinha de Goi&aacute;s,5219704,terezinhense,KARLA CRISTINA MOREIRA ALVES,1206.600,10645,8.82,95.8,0.701,10.1,62920613.28,54653951.29,22756.37,
Santo Ant&ocirc;nio da Barra,5219712,santatoniense,JOS&Eacute; C&Acirc;NDIDO DO NASCIMENTO,450.336,4267,9.48,96,0.691,83.33,53518342.93,45093827.11,65696,
Santo Ant&ocirc;nio de Goi&aacute;s,5219738,santoantoniense,KLEBER COSME DE FREITAS,135.022,7386,54.70,97.1,0.723,14.29,52077034.19,47447877.41,23484.36,
Santo Ant&ocirc;nio do Descoberto,5219753,descobertense,JESSICA APARECIDA RIBEIRO GOMES,943.948,72127,76.41,96.9,0.665,12.44,223060328.79,206931389.90,10740.31,
S&atilde;o Domingos,5219803,dominicano,GILVANIR CARDOSO DOS REIS,3335.999,9711,2.91,96.7,0.597,27.52,58595564.87,56291954.89,15501.28,
S&atilde;o Francisco de Goi&aacute;s,5219902,franciscano,CLEUTON GOMES DE MOURA,416.535,6378,15.31,96.4,0.651,-,44308214.37,40295576.26,20843.18,
S&atilde;o Jo&atilde;o d'Alian&ccedil;a,5220009,s&atilde;o-joanense,GENIVAM GON&Ccedil;ALVES DOS SANTOS,3334.455,14041,4.21,96,0.685,6.99,71951191.59,75708349.52,39519.42,
S&atilde;o Jo&atilde;o da Para&uacute;na,5220058,joanino,UBIRAJARA ANT&Ocirc;NIO DUARTE JUNIOR,286.979,1774,6.18,98.3,0.724,-,22758738.79,24263814.99,106413.74,
S&atilde;o Lu&iacute;s de Montes Belos,5220108,monte-belense,JORCELINO MARQUES PALMEIRA JUNIOR,829.620,33852,40.80,99.3,0.731,9.8,188088432.21,191394817.10,43113.66,
S&atilde;o Luiz do Norte,5220157,s&atilde;o-luizense,ELIEUDES DIAS DE MORAES,583.832,4837,8.28,98.7,0.669,30.77,40792741.85,37571818.81,26105.86,
S&atilde;o Miguel do Araguaia,5220207,s&atilde;o-miguelense,JERONYMO JOS&Eacute; DE SIQUEIRA NETO,6150.179,21900,3.56,96.6,0.664,6.8,129391484.32,128972672.30,31652.35,
S&atilde;o Miguel do Passa Quatro,5220264,passa-quatrense,GILMAR PEREIRA DE SOUZA,537.347,4464,8.31,98.1,0.697,60,38699604.39,33388774.82,77155.36,
S&atilde;o Patr&iacute;cio,5220280,sampatriciense,DANILO MAX DE SOUZA COSTA,172.763,2143,12.40,98.6,0.693,-,33197321.56,25040106.45,26200.79,
S&atilde;o Sim&atilde;o,5220405,canalense,WALLISSON JOSE DE FREITAS,415.015,17020,41.01,97.3,0.720,32.43,147771202.68,144332609.00,67212.38,
Senador Canedo,5220454,canedense,FERNANDO PELLOZO,247.005,155635,630.09,96.8,0.701,13.48,998240831.92,860095811.40,39235.95,
Serran&oacute;polis,5220504,serranopolino,ZILMAR FERREIRA DA SILVA CARVALHO,5521.774,8027,1.45,97.1,0.681,10.1,81533230.84,71316709.49,74691.15,
Silv&acirc;nia,5220603,silvaniense,CARLOS JOS&Eacute; MAYER DOS SANTOS,2349.924,22245,9.47,97.4,0.709,11.63,125435875.33,135472759.50,62830.64,
Simol&acirc;ndia,5220686,simolandense,ILDETE GOMES FERREIRA,346.811,5742,16.56,97.5,0.645,13.51,31658605.99,25610742.16,25136.64,
S&iacute;tio d'Abadia,5220702,sitiense,ORLANDO JOSE DA SILVA NETO,1611.851,2927,1.82,97.6,0.617,-,30813015.22,24248057.64,24972.69,
Taquaral de Goi&aacute;s,5221007,taquaralense,LORENA MACHADO NERI,205.665,4026,19.58,98.4,0.716,-,31113980.34,22982833.83,25470.46,
Teresina de Goi&aacute;s,5221080,teresinense,KLEVERTON BARBOSA DE MELLO,784.793,2701,3.44,97.2,0.661,-,30000862.09,27278955.07,11057.61,
Terez&oacute;polis de Goi&aacute;s,5221197,terezopolino,FHELIPE OLIVEIRA DE ALMEIDA SOUZA,107.407,7944,73.96,98.4,0.685,10,43348472.07,41462985.99,25350.44,
Tr&ecirc;s Ranchos,5221304,triranchense,HAROLDO CALA&Ccedil;A COELHO,284.034,2921,10.28,100,0.745,43.48,33352992.89,31689732.65,22565.69,
Trindade,5221403,trindadense,MARDEN GABRIEL ALVES DE AGUIAR J&Uacute;NIOR,712.690,142431,199.85,96.4,0.699,18.52,178167172.37,241417446.40,20200.76,
Trombas,5221452,trombense,DELVAIR RAMOS MARINHO,802.905,3120,3.89,97.1,0.653,-,28472027.48,25657381.89,20052.54,
Turv&acirc;nia,5221502,turvaniense,JADIR DIAS POLICARPIO,482.317,4480,9.29,97.6,0.697,-,26486123.48,30088404.34,45157.61,
Turvel&acirc;ndia,5221551,turvelandense,OSELIA LUCIA DE CARVALHO ALVES,935.659,4985,5.33,98.1,0.691,54.55,60828917.06,51196227.95,103995.03,
Uirapuru,5221577,uirapuruense,ELIVAN RIBEIRO DOS SANTOS,1154.305,2798,2.42,97.7,0.670,114.29,33836466.02,28204011.33,27365.87,
Urua&ccedil;u,5221601,urua&ccedil;uense,AZARIAS MACHADO NETO,2142.484,42546,19.86,95.6,0.737,20.72,200839136.31,184454696.70,31588.72,
Uruana,5221700,uruanense,NEI DOS REIS CRUZ,522.904,13729,26.26,94.9,0.703,8.26,88131378.57,75843883.68,21337.92,
Uruta&iacute;,5221809,uruta&iacute;no,ALEXANDRE DE ARA&Uacute;JO SILVA,623.821,3553,5.70,97.3,0.732,62.5,28927176.36,33562996.50,53927.59,
Valpara&iacute;so de Goi&aacute;s,5221858,valparaisense,MARCUS VINICIUS MENDES FERREIRA,61.488,198861,3234.14,96.8,0.746,16.38,680814471.98,662785857.40,16870.66,
Varj&atilde;o,5221908,varj&atilde;oense,DIOGO GUIMAR&Atilde;ES DE ALMEIDA,517.402,3716,7.18,97.9,0.687,-,32094382.75,29200297.92,27309.69,
Vian&oacute;polis,5222005,vianopolino,MARCELO UMBELINO DE REZENDE,954.115,14956,15.68,98.6,0.712,23.53,89529358.14,82457279.29,60900.61,
Vicentin&oacute;polis,5222054,vicentinopolino,ARIOVALDO JESUS DE CARVALHO,733.794,8768,11.95,99.1,0.684,33.06,76275976.24,67919953.45,53340.72,
Vila Boa,5222203,vilaboense,RUBENS FRANCISCO LOPES,1052.593,4215,4.00,96,0.647,25,39782351.77,35751060.70,27886.97,
Vila Prop&iacute;cio,5222302,propiciense,WALDILEI JOSE DE LEMOS,2181.593,5815,2.67,96.9,0.634,-,55029562.19,46711795.38,51845.31,